ts,phase,stage,uncertainty_index,request,vehicle,table_number,table_id,dynamic_t_begin,duration_type,gt_mean,phase_label,oracle_ctx_mode,delay_tolerance,severity,passed_terminals,current_time,action,reward,action_meaning,feasible,source,p_action1,algo,regime_id,context_id,drift_score,belief_smooth_penalty,value_residual,delta_t,policy_kl,action_prob,entropy,bootstrap,trust_region_scaled,trust_region_scale,gate_prob_0_mean,gate_prob_1_mean,gate_entropy_mean,expert0_action1_prob_mean,expert1_action1_prob_mean,expert_selected_ratio,moe_div_mean,pdi_future_mean,pdi_pref_mean,pdi_hard_mean,pdi_fail0_mean,pdi_fail1_mean,stage_family,matched,run_label,run_dir,distribution,seed,algorithm,algo_version,reward_pos,action1,action0,semantic_action,wait_like,engage_like,ts_decision,ts_reward,run_id,decision_seq,decision_id,stage_mode,pair_index,impl_stream,impl_list_idx,h_index,severity_bucket
,implement,unmatched,0,3000000000012,90,949,,1,mix_mu_5_40_terminal_dependent,90,B,,,,,,0,,,,RL,0.0010403160704299,,,,,,,,,,,,,,,,,,,,,,,,,,unknown,0,PLR_UED,a:\MYpython\34959_RL\codes\nexus\local_adaptive_o10_90_s42_rerun2\run_20260305_092522_719454_R30_O_10_90_PLR_UED_S42,O_10_90,42,PPO_NEW,v3,0,0,1,unknown,0,0,1772699664.0924797,1772699664.1532464,run_20260305_092522_719454_R30_O_10_90_PLR_UED_S42,200.0,run_20260305_092522_719454_R30_O_10_90_PLR_UED_S42|implement|200,eval_only,0.0,,,-1.0,unknown
,implement,receive_reward,1,3000000000022,114,984,,2,mix_mu_5_40_terminal_dependent,90,B,,,5.0,,99,0,0.0,,,RL,0.0010350287193432,,B,B|gt_mean=90,,,,,,,,,,,,,,,,,,,,,,,removal,1,PLR_UED,a:\MYpython\34959_RL\codes\nexus\local_adaptive_o10_90_s42_rerun2\run_20260305_092522_719454_R30_O_10_90_PLR_UED_S42,O_10_90,42,PPO_NEW,v3,0,0,1,wait,1,0,1772698389.6238017,1772698462.0335803,run_20260305_092522_719454_R30_O_10_90_PLR_UED_S42,72.0,run_20260305_092522_719454_R30_O_10_90_PLR_UED_S42|implement|72,eval_only,0.0,removal,69.0,68.0,mid(4-5)
,implement,receive_reward,1,3000000000005,113,984,,2,mix_mu_5_40_terminal_dependent,90,B,,,5.0,,99,1,1.0,,,RL,0.9903124570846558,,B,B|gt_mean=90,,,,,,,,,,,,,,,,,,,,,,,removal,1,PLR_UED,a:\MYpython\34959_RL\codes\nexus\local_adaptive_o10_90_s42_rerun2\run_20260305_092522_719454_R30_O_10_90_PLR_UED_S42,O_10_90,42,PPO_NEW,v3,1,1,0,remove,0,1,1772698389.1272516,1772698461.4435525,run_20260305_092522_719454_R30_O_10_90_PLR_UED_S42,71.0,run_20260305_092522_719454_R30_O_10_90_PLR_UED_S42|implement|71,eval_only,0.0,removal,68.0,67.0,mid(4-5)
,implement,receive_reward,1,3000000000006,109,984,,2,mix_mu_5_40_terminal_dependent,90,B,,,5.0,,99,0,0.0,,,RL,0.00103438005317,,B,B|gt_mean=90,,,,,,,,,,,,,,,,,,,,,,,removal,1,PLR_UED,a:\MYpython\34959_RL\codes\nexus\local_adaptive_o10_90_s42_rerun2\run_20260305_092522_719454_R30_O_10_90_PLR_UED_S42,O_10_90,42,PPO_NEW,v3,0,0,1,wait,1,0,1772698389.0324688,1772698460.901656,run_20260305_092522_719454_R30_O_10_90_PLR_UED_S42,70.0,run_20260305_092522_719454_R30_O_10_90_PLR_UED_S42|implement|70,eval_only,0.0,removal,67.0,66.0,mid(4-5)
,implement,receive_reward,1,3000000000019,114,986,,2,mix_mu_5_40_terminal_dependent,90,B,,,5.0,,120,1,1.0,,,RL,,,B,B|gt_mean=90,,,,,,,,,,,,,,,,,,,,,,,insertion,0,PLR_UED,a:\MYpython\34959_RL\codes\nexus\local_adaptive_o10_90_s42_rerun2\run_20260305_092522_719454_R30_O_10_90_PLR_UED_S42,O_10_90,42,PPO_NEW,v3,1,1,0,non_insert,1,0,1772698387.772007,1772698387.772007,run_20260305_092522_719454_R30_O_10_90_PLR_UED_S42,69.0,run_20260305_092522_719454_R30_O_10_90_PLR_UED_S42|implement|69,eval_only,,insertion,1.0,-1.0,mid(4-5)
,implement,receive_reward,0,3000000000016,38,986,,2,mix_mu_5_40_terminal_dependent,90,B,,,5.0,,2,0,0.0,,,RL,,,B,B|gt_mean=90,,,,,,,,,,,,,,,,,,,,,,,removal,0,PLR_UED,a:\MYpython\34959_RL\codes\nexus\local_adaptive_o10_90_s42_rerun2\run_20260305_092522_719454_R30_O_10_90_PLR_UED_S42,O_10_90,42,PPO_NEW,v3,0,0,1,wait,1,0,1772698387.7690077,1772698387.7690077,run_20260305_092522_719454_R30_O_10_90_PLR_UED_S42,68.0,run_20260305_092522_719454_R30_O_10_90_PLR_UED_S42|implement|68,eval_only,,removal,66.0,-1.0,mid(4-5)
,implement,receive_reward,1,3000000000022,114,986,,2,mix_mu_5_40_terminal_dependent,90,B,,,5.0,,120,0,0.0,,,RL,0.0010409143287688,,B,B|gt_mean=90,,,,,,,,,,,,,,,,,,,,,,,removal,1,PLR_UED,a:\MYpython\34959_RL\codes\nexus\local_adaptive_o10_90_s42_rerun2\run_20260305_092522_719454_R30_O_10_90_PLR_UED_S42,O_10_90,42,PPO_NEW,v3,0,0,1,wait,1,0,1772698387.2950518,1772698387.7660062,run_20260305_092522_719454_R30_O_10_90_PLR_UED_S42,67.0,run_20260305_092522_719454_R30_O_10_90_PLR_UED_S42|implement|67,eval_only,0.0,removal,65.0,65.0,mid(4-5)
,implement,receive_reward,1,3000000000019,114,986,,2,mix_mu_5_40_terminal_dependent,90,B,,,5.0,,120,1,1.0,,,RL,0.0034414823167026,,B,B|gt_mean=90,,,,,,,,,,,,,,,,,,,,,,,removal,1,PLR_UED,a:\MYpython\34959_RL\codes\nexus\local_adaptive_o10_90_s42_rerun2\run_20260305_092522_719454_R30_O_10_90_PLR_UED_S42,O_10_90,42,PPO_NEW,v3,1,1,0,remove,0,1,1772698359.7953093,1772698387.6641843,run_20260305_092522_719454_R30_O_10_90_PLR_UED_S42,66.0,run_20260305_092522_719454_R30_O_10_90_PLR_UED_S42|implement|66,eval_only,0.0,removal,64.0,64.0,mid(4-5)
,implement,receive_reward,1,3000000000029,111,986,,2,mix_mu_5_40_terminal_dependent,90,B,,,5.0,,120,0,0.0,,,RL,0.9983342289924622,,B,B|gt_mean=90,,,,,,,,,,,,,,,,,,,,,,,removal,1,PLR_UED,a:\MYpython\34959_RL\codes\nexus\local_adaptive_o10_90_s42_rerun2\run_20260305_092522_719454_R30_O_10_90_PLR_UED_S42,O_10_90,42,PPO_NEW,v3,0,0,1,wait,1,0,1772698359.3917472,1772698387.3773448,run_20260305_092522_719454_R30_O_10_90_PLR_UED_S42,65.0,run_20260305_092522_719454_R30_O_10_90_PLR_UED_S42|implement|65,eval_only,0.0,removal,63.0,63.0,mid(4-5)
,implement,receive_reward,0,3000000000012,90,987,,120,mix_mu_5_40_terminal_dependent,90,B,,,6.0,,4,0,0.0,,,RL,0.0010464749066159,,B,B|gt_mean=90,,,,,,,,,,,,,,,,,,,,,,,removal,1,PLR_UED,a:\MYpython\34959_RL\codes\nexus\local_adaptive_o10_90_s42_rerun2\run_20260305_092522_719454_R30_O_10_90_PLR_UED_S42,O_10_90,42,PPO_NEW,v3,0,0,1,wait,1,0,1772698356.5247772,1772698358.9444785,run_20260305_092522_719454_R30_O_10_90_PLR_UED_S42,64.0,run_20260305_092522_719454_R30_O_10_90_PLR_UED_S42|implement|64,eval_only,0.0,removal,62.0,62.0,high(6+)
,implement,receive_reward,0,3000000000015,83,987,,120,mix_mu_5_40_terminal_dependent,90,B,,,6.0,,4,0,1.0,,,RL,0.0010357383871451,,B,B|gt_mean=90,,,,,,,,,,,,,,,,,,,,,,,removal,1,PLR_UED,a:\MYpython\34959_RL\codes\nexus\local_adaptive_o10_90_s42_rerun2\run_20260305_092522_719454_R30_O_10_90_PLR_UED_S42,O_10_90,42,PPO_NEW,v3,1,0,1,wait,1,0,1772698354.9988165,1772698358.0117772,run_20260305_092522_719454_R30_O_10_90_PLR_UED_S42,63.0,run_20260305_092522_719454_R30_O_10_90_PLR_UED_S42|implement|63,eval_only,0.0,removal,61.0,61.0,high(6+)
,implement,receive_reward,0,3000000000016,82,987,,120,mix_mu_5_40_terminal_dependent,90,B,,,6.0,,4,0,0.0,,,RL,0.0010430127149447,,B,B|gt_mean=90,,,,,,,,,,,,,,,,,,,,,,,removal,1,PLR_UED,a:\MYpython\34959_RL\codes\nexus\local_adaptive_o10_90_s42_rerun2\run_20260305_092522_719454_R30_O_10_90_PLR_UED_S42,O_10_90,42,PPO_NEW,v3,0,0,1,wait,1,0,1772698354.9228,1772698356.9877615,run_20260305_092522_719454_R30_O_10_90_PLR_UED_S42,62.0,run_20260305_092522_719454_R30_O_10_90_PLR_UED_S42|implement|62,eval_only,0.0,removal,60.0,60.0,high(6+)
,implement,receive_reward,0,3000000000024,79,987,,4,mix_mu_5_40_terminal_dependent,90,B,,,6.0,,2,0,1.0,,,RL,0.0010366875212639,,B,B|gt_mean=90,,,,,,,,,,,,,,,,,,,,,,,removal,1,PLR_UED,a:\MYpython\34959_RL\codes\nexus\local_adaptive_o10_90_s42_rerun2\run_20260305_092522_719454_R30_O_10_90_PLR_UED_S42,O_10_90,42,PPO_NEW,v3,1,0,1,wait,1,0,1772698352.977987,1772698354.4825788,run_20260305_092522_719454_R30_O_10_90_PLR_UED_S42,61.0,run_20260305_092522_719454_R30_O_10_90_PLR_UED_S42|implement|61,eval_only,0.0,removal,59.0,59.0,high(6+)
,implement,receive_reward,0,3000000000018,71,987,,4,mix_mu_5_40_terminal_dependent,90,B,,,6.0,,2,0,1.0,,,RL,0.00104411970824,,B,B|gt_mean=90,,,,,,,,,,,,,,,,,,,,,,,removal,1,PLR_UED,a:\MYpython\34959_RL\codes\nexus\local_adaptive_o10_90_s42_rerun2\run_20260305_092522_719454_R30_O_10_90_PLR_UED_S42,O_10_90,42,PPO_NEW,v3,1,0,1,wait,1,0,1772698314.511713,1772698353.534447,run_20260305_092522_719454_R30_O_10_90_PLR_UED_S42,60.0,run_20260305_092522_719454_R30_O_10_90_PLR_UED_S42|implement|60,eval_only,0.0,removal,58.0,58.0,high(6+)
,implement,receive_reward,1,3000000000005,113,988,,2,mix_mu_5_40_terminal_dependent,90,B,,,5.0,,104,1,1.0,,,RL,0.001042898511514,,B,B|gt_mean=90,,,,,,,,,,,,,,,,,,,,,,,insertion,1,PLR_UED,a:\MYpython\34959_RL\codes\nexus\local_adaptive_o10_90_s42_rerun2\run_20260305_092522_719454_R30_O_10_90_PLR_UED_S42,O_10_90,42,PPO_NEW,v3,1,1,0,non_insert,1,0,1772698312.4794948,1772698314.0704362,run_20260305_092522_719454_R30_O_10_90_PLR_UED_S42,59.0,run_20260305_092522_719454_R30_O_10_90_PLR_UED_S42|implement|59,eval_only,0.0,insertion,0.0,57.0,mid(4-5)
,implement,receive_reward,1,3000000000005,113,988,,2,mix_mu_5_40_terminal_dependent,90,B,,,5.0,,104,1,1.0,,,RL,0.9980735778808594,,B,B|gt_mean=90,,,,,,,,,,,,,,,,,,,,,,,removal,1,PLR_UED,a:\MYpython\34959_RL\codes\nexus\local_adaptive_o10_90_s42_rerun2\run_20260305_092522_719454_R30_O_10_90_PLR_UED_S42,O_10_90,42,PPO_NEW,v3,1,1,0,remove,0,1,1772698264.7829542,1772698313.09538,run_20260305_092522_719454_R30_O_10_90_PLR_UED_S42,58.0,run_20260305_092522_719454_R30_O_10_90_PLR_UED_S42|implement|58,eval_only,0.0,removal,57.0,56.0,mid(4-5)
,implement,receive_reward,0,3000000000028,47,989,,104,mix_mu_5_40_terminal_dependent,90,B,,,6.0,,1,0,1.0,,,RL,0.0010419143363833,,B,B|gt_mean=90,,,,,,,,,,,,,,,,,,,,,,,removal,1,PLR_UED,a:\MYpython\34959_RL\codes\nexus\local_adaptive_o10_90_s42_rerun2\run_20260305_092522_719454_R30_O_10_90_PLR_UED_S42,O_10_90,42,PPO_NEW,v3,1,0,1,wait,1,0,1772698262.1190135,1772698270.0189338,run_20260305_092522_719454_R30_O_10_90_PLR_UED_S42,57.0,run_20260305_092522_719454_R30_O_10_90_PLR_UED_S42|implement|57,eval_only,0.0,removal,56.0,55.0,high(6+)
,implement,receive_reward,0,3000000000026,44,989,,104,mix_mu_5_40_terminal_dependent,90,B,,,6.0,,1,0,0.0,,,RL,0.0010398254962638,,B,B|gt_mean=90,,,,,,,,,,,,,,,,,,,,,,,removal,1,PLR_UED,a:\MYpython\34959_RL\codes\nexus\local_adaptive_o10_90_s42_rerun2\run_20260305_092522_719454_R30_O_10_90_PLR_UED_S42,O_10_90,42,PPO_NEW,v3,0,0,1,wait,1,0,1772698261.9423704,1772698269.1338923,run_20260305_092522_719454_R30_O_10_90_PLR_UED_S42,56.0,run_20260305_092522_719454_R30_O_10_90_PLR_UED_S42|implement|56,eval_only,0.0,removal,55.0,54.0,high(6+)
,implement,receive_reward,0,3000000000022,36,989,,104,mix_mu_5_40_terminal_dependent,90,B,,,6.0,,1,0,1.0,,,RL,0.0010439283214509,,B,B|gt_mean=90,,,,,,,,,,,,,,,,,,,,,,,removal,1,PLR_UED,a:\MYpython\34959_RL\codes\nexus\local_adaptive_o10_90_s42_rerun2\run_20260305_092522_719454_R30_O_10_90_PLR_UED_S42,O_10_90,42,PPO_NEW,v3,1,0,1,wait,1,0,1772698261.7663493,1772698268.3343613,run_20260305_092522_719454_R30_O_10_90_PLR_UED_S42,55.0,run_20260305_092522_719454_R30_O_10_90_PLR_UED_S42|implement|55,eval_only,0.0,removal,54.0,53.0,high(6+)
,implement,receive_reward,0,3000000000019,36,989,,104,mix_mu_5_40_terminal_dependent,90,B,,,6.0,,1,0,1.0,,,RL,0.0010431425180286,,B,B|gt_mean=90,,,,,,,,,,,,,,,,,,,,,,,removal,1,PLR_UED,a:\MYpython\34959_RL\codes\nexus\local_adaptive_o10_90_s42_rerun2\run_20260305_092522_719454_R30_O_10_90_PLR_UED_S42,O_10_90,42,PPO_NEW,v3,1,0,1,wait,1,0,1772698261.6580937,1772698267.3297515,run_20260305_092522_719454_R30_O_10_90_PLR_UED_S42,54.0,run_20260305_092522_719454_R30_O_10_90_PLR_UED_S42|implement|54,eval_only,0.0,removal,53.0,52.0,high(6+)
,implement,receive_reward,0,3000000000004,26,989,,104,mix_mu_5_40_terminal_dependent,90,B,,,6.0,,1,0,1.0,,,RL,0.001042898511514,,B,B|gt_mean=90,,,,,,,,,,,,,,,,,,,,,,,removal,1,PLR_UED,a:\MYpython\34959_RL\codes\nexus\local_adaptive_o10_90_s42_rerun2\run_20260305_092522_719454_R30_O_10_90_PLR_UED_S42,O_10_90,42,PPO_NEW,v3,1,0,1,wait,1,0,1772698261.570097,1772698266.524758,run_20260305_092522_719454_R30_O_10_90_PLR_UED_S42,53.0,run_20260305_092522_719454_R30_O_10_90_PLR_UED_S42|implement|53,eval_only,0.0,removal,52.0,51.0,high(6+)
,implement,receive_reward,0,3000000000005,26,989,,104,mix_mu_5_40_terminal_dependent,90,B,,,6.0,,1,0,1.0,,,RL,0.0010426124790683,,B,B|gt_mean=90,,,,,,,,,,,,,,,,,,,,,,,removal,1,PLR_UED,a:\MYpython\34959_RL\codes\nexus\local_adaptive_o10_90_s42_rerun2\run_20260305_092522_719454_R30_O_10_90_PLR_UED_S42,O_10_90,42,PPO_NEW,v3,1,0,1,wait,1,0,1772698259.627355,1772698265.577787,run_20260305_092522_719454_R30_O_10_90_PLR_UED_S42,52.0,run_20260305_092522_719454_R30_O_10_90_PLR_UED_S42|implement|52,eval_only,0.0,removal,51.0,50.0,high(6+)
,implement,receive_reward,1,3000000000019,114,984,,2,mix_mu_5_40_terminal_dependent,90,B,,,5.0,,99,0,0.0,,,RL,0.0010694222291931,,B,B|gt_mean=90,,,,,,,,,,,,,,,,,,,,,,,removal,1,PLR_UED,a:\MYpython\34959_RL\codes\nexus\local_adaptive_o10_90_s42_rerun2\run_20260305_092522_719454_R30_O_10_90_PLR_UED_S42,O_10_90,42,PPO_NEW,v3,0,0,1,wait,1,0,1772698389.7733748,1772698462.69993,run_20260305_092522_719454_R30_O_10_90_PLR_UED_S42,73.0,run_20260305_092522_719454_R30_O_10_90_PLR_UED_S42|implement|73,eval_only,0.0,removal,70.0,69.0,mid(4-5)
,implement,receive_reward,1,3000000000019,36,989,,1,mix_mu_5_40_terminal_dependent,90,B,,,5.0,,86,1,1.0,,,RL,0.7887736558914185,,B,B|gt_mean=90,,,,,,,,,,,,,,,,,,,,,,,removal,1,PLR_UED,a:\MYpython\34959_RL\codes\nexus\local_adaptive_o10_90_s42_rerun2\run_20260305_092522_719454_R30_O_10_90_PLR_UED_S42,O_10_90,42,PPO_NEW,v3,1,1,0,remove,0,1,1772698228.0580835,1772698261.1765585,run_20260305_092522_719454_R30_O_10_90_PLR_UED_S42,51.0,run_20260305_092522_719454_R30_O_10_90_PLR_UED_S42|implement|51,eval_only,0.0,removal,50.0,49.0,mid(4-5)
,implement,receive_reward,1,3000000000005,113,984,,2,mix_mu_5_40_terminal_dependent,90,B,,,5.0,,99,1,1.0,,,RL,0.0010359223233535,,B,B|gt_mean=90,,,,,,,,,,,,,,,,,,,,,,,insertion,1,PLR_UED,a:\MYpython\34959_RL\codes\nexus\local_adaptive_o10_90_s42_rerun2\run_20260305_092522_719454_R30_O_10_90_PLR_UED_S42,O_10_90,42,PPO_NEW,v3,1,1,0,non_insert,1,0,1772698460.6636004,1772698463.3200314,run_20260305_092522_719454_R30_O_10_90_PLR_UED_S42,74.0,run_20260305_092522_719454_R30_O_10_90_PLR_UED_S42|implement|74,eval_only,0.0,insertion,2.0,70.0,mid(4-5)
,implement,receive_reward,0,3000000000028,99,984,,96,mix_mu_5_40_terminal_dependent,90,B,,,6.0,,2,0,1.0,,,RL,0.0010348649229854,,B,B|gt_mean=90,,,,,,,,,,,,,,,,,,,,,,,removal,1,PLR_UED,a:\MYpython\34959_RL\codes\nexus\local_adaptive_o10_90_s42_rerun2\run_20260305_092522_719454_R30_O_10_90_PLR_UED_S42,O_10_90,42,PPO_NEW,v3,1,0,1,wait,1,0,1772698465.2438557,1772698465.988616,run_20260305_092522_719454_R30_O_10_90_PLR_UED_S42,76.0,run_20260305_092522_719454_R30_O_10_90_PLR_UED_S42|implement|76,eval_only,0.0,removal,72.0,72.0,high(6+)
,implement,receive_reward,0,3000000000021,70,978,,52,mix_mu_5_40_terminal_dependent,90,B,,,6.0,,2,0,0.0,,,RL,0.0010398220038041,,B,B|gt_mean=90,,,,,,,,,,,,,,,,,,,,,,,removal,1,PLR_UED,a:\MYpython\34959_RL\codes\nexus\local_adaptive_o10_90_s42_rerun2\run_20260305_092522_719454_R30_O_10_90_PLR_UED_S42,O_10_90,42,PPO_NEW,v3,0,0,1,wait,1,0,1772698635.3729646,1772698669.6734176,run_20260305_092522_719454_R30_O_10_90_PLR_UED_S42,97.0,run_20260305_092522_719454_R30_O_10_90_PLR_UED_S42|implement|97,eval_only,0.0,removal,93.0,92.0,high(6+)
,implement,receive_reward,1,3000000000019,36,979,,2,mix_mu_5_40_terminal_dependent,90,B,,,6.0,,97,0,0.0,,,RL,0.0240411218255758,,B,B|gt_mean=90,,,,,,,,,,,,,,,,,,,,,,,removal,1,PLR_UED,a:\MYpython\34959_RL\codes\nexus\local_adaptive_o10_90_s42_rerun2\run_20260305_092522_719454_R30_O_10_90_PLR_UED_S42,O_10_90,42,PPO_NEW,v3,0,0,1,wait,1,0,1772698604.0438185,1772698636.830268,run_20260305_092522_719454_R30_O_10_90_PLR_UED_S42,96.0,run_20260305_092522_719454_R30_O_10_90_PLR_UED_S42|implement|96,eval_only,0.0,removal,92.0,91.0,high(6+)
,implement,receive_reward,1,3000000000022,36,979,,2,mix_mu_5_40_terminal_dependent,90,B,,,6.0,,97,0,0.0,,,RL,0.0010361642343923,,B,B|gt_mean=90,,,,,,,,,,,,,,,,,,,,,,,removal,1,PLR_UED,a:\MYpython\34959_RL\codes\nexus\local_adaptive_o10_90_s42_rerun2\run_20260305_092522_719454_R30_O_10_90_PLR_UED_S42,O_10_90,42,PPO_NEW,v3,0,0,1,wait,1,0,1772698597.9360344,1772698635.961439,run_20260305_092522_719454_R30_O_10_90_PLR_UED_S42,95.0,run_20260305_092522_719454_R30_O_10_90_PLR_UED_S42|implement|95,eval_only,0.0,removal,91.0,90.0,high(6+)
,implement,receive_reward,0,3000000000028,47,980,,97,mix_mu_5_40_terminal_dependent,90,B,,,3.0,,1,0,0.0,,,RL,0.0010409143287688,,B,B|gt_mean=90,,,,,,,,,,,,,,,,,,,,,,,removal,1,PLR_UED,a:\MYpython\34959_RL\codes\nexus\local_adaptive_o10_90_s42_rerun2\run_20260305_092522_719454_R30_O_10_90_PLR_UED_S42,O_10_90,42,PPO_NEW,v3,0,0,1,wait,1,0,1772698596.197823,1772698603.579798,run_20260305_092522_719454_R30_O_10_90_PLR_UED_S42,94.0,run_20260305_092522_719454_R30_O_10_90_PLR_UED_S42|implement|94,eval_only,0.0,removal,90.0,89.0,low(2-3)
,implement,receive_reward,0,3000000000000,11,980,,97,mix_mu_5_40_terminal_dependent,90,B,,,3.0,,1,0,1.0,,,RL,0.0010441506747156,,B,B|gt_mean=90,,,,,,,,,,,,,,,,,,,,,,,removal,1,PLR_UED,a:\MYpython\34959_RL\codes\nexus\local_adaptive_o10_90_s42_rerun2\run_20260305_092522_719454_R30_O_10_90_PLR_UED_S42,O_10_90,42,PPO_NEW,v3,1,0,1,wait,1,0,1772698596.1312363,1772698602.8416853,run_20260305_092522_719454_R30_O_10_90_PLR_UED_S42,93.0,run_20260305_092522_719454_R30_O_10_90_PLR_UED_S42|implement|93,eval_only,0.0,removal,89.0,88.0,low(2-3)
,implement,receive_reward,0,3000000000007,10,980,,97,mix_mu_5_40_terminal_dependent,90,B,,,3.0,,1,0,1.0,,,RL,0.0010433993302285,,B,B|gt_mean=90,,,,,,,,,,,,,,,,,,,,,,,removal,1,PLR_UED,a:\MYpython\34959_RL\codes\nexus\local_adaptive_o10_90_s42_rerun2\run_20260305_092522_719454_R30_O_10_90_PLR_UED_S42,O_10_90,42,PPO_NEW,v3,1,0,1,wait,1,0,1772698596.0645125,1772698601.9049134,run_20260305_092522_719454_R30_O_10_90_PLR_UED_S42,92.0,run_20260305_092522_719454_R30_O_10_90_PLR_UED_S42|implement|92,eval_only,0.0,removal,88.0,87.0,low(2-3)
,implement,receive_reward,0,3000000000009,8,980,,97,mix_mu_5_40_terminal_dependent,90,B,,,3.0,,1,0,1.0,,,RL,0.0010433993302285,,B,B|gt_mean=90,,,,,,,,,,,,,,,,,,,,,,,removal,1,PLR_UED,a:\MYpython\34959_RL\codes\nexus\local_adaptive_o10_90_s42_rerun2\run_20260305_092522_719454_R30_O_10_90_PLR_UED_S42,O_10_90,42,PPO_NEW,v3,1,0,1,wait,1,0,1772698596.000489,1772698600.92301,run_20260305_092522_719454_R30_O_10_90_PLR_UED_S42,91.0,run_20260305_092522_719454_R30_O_10_90_PLR_UED_S42|implement|91,eval_only,0.0,removal,87.0,86.0,low(2-3)
,implement,receive_reward,0,3000000000014,7,980,,97,mix_mu_5_40_terminal_dependent,90,B,,,3.0,,1,0,0.0,,,RL,0.0010400438914075,,B,B|gt_mean=90,,,,,,,,,,,,,,,,,,,,,,,removal,1,PLR_UED,a:\MYpython\34959_RL\codes\nexus\local_adaptive_o10_90_s42_rerun2\run_20260305_092522_719454_R30_O_10_90_PLR_UED_S42,O_10_90,42,PPO_NEW,v3,0,0,1,wait,1,0,1772698595.945912,1772698600.0091786,run_20260305_092522_719454_R30_O_10_90_PLR_UED_S42,90.0,run_20260305_092522_719454_R30_O_10_90_PLR_UED_S42|implement|90,eval_only,0.0,removal,86.0,85.0,low(2-3)
,implement,receive_reward,0,3000000000008,6,980,,97,mix_mu_5_40_terminal_dependent,90,B,,,3.0,,1,0,0.0,,,RL,0.0010410005925223,,B,B|gt_mean=90,,,,,,,,,,,,,,,,,,,,,,,removal,1,PLR_UED,a:\MYpython\34959_RL\codes\nexus\local_adaptive_o10_90_s42_rerun2\run_20260305_092522_719454_R30_O_10_90_PLR_UED_S42,O_10_90,42,PPO_NEW,v3,0,0,1,wait,1,0,1772698595.8528693,1772698599.090245,run_20260305_092522_719454_R30_O_10_90_PLR_UED_S42,89.0,run_20260305_092522_719454_R30_O_10_90_PLR_UED_S42|implement|89,eval_only,0.0,removal,85.0,84.0,low(2-3)
,implement,receive_reward,0,3000000000003,3,980,,97,mix_mu_5_40_terminal_dependent,90,B,,,3.0,,1,0,0.0,,,RL,0.0010350119555369,,B,B|gt_mean=90,,,,,,,,,,,,,,,,,,,,,,,removal,1,PLR_UED,a:\MYpython\34959_RL\codes\nexus\local_adaptive_o10_90_s42_rerun2\run_20260305_092522_719454_R30_O_10_90_PLR_UED_S42,O_10_90,42,PPO_NEW,v3,0,0,1,wait,1,0,1772698595.7886033,1772698598.2918415,run_20260305_092522_719454_R30_O_10_90_PLR_UED_S42,88.0,run_20260305_092522_719454_R30_O_10_90_PLR_UED_S42|implement|88,eval_only,0.0,removal,84.0,83.0,low(2-3)
,implement,receive_reward,1,3000000000005,113,981,,85,mix_mu_5_40_terminal_dependent,90,B,,,4.0,,85,0,0.0,,,RL,0.0010342282475903,,B,B|gt_mean=90,,,,,,,,,,,,,,,,,,,,,,,removal,1,PLR_UED,a:\MYpython\34959_RL\codes\nexus\local_adaptive_o10_90_s42_rerun2\run_20260305_092522_719454_R30_O_10_90_PLR_UED_S42,O_10_90,42,PPO_NEW,v3,0,0,1,wait,1,0,1772698562.2971246,1772698562.4989405,run_20260305_092522_719454_R30_O_10_90_PLR_UED_S42,87.0,run_20260305_092522_719454_R30_O_10_90_PLR_UED_S42|implement|87,eval_only,0.0,removal,83.0,82.0,mid(4-5)
,implement,receive_reward,0,3000000000016,38,981,,85,mix_mu_5_40_terminal_dependent,90,B,,,4.0,,4,0,1.0,,,RL,0.0010424285428598,,B,B|gt_mean=90,,,,,,,,,,,,,,,,,,,,,,,removal,1,PLR_UED,a:\MYpython\34959_RL\codes\nexus\local_adaptive_o10_90_s42_rerun2\run_20260305_092522_719454_R30_O_10_90_PLR_UED_S42,O_10_90,42,PPO_NEW,v3,1,0,1,wait,1,0,1772698560.8925767,1772698562.3697467,run_20260305_092522_719454_R30_O_10_90_PLR_UED_S42,86.0,run_20260305_092522_719454_R30_O_10_90_PLR_UED_S42|implement|86,eval_only,0.0,removal,82.0,81.0,mid(4-5)
,implement,receive_reward,1,3000000000001,60,982,,60,mix_mu_5_40_terminal_dependent,90,B,,,5.0,,60,0,1.0,,,RL,0.0010412500705569,,B,B|gt_mean=90,,,,,,,,,,,,,,,,,,,,,,,removal,1,PLR_UED,a:\MYpython\34959_RL\codes\nexus\local_adaptive_o10_90_s42_rerun2\run_20260305_092522_719454_R30_O_10_90_PLR_UED_S42,O_10_90,42,PPO_NEW,v3,1,0,1,wait,1,0,1772698531.807124,1772698532.2452705,run_20260305_092522_719454_R30_O_10_90_PLR_UED_S42,85.0,run_20260305_092522_719454_R30_O_10_90_PLR_UED_S42|implement|85,eval_only,0.0,removal,81.0,80.0,mid(4-5)
,implement,receive_reward,0,3000000000016,38,982,,60,mix_mu_5_40_terminal_dependent,90,B,,,5.0,,2,0,1.0,,,RL,0.0010430496186017,,B,B|gt_mean=90,,,,,,,,,,,,,,,,,,,,,,,removal,1,PLR_UED,a:\MYpython\34959_RL\codes\nexus\local_adaptive_o10_90_s42_rerun2\run_20260305_092522_719454_R30_O_10_90_PLR_UED_S42,O_10_90,42,PPO_NEW,v3,1,0,1,wait,1,0,1772698530.0011687,1772698532.2402613,run_20260305_092522_719454_R30_O_10_90_PLR_UED_S42,84.0,run_20260305_092522_719454_R30_O_10_90_PLR_UED_S42|implement|84,eval_only,0.0,removal,80.0,79.0,mid(4-5)
,implement,receive_reward,0,3000000000019,36,982,,60,mix_mu_5_40_terminal_dependent,90,B,,,5.0,,2,0,1.0,,,RL,0.001044922391884,,B,B|gt_mean=90,,,,,,,,,,,,,,,,,,,,,,,removal,1,PLR_UED,a:\MYpython\34959_RL\codes\nexus\local_adaptive_o10_90_s42_rerun2\run_20260305_092522_719454_R30_O_10_90_PLR_UED_S42,O_10_90,42,PPO_NEW,v3,1,0,1,wait,1,0,1772698529.927082,1772698532.232739,run_20260305_092522_719454_R30_O_10_90_PLR_UED_S42,83.0,run_20260305_092522_719454_R30_O_10_90_PLR_UED_S42|implement|83,eval_only,0.0,removal,79.0,78.0,mid(4-5)
,implement,receive_reward,0,3000000000022,36,982,,60,mix_mu_5_40_terminal_dependent,90,B,,,5.0,,2,0,1.0,,,RL,0.0010455197189003,,B,B|gt_mean=90,,,,,,,,,,,,,,,,,,,,,,,removal,1,PLR_UED,a:\MYpython\34959_RL\codes\nexus\local_adaptive_o10_90_s42_rerun2\run_20260305_092522_719454_R30_O_10_90_PLR_UED_S42,O_10_90,42,PPO_NEW,v3,1,0,1,wait,1,0,1772698529.8610775,1772698532.2163982,run_20260305_092522_719454_R30_O_10_90_PLR_UED_S42,82.0,run_20260305_092522_719454_R30_O_10_90_PLR_UED_S42|implement|82,eval_only,0.0,removal,78.0,77.0,mid(4-5)
,implement,receive_reward,0,3000000000020,34,982,,60,mix_mu_5_40_terminal_dependent,90,B,,,5.0,,2,0,0.0,,,RL,0.0010366163915023,,B,B|gt_mean=90,,,,,,,,,,,,,,,,,,,,,,,removal,1,PLR_UED,a:\MYpython\34959_RL\codes\nexus\local_adaptive_o10_90_s42_rerun2\run_20260305_092522_719454_R30_O_10_90_PLR_UED_S42,O_10_90,42,PPO_NEW,v3,0,0,1,wait,1,0,1772698529.795498,1772698531.8156426,run_20260305_092522_719454_R30_O_10_90_PLR_UED_S42,81.0,run_20260305_092522_719454_R30_O_10_90_PLR_UED_S42|implement|81,eval_only,0.0,removal,77.0,76.0,mid(4-5)
,implement,receive_reward,1,3000000000001,60,983,,101,mix_mu_5_40_terminal_dependent,90,B,,,5.0,,101,0,0.0,,,RL,,,B,B|gt_mean=90,,,,,,,,,,,,,,,,,,,,,,,removal,0,PLR_UED,a:\MYpython\34959_RL\codes\nexus\local_adaptive_o10_90_s42_rerun2\run_20260305_092522_719454_R30_O_10_90_PLR_UED_S42,O_10_90,42,PPO_NEW,v3,0,0,1,wait,1,0,1772698496.5199306,1772698496.5199306,run_20260305_092522_719454_R30_O_10_90_PLR_UED_S42,80.0,run_20260305_092522_719454_R30_O_10_90_PLR_UED_S42|implement|80,eval_only,,removal,76.0,-1.0,mid(4-5)
,implement,receive_reward,1,3000000000029,111,983,,101,mix_mu_5_40_terminal_dependent,90,B,,,5.0,,96,0,0.0,,,RL,0.0010359223233535,,B,B|gt_mean=90,,,,,,,,,,,,,,,,,,,,,,,removal,1,PLR_UED,a:\MYpython\34959_RL\codes\nexus\local_adaptive_o10_90_s42_rerun2\run_20260305_092522_719454_R30_O_10_90_PLR_UED_S42,O_10_90,42,PPO_NEW,v3,0,0,1,wait,1,0,1772698495.970097,1772698496.516927,run_20260305_092522_719454_R30_O_10_90_PLR_UED_S42,79.0,run_20260305_092522_719454_R30_O_10_90_PLR_UED_S42|implement|79,eval_only,0.0,removal,75.0,75.0,mid(4-5)
,implement,receive_reward,1,3000000000006,109,983,,101,mix_mu_5_40_terminal_dependent,90,B,,,5.0,,96,0,0.0,,,RL,0.0010352116078138,,B,B|gt_mean=90,,,,,,,,,,,,,,,,,,,,,,,removal,1,PLR_UED,a:\MYpython\34959_RL\codes\nexus\local_adaptive_o10_90_s42_rerun2\run_20260305_092522_719454_R30_O_10_90_PLR_UED_S42,O_10_90,42,PPO_NEW,v3,0,0,1,wait,1,0,1772698466.4212449,1772698496.4873877,run_20260305_092522_719454_R30_O_10_90_PLR_UED_S42,78.0,run_20260305_092522_719454_R30_O_10_90_PLR_UED_S42|implement|78,eval_only,0.0,removal,74.0,74.0,mid(4-5)
,implement,receive_reward,1,3000000000024,100,983,,101,mix_mu_5_40_terminal_dependent,90,B,,,5.0,,96,0,0.0,,,RL,0.0010372595861554,,B,B|gt_mean=90,,,,,,,,,,,,,,,,,,,,,,,removal,1,PLR_UED,a:\MYpython\34959_RL\codes\nexus\local_adaptive_o10_90_s42_rerun2\run_20260305_092522_719454_R30_O_10_90_PLR_UED_S42,O_10_90,42,PPO_NEW,v3,0,0,1,wait,1,0,1772698466.3575797,1772698496.0792692,run_20260305_092522_719454_R30_O_10_90_PLR_UED_S42,77.0,run_20260305_092522_719454_R30_O_10_90_PLR_UED_S42|implement|77,eval_only,0.0,removal,73.0,73.0,mid(4-5)
,implement,receive_reward,0,3000000000023,92,984,,96,mix_mu_5_40_terminal_dependent,90,B,,,6.0,,2,0,0.0,,,RL,0.0010408256202936,,B,B|gt_mean=90,,,,,,,,,,,,,,,,,,,,,,,removal,1,PLR_UED,a:\MYpython\34959_RL\codes\nexus\local_adaptive_o10_90_s42_rerun2\run_20260305_092522_719454_R30_O_10_90_PLR_UED_S42,O_10_90,42,PPO_NEW,v3,0,0,1,wait,1,0,1772698463.675773,1772698465.568458,run_20260305_092522_719454_R30_O_10_90_PLR_UED_S42,75.0,run_20260305_092522_719454_R30_O_10_90_PLR_UED_S42|implement|75,eval_only,0.0,removal,71.0,71.0,high(6+)
,implement,receive_reward,0,3000000000018,71,978,,52,mix_mu_5_40_terminal_dependent,90,B,,,6.0,,2,0,0.0,,,RL,0.001040514674969,,B,B|gt_mean=90,,,,,,,,,,,,,,,,,,,,,,,removal,1,PLR_UED,a:\MYpython\34959_RL\codes\nexus\local_adaptive_o10_90_s42_rerun2\run_20260305_092522_719454_R30_O_10_90_PLR_UED_S42,O_10_90,42,PPO_NEW,v3,0,0,1,wait,1,0,1772698637.2815628,1772698670.6530902,run_20260305_092522_719454_R30_O_10_90_PLR_UED_S42,98.0,run_20260305_092522_719454_R30_O_10_90_PLR_UED_S42|implement|98,eval_only,0.0,removal,94.0,93.0,high(6+)
,implement,receive_reward,1,3000000000022,36,989,,1,mix_mu_5_40_terminal_dependent,90,B,,,5.0,,86,0,0.0,,,RL,0.0010360428132116,,B,B|gt_mean=90,,,,,,,,,,,,,,,,,,,,,,,removal,1,PLR_UED,a:\MYpython\34959_RL\codes\nexus\local_adaptive_o10_90_s42_rerun2\run_20260305_092522_719454_R30_O_10_90_PLR_UED_S42,O_10_90,42,PPO_NEW,v3,0,0,1,wait,1,0,1772698227.2643993,1772698260.2245064,run_20260305_092522_719454_R30_O_10_90_PLR_UED_S42,50.0,run_20260305_092522_719454_R30_O_10_90_PLR_UED_S42|implement|50,eval_only,0.0,removal,49.0,48.0,mid(4-5)
,implement,receive_reward,1,3000000000015,83,993,,87,mix_mu_5_40_terminal_dependent,90,B,,,5.0,,87,0,0.0,,,RL,,,B,B|gt_mean=90,,,,,,,,,,,,,,,,,,,,,,,removal,0,PLR_UED,a:\MYpython\34959_RL\codes\nexus\local_adaptive_o10_90_s42_rerun2\run_20260305_092522_719454_R30_O_10_90_PLR_UED_S42,O_10_90,42,PPO_NEW,v3,0,0,1,wait,1,0,1772698130.5029938,1772698130.5029938,run_20260305_092522_719454_R30_O_10_90_PLR_UED_S42,48.0,run_20260305_092522_719454_R30_O_10_90_PLR_UED_S42|implement|48,eval_only,,removal,47.0,-1.0,mid(4-5)
,implement,receive_reward,1,3000000000029,111,995,,2,mix_mu_5_40_terminal_dependent,90,B,,,5.0,,70,0,1.0,,,RL,0.0010423547355458,,B,B|gt_mean=90,,,,,,,,,,,,,,,,,,,,,,,removal,1,PLR_UED,a:\MYpython\34959_RL\codes\nexus\local_adaptive_o10_90_s42_rerun2\run_20260305_092522_719454_R30_O_10_90_PLR_UED_S42,O_10_90,42,PPO_NEW,v3,1,0,1,wait,1,0,1772698003.1804788,1772698044.5807974,run_20260305_092522_719454_R30_O_10_90_PLR_UED_S42,22.0,run_20260305_092522_719454_R30_O_10_90_PLR_UED_S42|implement|22,eval_only,0.0,removal,21.0,21.0,mid(4-5)
,implement,receive_reward,0,3000000000010,28,996,,70,mix_mu_5_40_terminal_dependent,90,B,,,4.0,,4,0,1.0,,,RL,0.0010443151695653,,B,B|gt_mean=90,,,,,,,,,,,,,,,,,,,,,,,removal,1,PLR_UED,a:\MYpython\34959_RL\codes\nexus\local_adaptive_o10_90_s42_rerun2\run_20260305_092522_719454_R30_O_10_90_PLR_UED_S42,O_10_90,42,PPO_NEW,v3,1,0,1,wait,1,0,1772698001.0041587,1772698008.0013492,run_20260305_092522_719454_R30_O_10_90_PLR_UED_S42,21.0,run_20260305_092522_719454_R30_O_10_90_PLR_UED_S42|implement|21,eval_only,0.0,removal,20.0,20.0,mid(4-5)
,implement,receive_reward,0,3000000000005,26,996,,70,mix_mu_5_40_terminal_dependent,90,B,,,4.0,,4,0,1.0,,,RL,0.0010428677778691,,B,B|gt_mean=90,,,,,,,,,,,,,,,,,,,,,,,removal,1,PLR_UED,a:\MYpython\34959_RL\codes\nexus\local_adaptive_o10_90_s42_rerun2\run_20260305_092522_719454_R30_O_10_90_PLR_UED_S42,O_10_90,42,PPO_NEW,v3,1,0,1,wait,1,0,1772698000.9251611,1772698007.6487105,run_20260305_092522_719454_R30_O_10_90_PLR_UED_S42,20.0,run_20260305_092522_719454_R30_O_10_90_PLR_UED_S42|implement|20,eval_only,0.0,removal,19.0,19.0,mid(4-5)
,implement,receive_reward,0,3000000000004,26,996,,70,mix_mu_5_40_terminal_dependent,90,B,,,4.0,,4,0,1.0,,,RL,0.0010431940900161,,B,B|gt_mean=90,,,,,,,,,,,,,,,,,,,,,,,removal,1,PLR_UED,a:\MYpython\34959_RL\codes\nexus\local_adaptive_o10_90_s42_rerun2\run_20260305_092522_719454_R30_O_10_90_PLR_UED_S42,O_10_90,42,PPO_NEW,v3,1,0,1,wait,1,0,1772698000.8467982,1772698007.2958453,run_20260305_092522_719454_R30_O_10_90_PLR_UED_S42,19.0,run_20260305_092522_719454_R30_O_10_90_PLR_UED_S42|implement|19,eval_only,0.0,removal,18.0,18.0,mid(4-5)
,implement,receive_reward,0,3000000000006,24,996,,70,mix_mu_5_40_terminal_dependent,90,B,,,4.0,,4,0,1.0,,,RL,0.0010440576588734,,B,B|gt_mean=90,,,,,,,,,,,,,,,,,,,,,,,removal,1,PLR_UED,a:\MYpython\34959_RL\codes\nexus\local_adaptive_o10_90_s42_rerun2\run_20260305_092522_719454_R30_O_10_90_PLR_UED_S42,O_10_90,42,PPO_NEW,v3,1,0,1,wait,1,0,1772698000.738005,1772698006.9008443,run_20260305_092522_719454_R30_O_10_90_PLR_UED_S42,18.0,run_20260305_092522_719454_R30_O_10_90_PLR_UED_S42|implement|18,eval_only,0.0,removal,17.0,17.0,mid(4-5)
,implement,receive_reward,0,3000000000017,20,996,,70,mix_mu_5_40_terminal_dependent,90,B,,,4.0,,4,0,1.0,,,RL,0.0010407953523099,,B,B|gt_mean=90,,,,,,,,,,,,,,,,,,,,,,,removal,1,PLR_UED,a:\MYpython\34959_RL\codes\nexus\local_adaptive_o10_90_s42_rerun2\run_20260305_092522_719454_R30_O_10_90_PLR_UED_S42,O_10_90,42,PPO_NEW,v3,1,0,1,wait,1,0,1772698000.6631331,1772698006.508983,run_20260305_092522_719454_R30_O_10_90_PLR_UED_S42,17.0,run_20260305_092522_719454_R30_O_10_90_PLR_UED_S42|implement|17,eval_only,0.0,removal,16.0,16.0,mid(4-5)
,implement,receive_reward,0,3000000000002,18,996,,70,mix_mu_5_40_terminal_dependent,90,B,,,4.0,,4,0,0.0,,,RL,0.0010366830974817,,B,B|gt_mean=90,,,,,,,,,,,,,,,,,,,,,,,removal,1,PLR_UED,a:\MYpython\34959_RL\codes\nexus\local_adaptive_o10_90_s42_rerun2\run_20260305_092522_719454_R30_O_10_90_PLR_UED_S42,O_10_90,42,PPO_NEW,v3,0,0,1,wait,1,0,1772698000.5840497,1772698006.1138308,run_20260305_092522_719454_R30_O_10_90_PLR_UED_S42,16.0,run_20260305_092522_719454_R30_O_10_90_PLR_UED_S42|implement|16,eval_only,0.0,removal,15.0,15.0,mid(4-5)
,implement,receive_reward,0,3000000000011,18,996,,70,mix_mu_5_40_terminal_dependent,90,B,,,4.0,,4,0,1.0,,,RL,0.0010409619426354,,B,B|gt_mean=90,,,,,,,,,,,,,,,,,,,,,,,removal,1,PLR_UED,a:\MYpython\34959_RL\codes\nexus\local_adaptive_o10_90_s42_rerun2\run_20260305_092522_719454_R30_O_10_90_PLR_UED_S42,O_10_90,42,PPO_NEW,v3,1,0,1,wait,1,0,1772698000.5089636,1772698005.7490857,run_20260305_092522_719454_R30_O_10_90_PLR_UED_S42,15.0,run_20260305_092522_719454_R30_O_10_90_PLR_UED_S42|implement|15,eval_only,0.0,removal,14.0,14.0,mid(4-5)
,implement,receive_reward,0,3000000000013,16,996,,70,mix_mu_5_40_terminal_dependent,90,B,,,4.0,,4,0,0.0,,,RL,0.0010345189366489,,B,B|gt_mean=90,,,,,,,,,,,,,,,,,,,,,,,removal,1,PLR_UED,a:\MYpython\34959_RL\codes\nexus\local_adaptive_o10_90_s42_rerun2\run_20260305_092522_719454_R30_O_10_90_PLR_UED_S42,O_10_90,42,PPO_NEW,v3,0,0,1,wait,1,0,1772698000.4290898,1772698005.362619,run_20260305_092522_719454_R30_O_10_90_PLR_UED_S42,14.0,run_20260305_092522_719454_R30_O_10_90_PLR_UED_S42|implement|14,eval_only,0.0,removal,13.0,13.0,mid(4-5)
,implement,receive_reward,0,3000000000000,11,996,,70,mix_mu_5_40_terminal_dependent,90,B,,,4.0,,4,0,1.0,,,RL,0.0010448755929246,,B,B|gt_mean=90,,,,,,,,,,,,,,,,,,,,,,,removal,1,PLR_UED,a:\MYpython\34959_RL\codes\nexus\local_adaptive_o10_90_s42_rerun2\run_20260305_092522_719454_R30_O_10_90_PLR_UED_S42,O_10_90,42,PPO_NEW,v3,1,0,1,wait,1,0,1772698000.3390543,1772698005.0035996,run_20260305_092522_719454_R30_O_10_90_PLR_UED_S42,13.0,run_20260305_092522_719454_R30_O_10_90_PLR_UED_S42|implement|13,eval_only,0.0,removal,12.0,12.0,mid(4-5)
,implement,receive_reward,0,3000000000007,10,996,,70,mix_mu_5_40_terminal_dependent,90,B,,,4.0,,4,0,1.0,,,RL,0.0010442052735015,,B,B|gt_mean=90,,,,,,,,,,,,,,,,,,,,,,,removal,1,PLR_UED,a:\MYpython\34959_RL\codes\nexus\local_adaptive_o10_90_s42_rerun2\run_20260305_092522_719454_R30_O_10_90_PLR_UED_S42,O_10_90,42,PPO_NEW,v3,1,0,1,wait,1,0,1772698000.1951308,1772698004.5817478,run_20260305_092522_719454_R30_O_10_90_PLR_UED_S42,12.0,run_20260305_092522_719454_R30_O_10_90_PLR_UED_S42|implement|12,eval_only,0.0,removal,11.0,11.0,mid(4-5)
,implement,receive_reward,0,3000000000009,8,996,,70,mix_mu_5_40_terminal_dependent,90,B,,,4.0,,4,0,1.0,,,RL,0.0010442052735015,,B,B|gt_mean=90,,,,,,,,,,,,,,,,,,,,,,,removal,1,PLR_UED,a:\MYpython\34959_RL\codes\nexus\local_adaptive_o10_90_s42_rerun2\run_20260305_092522_719454_R30_O_10_90_PLR_UED_S42,O_10_90,42,PPO_NEW,v3,1,0,1,wait,1,0,1772698000.1178818,1772698004.2199783,run_20260305_092522_719454_R30_O_10_90_PLR_UED_S42,11.0,run_20260305_092522_719454_R30_O_10_90_PLR_UED_S42|implement|11,eval_only,0.0,removal,10.0,10.0,mid(4-5)
,implement,receive_reward,0,3000000000014,7,996,,70,mix_mu_5_40_terminal_dependent,90,B,,,4.0,,4,0,1.0,,,RL,0.0010410154936835,,B,B|gt_mean=90,,,,,,,,,,,,,,,,,,,,,,,removal,1,PLR_UED,a:\MYpython\34959_RL\codes\nexus\local_adaptive_o10_90_s42_rerun2\run_20260305_092522_719454_R30_O_10_90_PLR_UED_S42,O_10_90,42,PPO_NEW,v3,1,0,1,wait,1,0,1772698000.0257363,1772698003.9995277,run_20260305_092522_719454_R30_O_10_90_PLR_UED_S42,10.0,run_20260305_092522_719454_R30_O_10_90_PLR_UED_S42|implement|10,eval_only,0.0,removal,9.0,9.0,mid(4-5)
,implement,receive_reward,0,3000000000008,6,996,,70,mix_mu_5_40_terminal_dependent,90,B,,,4.0,,4,0,1.0,,,RL,0.0010419619502499,,B,B|gt_mean=90,,,,,,,,,,,,,,,,,,,,,,,removal,1,PLR_UED,a:\MYpython\34959_RL\codes\nexus\local_adaptive_o10_90_s42_rerun2\run_20260305_092522_719454_R30_O_10_90_PLR_UED_S42,O_10_90,42,PPO_NEW,v3,1,0,1,wait,1,0,1772697999.834261,1772698003.655943,run_20260305_092522_719454_R30_O_10_90_PLR_UED_S42,9.0,run_20260305_092522_719454_R30_O_10_90_PLR_UED_S42|implement|9,eval_only,0.0,removal,8.0,8.0,mid(4-5)
,implement,receive_reward,0,3000000000003,3,996,,70,mix_mu_5_40_terminal_dependent,90,B,,,4.0,,4,0,0.0,,,RL,0.0010352486278861,,B,B|gt_mean=90,,,,,,,,,,,,,,,,,,,,,,,removal,1,PLR_UED,a:\MYpython\34959_RL\codes\nexus\local_adaptive_o10_90_s42_rerun2\run_20260305_092522_719454_R30_O_10_90_PLR_UED_S42,O_10_90,42,PPO_NEW,v3,0,0,1,wait,1,0,1772697999.619156,1772698003.3635647,run_20260305_092522_719454_R30_O_10_90_PLR_UED_S42,8.0,run_20260305_092522_719454_R30_O_10_90_PLR_UED_S42|implement|8,eval_only,0.0,removal,7.0,7.0,mid(4-5)
,implement,receive_reward,1,3000000000005,113,996,,0,mix_mu_5_40_terminal_dependent,90,B,,,6.0,,111,1,1.0,,,RL,0.998375415802002,,B,B|gt_mean=90,,,,,,,,,,,,,,,,,,,,,,,removal,1,PLR_UED,a:\MYpython\34959_RL\codes\nexus\local_adaptive_o10_90_s42_rerun2\run_20260305_092522_719454_R30_O_10_90_PLR_UED_S42,O_10_90,42,PPO_NEW,v3,1,1,0,remove,0,1,1772697948.119555,1772697964.4551203,run_20260305_092522_719454_R30_O_10_90_PLR_UED_S42,7.0,run_20260305_092522_719454_R30_O_10_90_PLR_UED_S42|implement|7,eval_only,0.0,removal,6.0,6.0,high(6+)
,implement,receive_reward,0,3000000000012,90,997,,111,mix_mu_5_40_terminal_dependent,90,B,,,6.0,,3,0,0.0,,,RL,0.0010358917061239,,B,B|gt_mean=90,,,,,,,,,,,,,,,,,,,,,,,removal,1,PLR_UED,a:\MYpython\34959_RL\codes\nexus\local_adaptive_o10_90_s42_rerun2\run_20260305_092522_719454_R30_O_10_90_PLR_UED_S42,O_10_90,42,PPO_NEW,v3,0,0,1,wait,1,0,1772697946.1884549,1772697948.9467592,run_20260305_092522_719454_R30_O_10_90_PLR_UED_S42,6.0,run_20260305_092522_719454_R30_O_10_90_PLR_UED_S42|implement|6,eval_only,0.0,removal,5.0,5.0,high(6+)
,implement,receive_reward,0,3000000000015,83,997,,111,mix_mu_5_40_terminal_dependent,90,B,,,6.0,,3,0,1.0,,,RL,0.0010430524125695,,B,B|gt_mean=90,,,,,,,,,,,,,,,,,,,,,,,removal,1,PLR_UED,a:\MYpython\34959_RL\codes\nexus\local_adaptive_o10_90_s42_rerun2\run_20260305_092522_719454_R30_O_10_90_PLR_UED_S42,O_10_90,42,PPO_NEW,v3,1,0,1,wait,1,0,1772697946.0706882,1772697948.691616,run_20260305_092522_719454_R30_O_10_90_PLR_UED_S42,5.0,run_20260305_092522_719454_R30_O_10_90_PLR_UED_S42|implement|5,eval_only,0.0,removal,4.0,4.0,high(6+)
,implement,receive_reward,0,3000000000016,82,997,,111,mix_mu_5_40_terminal_dependent,90,B,,,6.0,,3,0,0.0,,,RL,0.0010368346702307,,B,B|gt_mean=90,,,,,,,,,,,,,,,,,,,,,,,removal,1,PLR_UED,a:\MYpython\34959_RL\codes\nexus\local_adaptive_o10_90_s42_rerun2\run_20260305_092522_719454_R30_O_10_90_PLR_UED_S42,O_10_90,42,PPO_NEW,v3,0,0,1,wait,1,0,1772697945.4423156,1772697948.3632166,run_20260305_092522_719454_R30_O_10_90_PLR_UED_S42,4.0,run_20260305_092522_719454_R30_O_10_90_PLR_UED_S42|implement|4,eval_only,0.0,removal,3.0,3.0,high(6+)
,implement,receive_reward,1,3000000000019,36,997,,3,mix_mu_5_40_terminal_dependent,90,B,,,6.0,,75,0,0.0,,,RL,0.0010768447536975,,B,B|gt_mean=90,,,,,,,,,,,,,,,,,,,,,,,removal,1,PLR_UED,a:\MYpython\34959_RL\codes\nexus\local_adaptive_o10_90_s42_rerun2\run_20260305_092522_719454_R30_O_10_90_PLR_UED_S42,O_10_90,42,PPO_NEW,v3,0,0,1,wait,1,0,1772697912.8880136,1772697945.8606558,run_20260305_092522_719454_R30_O_10_90_PLR_UED_S42,3.0,run_20260305_092522_719454_R30_O_10_90_PLR_UED_S42|implement|3,eval_only,0.0,removal,2.0,2.0,high(6+)
,implement,receive_reward,1,3000000000022,36,997,,3,mix_mu_5_40_terminal_dependent,90,B,,,6.0,,75,0,0.0,,,RL,0.0010344549082219,,B,B|gt_mean=90,,,,,,,,,,,,,,,,,,,,,,,removal,1,PLR_UED,a:\MYpython\34959_RL\codes\nexus\local_adaptive_o10_90_s42_rerun2\run_20260305_092522_719454_R30_O_10_90_PLR_UED_S42,O_10_90,42,PPO_NEW,v3,0,0,1,wait,1,0,1772697912.541918,1772697945.5892768,run_20260305_092522_719454_R30_O_10_90_PLR_UED_S42,2.0,run_20260305_092522_719454_R30_O_10_90_PLR_UED_S42|implement|2,eval_only,0.0,removal,1.0,1.0,high(6+)
,implement,receive_reward,1,3000000000011,111,995,,2,mix_mu_5_40_terminal_dependent,90,B,,,5.0,,70,0,0.0,,,RL,0.0010710714850574,,B,B|gt_mean=90,,,,,,,,,,,,,,,,,,,,,,,removal,1,PLR_UED,a:\MYpython\34959_RL\codes\nexus\local_adaptive_o10_90_s42_rerun2\run_20260305_092522_719454_R30_O_10_90_PLR_UED_S42,O_10_90,42,PPO_NEW,v3,0,0,1,wait,1,0,1772698008.072226,1772698044.79968,run_20260305_092522_719454_R30_O_10_90_PLR_UED_S42,23.0,run_20260305_092522_719454_R30_O_10_90_PLR_UED_S42|implement|23,eval_only,0.0,removal,22.0,22.0,mid(4-5)
,implement,receive_reward,0,3000000000021,70,990,,86,mix_mu_5_40_terminal_dependent,90,B,,,6.0,,3,0,1.0,,,RL,0.0010419143363833,,B,B|gt_mean=90,,,,,,,,,,,,,,,,,,,,,,,removal,1,PLR_UED,a:\MYpython\34959_RL\codes\nexus\local_adaptive_o10_90_s42_rerun2\run_20260305_092522_719454_R30_O_10_90_PLR_UED_S42,O_10_90,42,PPO_NEW,v3,1,0,1,wait,1,0,1772698225.751924,1772698227.5944116,run_20260305_092522_719454_R30_O_10_90_PLR_UED_S42,49.0,run_20260305_092522_719454_R30_O_10_90_PLR_UED_S42|implement|49,eval_only,0.0,removal,48.0,47.0,high(6+)
,implement,receive_reward,1,3000000000019,114,995,,2,mix_mu_5_40_terminal_dependent,90,B,,,5.0,,70,0,0.0,,,RL,0.0010391793912276,,B,B|gt_mean=90,,,,,,,,,,,,,,,,,,,,,,,removal,1,PLR_UED,a:\MYpython\34959_RL\codes\nexus\local_adaptive_o10_90_s42_rerun2\run_20260305_092522_719454_R30_O_10_90_PLR_UED_S42,O_10_90,42,PPO_NEW,v3,0,0,1,wait,1,0,1772698008.145147,1772698044.9691198,run_20260305_092522_719454_R30_O_10_90_PLR_UED_S42,24.0,run_20260305_092522_719454_R30_O_10_90_PLR_UED_S42|implement|24,eval_only,0.0,removal,23.0,23.0,mid(4-5)
,implement,receive_reward,0,3000000000016,38,995,,2,mix_mu_5_40_terminal_dependent,90,B,,,5.0,,2,0,0.0,,,RL,0.0010409143287688,,B,B|gt_mean=90,,,,,,,,,,,,,,,,,,,,,,,removal,1,PLR_UED,a:\MYpython\34959_RL\codes\nexus\local_adaptive_o10_90_s42_rerun2\run_20260305_092522_719454_R30_O_10_90_PLR_UED_S42,O_10_90,42,PPO_NEW,v3,0,0,1,wait,1,0,1772698044.4027455,1772698045.039973,run_20260305_092522_719454_R30_O_10_90_PLR_UED_S42,26.0,run_20260305_092522_719454_R30_O_10_90_PLR_UED_S42|implement|26,eval_only,0.0,removal,25.0,25.0,mid(4-5)
,implement,receive_reward,0,3000000000010,28,993,,87,mix_mu_5_40_terminal_dependent,90,B,,,5.0,,4,0,1.0,,,RL,0.0010379088344052,,B,B|gt_mean=90,,,,,,,,,,,,,,,,,,,,,,,removal,1,PLR_UED,a:\MYpython\34959_RL\codes\nexus\local_adaptive_o10_90_s42_rerun2\run_20260305_092522_719454_R30_O_10_90_PLR_UED_S42,O_10_90,42,PPO_NEW,v3,1,0,1,wait,1,0,1772698129.888973,1772698130.500063,run_20260305_092522_719454_R30_O_10_90_PLR_UED_S42,47.0,run_20260305_092522_719454_R30_O_10_90_PLR_UED_S42|implement|47,eval_only,0.0,removal,46.0,46.0,mid(4-5)
,implement,receive_reward,0,3000000000005,26,993,,87,mix_mu_5_40_terminal_dependent,90,B,,,5.0,,4,0,1.0,,,RL,0.0010443151695653,,B,B|gt_mean=90,,,,,,,,,,,,,,,,,,,,,,,removal,1,PLR_UED,a:\MYpython\34959_RL\codes\nexus\local_adaptive_o10_90_s42_rerun2\run_20260305_092522_719454_R30_O_10_90_PLR_UED_S42,O_10_90,42,PPO_NEW,v3,1,0,1,wait,1,0,1772698127.2883945,1772698130.4926898,run_20260305_092522_719454_R30_O_10_90_PLR_UED_S42,46.0,run_20260305_092522_719454_R30_O_10_90_PLR_UED_S42|implement|46,eval_only,0.0,removal,45.0,45.0,mid(4-5)
,implement,receive_reward,0,3000000000004,26,993,,87,mix_mu_5_40_terminal_dependent,90,B,,,5.0,,4,0,1.0,,,RL,0.0010428677778691,,B,B|gt_mean=90,,,,,,,,,,,,,,,,,,,,,,,removal,1,PLR_UED,a:\MYpython\34959_RL\codes\nexus\local_adaptive_o10_90_s42_rerun2\run_20260305_092522_719454_R30_O_10_90_PLR_UED_S42,O_10_90,42,PPO_NEW,v3,1,0,1,wait,1,0,1772698127.1432643,1772698130.4750552,run_20260305_092522_719454_R30_O_10_90_PLR_UED_S42,45.0,run_20260305_092522_719454_R30_O_10_90_PLR_UED_S42|implement|45,eval_only,0.0,removal,44.0,44.0,mid(4-5)
,implement,receive_reward,0,3000000000006,24,993,,87,mix_mu_5_40_terminal_dependent,90,B,,,5.0,,4,0,1.0,,,RL,0.0010431940900161,,B,B|gt_mean=90,,,,,,,,,,,,,,,,,,,,,,,removal,1,PLR_UED,a:\MYpython\34959_RL\codes\nexus\local_adaptive_o10_90_s42_rerun2\run_20260305_092522_719454_R30_O_10_90_PLR_UED_S42,O_10_90,42,PPO_NEW,v3,1,0,1,wait,1,0,1772698127.0117934,1772698130.4598365,run_20260305_092522_719454_R30_O_10_90_PLR_UED_S42,44.0,run_20260305_092522_719454_R30_O_10_90_PLR_UED_S42|implement|44,eval_only,0.0,removal,43.0,43.0,mid(4-5)
,implement,receive_reward,0,3000000000017,20,993,,87,mix_mu_5_40_terminal_dependent,90,B,,,5.0,,4,0,0.0,,,RL,0.0010440576588734,,B,B|gt_mean=90,,,,,,,,,,,,,,,,,,,,,,,removal,1,PLR_UED,a:\MYpython\34959_RL\codes\nexus\local_adaptive_o10_90_s42_rerun2\run_20260305_092522_719454_R30_O_10_90_PLR_UED_S42,O_10_90,42,PPO_NEW,v3,0,0,1,wait,1,0,1772698126.9221487,1772698130.4480808,run_20260305_092522_719454_R30_O_10_90_PLR_UED_S42,43.0,run_20260305_092522_719454_R30_O_10_90_PLR_UED_S42|implement|43,eval_only,0.0,removal,42.0,42.0,mid(4-5)
,implement,receive_reward,0,3000000000002,18,993,,87,mix_mu_5_40_terminal_dependent,90,B,,,5.0,,4,0,0.0,,,RL,0.0010407953523099,,B,B|gt_mean=90,,,,,,,,,,,,,,,,,,,,,,,removal,1,PLR_UED,a:\MYpython\34959_RL\codes\nexus\local_adaptive_o10_90_s42_rerun2\run_20260305_092522_719454_R30_O_10_90_PLR_UED_S42,O_10_90,42,PPO_NEW,v3,0,0,1,wait,1,0,1772698126.844456,1772698130.4338334,run_20260305_092522_719454_R30_O_10_90_PLR_UED_S42,42.0,run_20260305_092522_719454_R30_O_10_90_PLR_UED_S42|implement|42,eval_only,0.0,removal,41.0,41.0,mid(4-5)
,implement,receive_reward,0,3000000000011,18,993,,87,mix_mu_5_40_terminal_dependent,90,B,,,5.0,,4,0,0.0,,,RL,0.0010366830974817,,B,B|gt_mean=90,,,,,,,,,,,,,,,,,,,,,,,removal,1,PLR_UED,a:\MYpython\34959_RL\codes\nexus\local_adaptive_o10_90_s42_rerun2\run_20260305_092522_719454_R30_O_10_90_PLR_UED_S42,O_10_90,42,PPO_NEW,v3,0,0,1,wait,1,0,1772698126.755423,1772698130.4220774,run_20260305_092522_719454_R30_O_10_90_PLR_UED_S42,41.0,run_20260305_092522_719454_R30_O_10_90_PLR_UED_S42|implement|41,eval_only,0.0,removal,40.0,40.0,mid(4-5)
,implement,receive_reward,0,3000000000013,16,993,,87,mix_mu_5_40_terminal_dependent,90,B,,,5.0,,4,0,0.0,,,RL,0.0010409619426354,,B,B|gt_mean=90,,,,,,,,,,,,,,,,,,,,,,,removal,1,PLR_UED,a:\MYpython\34959_RL\codes\nexus\local_adaptive_o10_90_s42_rerun2\run_20260305_092522_719454_R30_O_10_90_PLR_UED_S42,O_10_90,42,PPO_NEW,v3,0,0,1,wait,1,0,1772698126.6821694,1772698130.4147031,run_20260305_092522_719454_R30_O_10_90_PLR_UED_S42,40.0,run_20260305_092522_719454_R30_O_10_90_PLR_UED_S42|implement|40,eval_only,0.0,removal,39.0,39.0,mid(4-5)
,implement,receive_reward,0,3000000000000,11,993,,87,mix_mu_5_40_terminal_dependent,90,B,,,5.0,,4,0,1.0,,,RL,0.0010345189366489,,B,B|gt_mean=90,,,,,,,,,,,,,,,,,,,,,,,removal,1,PLR_UED,a:\MYpython\34959_RL\codes\nexus\local_adaptive_o10_90_s42_rerun2\run_20260305_092522_719454_R30_O_10_90_PLR_UED_S42,O_10_90,42,PPO_NEW,v3,1,0,1,wait,1,0,1772698126.601565,1772698130.4009638,run_20260305_092522_719454_R30_O_10_90_PLR_UED_S42,39.0,run_20260305_092522_719454_R30_O_10_90_PLR_UED_S42|implement|39,eval_only,0.0,removal,38.0,38.0,mid(4-5)
,implement,receive_reward,0,3000000000007,10,993,,87,mix_mu_5_40_terminal_dependent,90,B,,,5.0,,4,0,1.0,,,RL,0.0010448755929246,,B,B|gt_mean=90,,,,,,,,,,,,,,,,,,,,,,,removal,1,PLR_UED,a:\MYpython\34959_RL\codes\nexus\local_adaptive_o10_90_s42_rerun2\run_20260305_092522_719454_R30_O_10_90_PLR_UED_S42,O_10_90,42,PPO_NEW,v3,1,0,1,wait,1,0,1772698126.5175478,1772698130.3896794,run_20260305_092522_719454_R30_O_10_90_PLR_UED_S42,38.0,run_20260305_092522_719454_R30_O_10_90_PLR_UED_S42|implement|38,eval_only,0.0,removal,37.0,37.0,mid(4-5)
,implement,receive_reward,0,3000000000009,8,993,,87,mix_mu_5_40_terminal_dependent,90,B,,,5.0,,4,0,1.0,,,RL,0.0010442052735015,,B,B|gt_mean=90,,,,,,,,,,,,,,,,,,,,,,,removal,1,PLR_UED,a:\MYpython\34959_RL\codes\nexus\local_adaptive_o10_90_s42_rerun2\run_20260305_092522_719454_R30_O_10_90_PLR_UED_S42,O_10_90,42,PPO_NEW,v3,1,0,1,wait,1,0,1772698126.418209,1772698130.3808513,run_20260305_092522_719454_R30_O_10_90_PLR_UED_S42,37.0,run_20260305_092522_719454_R30_O_10_90_PLR_UED_S42|implement|37,eval_only,0.0,removal,36.0,36.0,mid(4-5)
,implement,receive_reward,0,3000000000014,7,993,,87,mix_mu_5_40_terminal_dependent,90,B,,,5.0,,4,0,0.0,,,RL,0.0010442052735015,,B,B|gt_mean=90,,,,,,,,,,,,,,,,,,,,,,,removal,1,PLR_UED,a:\MYpython\34959_RL\codes\nexus\local_adaptive_o10_90_s42_rerun2\run_20260305_092522_719454_R30_O_10_90_PLR_UED_S42,O_10_90,42,PPO_NEW,v3,0,0,1,wait,1,0,1772698126.307356,1772698130.150745,run_20260305_092522_719454_R30_O_10_90_PLR_UED_S42,36.0,run_20260305_092522_719454_R30_O_10_90_PLR_UED_S42|implement|36,eval_only,0.0,removal,35.0,35.0,mid(4-5)
,implement,receive_reward,0,3000000000008,6,993,,87,mix_mu_5_40_terminal_dependent,90,B,,,5.0,,4,0,1.0,,,RL,0.0010410154936835,,B,B|gt_mean=90,,,,,,,,,,,,,,,,,,,,,,,removal,1,PLR_UED,a:\MYpython\34959_RL\codes\nexus\local_adaptive_o10_90_s42_rerun2\run_20260305_092522_719454_R30_O_10_90_PLR_UED_S42,O_10_90,42,PPO_NEW,v3,1,0,1,wait,1,0,1772698126.222097,1772698129.9734814,run_20260305_092522_719454_R30_O_10_90_PLR_UED_S42,35.0,run_20260305_092522_719454_R30_O_10_90_PLR_UED_S42|implement|35,eval_only,0.0,removal,34.0,34.0,mid(4-5)
,implement,receive_reward,0,3000000000003,3,993,,87,mix_mu_5_40_terminal_dependent,90,B,,,5.0,,4,0,0.0,,,RL,0.0010419619502499,,B,B|gt_mean=90,,,,,,,,,,,,,,,,,,,,,,,removal,1,PLR_UED,a:\MYpython\34959_RL\codes\nexus\local_adaptive_o10_90_s42_rerun2\run_20260305_092522_719454_R30_O_10_90_PLR_UED_S42,O_10_90,42,PPO_NEW,v3,0,0,1,wait,1,0,1772698126.114756,1772698129.9597683,run_20260305_092522_719454_R30_O_10_90_PLR_UED_S42,34.0,run_20260305_092522_719454_R30_O_10_90_PLR_UED_S42|implement|34,eval_only,0.0,removal,33.0,33.0,mid(4-5)
,implement,receive_reward,0,3000000000028,47,993,,4,mix_mu_5_40_terminal_dependent,90,B,,,4.0,,1,0,1.0,,,RL,0.0010425706859678,,B,B|gt_mean=90,,,,,,,,,,,,,,,,,,,,,,,removal,1,PLR_UED,a:\MYpython\34959_RL\codes\nexus\local_adaptive_o10_90_s42_rerun2\run_20260305_092522_719454_R30_O_10_90_PLR_UED_S42,O_10_90,42,PPO_NEW,v3,1,0,1,wait,1,0,1772698086.818364,1772698125.885831,run_20260305_092522_719454_R30_O_10_90_PLR_UED_S42,33.0,run_20260305_092522_719454_R30_O_10_90_PLR_UED_S42|implement|33,eval_only,0.0,removal,32.0,32.0,mid(4-5)
,implement,receive_reward,0,3000000000000,11,993,,4,mix_mu_5_40_terminal_dependent,90,B,,,4.0,,1,0,1.0,,,RL,0.0010451055131852,,B,B|gt_mean=90,,,,,,,,,,,,,,,,,,,,,,,removal,1,PLR_UED,a:\MYpython\34959_RL\codes\nexus\local_adaptive_o10_90_s42_rerun2\run_20260305_092522_719454_R30_O_10_90_PLR_UED_S42,O_10_90,42,PPO_NEW,v3,1,0,1,wait,1,0,1772698086.6990771,1772698125.646389,run_20260305_092522_719454_R30_O_10_90_PLR_UED_S42,32.0,run_20260305_092522_719454_R30_O_10_90_PLR_UED_S42|implement|32,eval_only,0.0,removal,31.0,31.0,mid(4-5)
,implement,receive_reward,0,3000000000007,10,993,,4,mix_mu_5_40_terminal_dependent,90,B,,,4.0,,1,0,1.0,,,RL,0.0010445192456245,,B,B|gt_mean=90,,,,,,,,,,,,,,,,,,,,,,,removal,1,PLR_UED,a:\MYpython\34959_RL\codes\nexus\local_adaptive_o10_90_s42_rerun2\run_20260305_092522_719454_R30_O_10_90_PLR_UED_S42,O_10_90,42,PPO_NEW,v3,1,0,1,wait,1,0,1772698086.578236,1772698125.4204004,run_20260305_092522_719454_R30_O_10_90_PLR_UED_S42,31.0,run_20260305_092522_719454_R30_O_10_90_PLR_UED_S42|implement|31,eval_only,0.0,removal,30.0,30.0,mid(4-5)
,implement,receive_reward,0,3000000000009,8,993,,4,mix_mu_5_40_terminal_dependent,90,B,,,4.0,,1,0,1.0,,,RL,0.0010445192456245,,B,B|gt_mean=90,,,,,,,,,,,,,,,,,,,,,,,removal,1,PLR_UED,a:\MYpython\34959_RL\codes\nexus\local_adaptive_o10_90_s42_rerun2\run_20260305_092522_719454_R30_O_10_90_PLR_UED_S42,O_10_90,42,PPO_NEW,v3,1,0,1,wait,1,0,1772698086.482099,1772698125.060018,run_20260305_092522_719454_R30_O_10_90_PLR_UED_S42,30.0,run_20260305_092522_719454_R30_O_10_90_PLR_UED_S42|implement|30,eval_only,0.0,removal,29.0,29.0,mid(4-5)
,implement,receive_reward,0,3000000000014,7,993,,4,mix_mu_5_40_terminal_dependent,90,B,,,4.0,,1,0,1.0,,,RL,0.0010418776655569,,B,B|gt_mean=90,,,,,,,,,,,,,,,,,,,,,,,removal,1,PLR_UED,a:\MYpython\34959_RL\codes\nexus\local_adaptive_o10_90_s42_rerun2\run_20260305_092522_719454_R30_O_10_90_PLR_UED_S42,O_10_90,42,PPO_NEW,v3,1,0,1,wait,1,0,1772698086.384839,1772698124.7766993,run_20260305_092522_719454_R30_O_10_90_PLR_UED_S42,29.0,run_20260305_092522_719454_R30_O_10_90_PLR_UED_S42|implement|29,eval_only,0.0,removal,28.0,28.0,mid(4-5)
,implement,receive_reward,0,3000000000008,6,993,,4,mix_mu_5_40_terminal_dependent,90,B,,,4.0,,1,0,1.0,,,RL,0.0010426382068544,,B,B|gt_mean=90,,,,,,,,,,,,,,,,,,,,,,,removal,1,PLR_UED,a:\MYpython\34959_RL\codes\nexus\local_adaptive_o10_90_s42_rerun2\run_20260305_092522_719454_R30_O_10_90_PLR_UED_S42,O_10_90,42,PPO_NEW,v3,1,0,1,wait,1,0,1772698086.1521418,1772698124.559137,run_20260305_092522_719454_R30_O_10_90_PLR_UED_S42,28.0,run_20260305_092522_719454_R30_O_10_90_PLR_UED_S42|implement|28,eval_only,0.0,removal,27.0,27.0,mid(4-5)
,implement,receive_reward,0,3000000000003,3,993,,4,mix_mu_5_40_terminal_dependent,90,B,,,4.0,,1,0,0.0,,,RL,0.0010352486278861,,B,B|gt_mean=90,,,,,,,,,,,,,,,,,,,,,,,removal,1,PLR_UED,a:\MYpython\34959_RL\codes\nexus\local_adaptive_o10_90_s42_rerun2\run_20260305_092522_719454_R30_O_10_90_PLR_UED_S42,O_10_90,42,PPO_NEW,v3,0,0,1,wait,1,0,1772698086.0520587,1772698124.3111744,run_20260305_092522_719454_R30_O_10_90_PLR_UED_S42,27.0,run_20260305_092522_719454_R30_O_10_90_PLR_UED_S42|implement|27,eval_only,0.0,removal,26.0,26.0,mid(4-5)
,implement,receive_reward,1,3000000000022,114,995,,2,mix_mu_5_40_terminal_dependent,90,B,,,5.0,,70,0,1.0,,,RL,0.0010416116565465,,B,B|gt_mean=90,,,,,,,,,,,,,,,,,,,,,,,removal,1,PLR_UED,a:\MYpython\34959_RL\codes\nexus\local_adaptive_o10_90_s42_rerun2\run_20260305_092522_719454_R30_O_10_90_PLR_UED_S42,O_10_90,42,PPO_NEW,v3,1,0,1,wait,1,0,1772698008.2199829,1772698045.0140522,run_20260305_092522_719454_R30_O_10_90_PLR_UED_S42,25.0,run_20260305_092522_719454_R30_O_10_90_PLR_UED_S42|implement|25,eval_only,0.0,removal,24.0,24.0,mid(4-5)
,implement,receive_reward,1,3000000000005,26,977,,3,mix_mu_5_40_terminal_dependent,90,B,,,6.0,,52,0,1.0,,,RL,0.0010358147555962,,B,B|gt_mean=90,,,,,,,,,,,,,,,,,,,,,,,removal,1,PLR_UED,a:\MYpython\34959_RL\codes\nexus\local_adaptive_o10_90_s42_rerun2\run_20260305_092522_719454_R30_O_10_90_PLR_UED_S42,O_10_90,42,PPO_NEW,v3,1,0,1,wait,1,0,1772698669.2978532,1772698702.536115,run_20260305_092522_719454_R30_O_10_90_PLR_UED_S42,99.0,run_20260305_092522_719454_R30_O_10_90_PLR_UED_S42|implement|99,eval_only,0.0,removal,95.0,94.0,high(6+)
,implement,receive_reward,1,3000000000004,26,977,,3,mix_mu_5_40_terminal_dependent,90,B,,,6.0,,52,0,0.0,,,RL,0.0010366465430706,,B,B|gt_mean=90,,,,,,,,,,,,,,,,,,,,,,,removal,1,PLR_UED,a:\MYpython\34959_RL\codes\nexus\local_adaptive_o10_90_s42_rerun2\run_20260305_092522_719454_R30_O_10_90_PLR_UED_S42,O_10_90,42,PPO_NEW,v3,0,0,1,wait,1,0,1772698671.0854871,1772698703.5178049,run_20260305_092522_719454_R30_O_10_90_PLR_UED_S42,100.0,run_20260305_092522_719454_R30_O_10_90_PLR_UED_S42|implement|100,eval_only,0.0,removal,96.0,95.0,high(6+)
,implement,receive_reward,1,3000000000019,36,977,,3,mix_mu_5_40_terminal_dependent,90,B,,,6.0,,52,0,0.0,,,RL,0.0010373761178925,,B,B|gt_mean=90,,,,,,,,,,,,,,,,,,,,,,,removal,1,PLR_UED,a:\MYpython\34959_RL\codes\nexus\local_adaptive_o10_90_s42_rerun2\run_20260305_092522_719454_R30_O_10_90_PLR_UED_S42,O_10_90,42,PPO_NEW,v3,0,0,1,wait,1,0,1772698671.142866,1772698704.3593106,run_20260305_092522_719454_R30_O_10_90_PLR_UED_S42,101.0,run_20260305_092522_719454_R30_O_10_90_PLR_UED_S42|implement|101,eval_only,0.0,removal,97.0,96.0,high(6+)
,implement,receive_reward,0,3000000000028,47,958,,102,mix_mu_5_40_terminal_dependent,90,B,,,6.0,,4,0,0.0,,,RL,0.0010406424989923,,B,B|gt_mean=90,,,,,,,,,,,,,,,,,,,,,,,removal,1,PLR_UED,a:\MYpython\34959_RL\codes\nexus\local_adaptive_o10_90_s42_rerun2\run_20260305_092522_719454_R30_O_10_90_PLR_UED_S42,O_10_90,42,PPO_NEW,v3,0,0,1,wait,1,0,1772699360.010208,1772699366.2368655,run_20260305_092522_719454_R30_O_10_90_PLR_UED_S42,173.0,run_20260305_092522_719454_R30_O_10_90_PLR_UED_S42|implement|173,eval_only,0.0,removal,168.0,167.0,high(6+)
,implement,receive_reward,0,3000000000000,11,958,,102,mix_mu_5_40_terminal_dependent,90,B,,,6.0,,4,0,1.0,,,RL,0.0010440567275509,,B,B|gt_mean=90,,,,,,,,,,,,,,,,,,,,,,,removal,1,PLR_UED,a:\MYpython\34959_RL\codes\nexus\local_adaptive_o10_90_s42_rerun2\run_20260305_092522_719454_R30_O_10_90_PLR_UED_S42,O_10_90,42,PPO_NEW,v3,1,0,1,wait,1,0,1772699359.90106,1772699365.3327355,run_20260305_092522_719454_R30_O_10_90_PLR_UED_S42,172.0,run_20260305_092522_719454_R30_O_10_90_PLR_UED_S42|implement|172,eval_only,0.0,removal,167.0,166.0,high(6+)
,implement,receive_reward,0,3000000000007,10,958,,102,mix_mu_5_40_terminal_dependent,90,B,,,6.0,,4,0,1.0,,,RL,0.0010432716226205,,B,B|gt_mean=90,,,,,,,,,,,,,,,,,,,,,,,removal,1,PLR_UED,a:\MYpython\34959_RL\codes\nexus\local_adaptive_o10_90_s42_rerun2\run_20260305_092522_719454_R30_O_10_90_PLR_UED_S42,O_10_90,42,PPO_NEW,v3,1,0,1,wait,1,0,1772699359.8201385,1772699364.601531,run_20260305_092522_719454_R30_O_10_90_PLR_UED_S42,171.0,run_20260305_092522_719454_R30_O_10_90_PLR_UED_S42|implement|171,eval_only,0.0,removal,166.0,165.0,high(6+)
,implement,receive_reward,0,3000000000009,8,958,,102,mix_mu_5_40_terminal_dependent,90,B,,,6.0,,4,0,1.0,,,RL,0.0010432716226205,,B,B|gt_mean=90,,,,,,,,,,,,,,,,,,,,,,,removal,1,PLR_UED,a:\MYpython\34959_RL\codes\nexus\local_adaptive_o10_90_s42_rerun2\run_20260305_092522_719454_R30_O_10_90_PLR_UED_S42,O_10_90,42,PPO_NEW,v3,1,0,1,wait,1,0,1772699359.7416558,1772699364.121355,run_20260305_092522_719454_R30_O_10_90_PLR_UED_S42,170.0,run_20260305_092522_719454_R30_O_10_90_PLR_UED_S42|implement|170,eval_only,0.0,removal,165.0,164.0,high(6+)
,implement,receive_reward,0,3000000000014,7,958,,102,mix_mu_5_40_terminal_dependent,90,B,,,6.0,,4,0,0.0,,,RL,0.0010397130390629,,B,B|gt_mean=90,,,,,,,,,,,,,,,,,,,,,,,removal,1,PLR_UED,a:\MYpython\34959_RL\codes\nexus\local_adaptive_o10_90_s42_rerun2\run_20260305_092522_719454_R30_O_10_90_PLR_UED_S42,O_10_90,42,PPO_NEW,v3,0,0,1,wait,1,0,1772699359.67212,1772699363.356592,run_20260305_092522_719454_R30_O_10_90_PLR_UED_S42,169.0,run_20260305_092522_719454_R30_O_10_90_PLR_UED_S42|implement|169,eval_only,0.0,removal,164.0,163.0,high(6+)
,implement,receive_reward,0,3000000000008,6,958,,102,mix_mu_5_40_terminal_dependent,90,B,,,6.0,,4,0,0.0,,,RL,0.0010407349327579,,B,B|gt_mean=90,,,,,,,,,,,,,,,,,,,,,,,removal,1,PLR_UED,a:\MYpython\34959_RL\codes\nexus\local_adaptive_o10_90_s42_rerun2\run_20260305_092522_719454_R30_O_10_90_PLR_UED_S42,O_10_90,42,PPO_NEW,v3,0,0,1,wait,1,0,1772699359.6140618,1772699362.5354683,run_20260305_092522_719454_R30_O_10_90_PLR_UED_S42,168.0,run_20260305_092522_719454_R30_O_10_90_PLR_UED_S42|implement|168,eval_only,0.0,removal,163.0,162.0,high(6+)
,implement,receive_reward,0,3000000000003,3,958,,102,mix_mu_5_40_terminal_dependent,90,B,,,6.0,,4,0,0.0,,,RL,0.0010345416376367,,B,B|gt_mean=90,,,,,,,,,,,,,,,,,,,,,,,removal,1,PLR_UED,a:\MYpython\34959_RL\codes\nexus\local_adaptive_o10_90_s42_rerun2\run_20260305_092522_719454_R30_O_10_90_PLR_UED_S42,O_10_90,42,PPO_NEW,v3,0,0,1,wait,1,0,1772699358.1069877,1772699361.8506002,run_20260305_092522_719454_R30_O_10_90_PLR_UED_S42,167.0,run_20260305_092522_719454_R30_O_10_90_PLR_UED_S42|implement|167,eval_only,0.0,removal,162.0,161.0,high(6+)
,implement,receive_reward,1,3000000000000,11,958,,4,mix_mu_5_40_terminal_dependent,90,B,,,5.0,,92,0,0.0,,,RL,0.0010373445693403,,B,B|gt_mean=90,,,,,,,,,,,,,,,,,,,,,,,removal,1,PLR_UED,a:\MYpython\34959_RL\codes\nexus\local_adaptive_o10_90_s42_rerun2\run_20260305_092522_719454_R30_O_10_90_PLR_UED_S42,O_10_90,42,PPO_NEW,v3,0,0,1,wait,1,0,1772699328.712629,1772699359.2063591,run_20260305_092522_719454_R30_O_10_90_PLR_UED_S42,166.0,run_20260305_092522_719454_R30_O_10_90_PLR_UED_S42|implement|166,eval_only,0.0,removal,161.0,160.0,mid(4-5)
,implement,receive_reward,1,3000000000007,10,958,,4,mix_mu_5_40_terminal_dependent,90,B,,,5.0,,92,0,0.0,,,RL,0.0010342681780457,,B,B|gt_mean=90,,,,,,,,,,,,,,,,,,,,,,,removal,1,PLR_UED,a:\MYpython\34959_RL\codes\nexus\local_adaptive_o10_90_s42_rerun2\run_20260305_092522_719454_R30_O_10_90_PLR_UED_S42,O_10_90,42,PPO_NEW,v3,0,0,1,wait,1,0,1772699328.6494882,1772699358.461321,run_20260305_092522_719454_R30_O_10_90_PLR_UED_S42,165.0,run_20260305_092522_719454_R30_O_10_90_PLR_UED_S42|implement|165,eval_only,0.0,removal,160.0,159.0,mid(4-5)
,implement,receive_reward,0,3000000000012,90,959,,2,mix_mu_5_40_terminal_dependent,90,B,,,5.0,,2,0,0.0,,,RL,0.0010392348049208,,B,B|gt_mean=90,,,,,,,,,,,,,,,,,,,,,,,removal,1,PLR_UED,a:\MYpython\34959_RL\codes\nexus\local_adaptive_o10_90_s42_rerun2\run_20260305_092522_719454_R30_O_10_90_PLR_UED_S42,O_10_90,42,PPO_NEW,v3,0,0,1,wait,1,0,1772699326.9639976,1772699327.468109,run_20260305_092522_719454_R30_O_10_90_PLR_UED_S42,164.0,run_20260305_092522_719454_R30_O_10_90_PLR_UED_S42|implement|164,eval_only,0.0,removal,159.0,158.0,mid(4-5)
,implement,receive_reward,0,3000000000005,113,959,,2,mix_mu_5_40_terminal_dependent,90,B,,,5.0,,2,0,1.0,,,RL,0.001041347743012,,B,B|gt_mean=90,,,,,,,,,,,,,,,,,,,,,,,removal,1,PLR_UED,a:\MYpython\34959_RL\codes\nexus\local_adaptive_o10_90_s42_rerun2\run_20260305_092522_719454_R30_O_10_90_PLR_UED_S42,O_10_90,42,PPO_NEW,v3,1,0,1,wait,1,0,1772699295.2163863,1772699327.3186498,run_20260305_092522_719454_R30_O_10_90_PLR_UED_S42,163.0,run_20260305_092522_719454_R30_O_10_90_PLR_UED_S42|implement|163,eval_only,0.0,removal,158.0,157.0,mid(4-5)
,implement,receive_reward,0,3000000000002,110,959,,2,mix_mu_5_40_terminal_dependent,90,B,,,5.0,,2,0,0.0,,,RL,0.0010357383871451,,B,B|gt_mean=90,,,,,,,,,,,,,,,,,,,,,,,removal,1,PLR_UED,a:\MYpython\34959_RL\codes\nexus\local_adaptive_o10_90_s42_rerun2\run_20260305_092522_719454_R30_O_10_90_PLR_UED_S42,O_10_90,42,PPO_NEW,v3,0,0,1,wait,1,0,1772699292.9967885,1772699327.0504186,run_20260305_092522_719454_R30_O_10_90_PLR_UED_S42,162.0,run_20260305_092522_719454_R30_O_10_90_PLR_UED_S42|implement|162,eval_only,0.0,removal,157.0,156.0,mid(4-5)
,implement,receive_reward,1,3000000000026,44,960,,2,mix_mu_5_40_terminal_dependent,90,B,,,6.0,,36,0,0.0,,,RL,0.0010364050976932,,B,B|gt_mean=90,,,,,,,,,,,,,,,,,,,,,,,removal,1,PLR_UED,a:\MYpython\34959_RL\codes\nexus\local_adaptive_o10_90_s42_rerun2\run_20260305_092522_719454_R30_O_10_90_PLR_UED_S42,O_10_90,42,PPO_NEW,v3,0,0,1,wait,1,0,1772699261.5212252,1772699294.7645986,run_20260305_092522_719454_R30_O_10_90_PLR_UED_S42,161.0,run_20260305_092522_719454_R30_O_10_90_PLR_UED_S42|implement|161,eval_only,0.0,removal,156.0,155.0,high(6+)
,implement,receive_reward,1,3000000000015,43,960,,2,mix_mu_5_40_terminal_dependent,90,B,,,6.0,,36,0,1.0,,,RL,0.001043968135491,,B,B|gt_mean=90,,,,,,,,,,,,,,,,,,,,,,,removal,1,PLR_UED,a:\MYpython\34959_RL\codes\nexus\local_adaptive_o10_90_s42_rerun2\run_20260305_092522_719454_R30_O_10_90_PLR_UED_S42,O_10_90,42,PPO_NEW,v3,1,0,1,wait,1,0,1772699261.4521031,1772699294.1421633,run_20260305_092522_719454_R30_O_10_90_PLR_UED_S42,160.0,run_20260305_092522_719454_R30_O_10_90_PLR_UED_S42|implement|160,eval_only,0.0,removal,155.0,154.0,high(6+)
,implement,receive_reward,1,3000000000029,43,960,,2,mix_mu_5_40_terminal_dependent,90,B,,,6.0,,36,0,1.0,,,RL,0.0010435376316308,,B,B|gt_mean=90,,,,,,,,,,,,,,,,,,,,,,,removal,1,PLR_UED,a:\MYpython\34959_RL\codes\nexus\local_adaptive_o10_90_s42_rerun2\run_20260305_092522_719454_R30_O_10_90_PLR_UED_S42,O_10_90,42,PPO_NEW,v3,1,0,1,wait,1,0,1772699256.4481692,1772699293.3162918,run_20260305_092522_719454_R30_O_10_90_PLR_UED_S42,159.0,run_20260305_092522_719454_R30_O_10_90_PLR_UED_S42|implement|159,eval_only,0.0,removal,154.0,153.0,high(6+)
,implement,receive_reward,0,3000000000028,47,961,,36,mix_mu_5_40_terminal_dependent,90,B,,,4.0,,1,0,1.0,,,RL,0.0010461928322911,,B,B|gt_mean=90,,,,,,,,,,,,,,,,,,,,,,,removal,1,PLR_UED,a:\MYpython\34959_RL\codes\nexus\local_adaptive_o10_90_s42_rerun2\run_20260305_092522_719454_R30_O_10_90_PLR_UED_S42,O_10_90,42,PPO_NEW,v3,1,0,1,wait,1,0,1772699254.7900383,1772699261.019457,run_20260305_092522_719454_R30_O_10_90_PLR_UED_S42,158.0,run_20260305_092522_719454_R30_O_10_90_PLR_UED_S42|implement|158,eval_only,0.0,removal,153.0,152.0,mid(4-5)
,implement,receive_reward,0,3000000000026,44,961,,36,mix_mu_5_40_terminal_dependent,90,B,,,4.0,,1,0,1.0,,,RL,0.0010454421862959,,B,B|gt_mean=90,,,,,,,,,,,,,,,,,,,,,,,removal,1,PLR_UED,a:\MYpython\34959_RL\codes\nexus\local_adaptive_o10_90_s42_rerun2\run_20260305_092522_719454_R30_O_10_90_PLR_UED_S42,O_10_90,42,PPO_NEW,v3,1,0,1,wait,1,0,1772699254.7102692,1772699260.2575555,run_20260305_092522_719454_R30_O_10_90_PLR_UED_S42,157.0,run_20260305_092522_719454_R30_O_10_90_PLR_UED_S42|implement|157,eval_only,0.0,removal,152.0,151.0,mid(4-5)
,implement,receive_reward,0,3000000000022,36,961,,36,mix_mu_5_40_terminal_dependent,90,B,,,4.0,,1,0,1.0,,,RL,0.0010469042463228,,B,B|gt_mean=90,,,,,,,,,,,,,,,,,,,,,,,removal,1,PLR_UED,a:\MYpython\34959_RL\codes\nexus\local_adaptive_o10_90_s42_rerun2\run_20260305_092522_719454_R30_O_10_90_PLR_UED_S42,O_10_90,42,PPO_NEW,v3,1,0,1,wait,1,0,1772699254.6437364,1772699259.3723133,run_20260305_092522_719454_R30_O_10_90_PLR_UED_S42,156.0,run_20260305_092522_719454_R30_O_10_90_PLR_UED_S42|implement|156,eval_only,0.0,removal,151.0,150.0,mid(4-5)
,implement,receive_reward,0,3000000000019,36,961,,36,mix_mu_5_40_terminal_dependent,90,B,,,4.0,,1,0,1.0,,,RL,0.0010466269450262,,B,B|gt_mean=90,,,,,,,,,,,,,,,,,,,,,,,removal,1,PLR_UED,a:\MYpython\34959_RL\codes\nexus\local_adaptive_o10_90_s42_rerun2\run_20260305_092522_719454_R30_O_10_90_PLR_UED_S42,O_10_90,42,PPO_NEW,v3,1,0,1,wait,1,0,1772699254.5802114,1772699258.5165093,run_20260305_092522_719454_R30_O_10_90_PLR_UED_S42,155.0,run_20260305_092522_719454_R30_O_10_90_PLR_UED_S42|implement|155,eval_only,0.0,removal,150.0,149.0,mid(4-5)
,implement,receive_reward,0,3000000000004,26,961,,36,mix_mu_5_40_terminal_dependent,90,B,,,4.0,,1,0,1.0,,,RL,0.0010465412633493,,B,B|gt_mean=90,,,,,,,,,,,,,,,,,,,,,,,removal,1,PLR_UED,a:\MYpython\34959_RL\codes\nexus\local_adaptive_o10_90_s42_rerun2\run_20260305_092522_719454_R30_O_10_90_PLR_UED_S42,O_10_90,42,PPO_NEW,v3,1,0,1,wait,1,0,1772699254.512714,1772699257.7097254,run_20260305_092522_719454_R30_O_10_90_PLR_UED_S42,154.0,run_20260305_092522_719454_R30_O_10_90_PLR_UED_S42|implement|154,eval_only,0.0,removal,149.0,148.0,mid(4-5)
,implement,receive_reward,0,3000000000005,26,961,,36,mix_mu_5_40_terminal_dependent,90,B,,,4.0,,1,0,1.0,,,RL,0.0010464405640959,,B,B|gt_mean=90,,,,,,,,,,,,,,,,,,,,,,,removal,1,PLR_UED,a:\MYpython\34959_RL\codes\nexus\local_adaptive_o10_90_s42_rerun2\run_20260305_092522_719454_R30_O_10_90_PLR_UED_S42,O_10_90,42,PPO_NEW,v3,1,0,1,wait,1,0,1772699252.726615,1772699256.858242,run_20260305_092522_719454_R30_O_10_90_PLR_UED_S42,153.0,run_20260305_092522_719454_R30_O_10_90_PLR_UED_S42|implement|153,eval_only,0.0,removal,148.0,147.0,mid(4-5)
,implement,receive_reward,1,3000000000022,36,957,,1,mix_mu_5_40_terminal_dependent,90,B,,,6.0,,102,0,0.0,,,RL,0.0117471795529127,,B,B|gt_mean=90,,,,,,,,,,,,,,,,,,,,,,,removal,1,PLR_UED,a:\MYpython\34959_RL\codes\nexus\local_adaptive_o10_90_s42_rerun2\run_20260305_092522_719454_R30_O_10_90_PLR_UED_S42,O_10_90,42,PPO_NEW,v3,0,0,1,wait,1,0,1772699361.6593354,1772699397.0806148,run_20260305_092522_719454_R30_O_10_90_PLR_UED_S42,174.0,run_20260305_092522_719454_R30_O_10_90_PLR_UED_S42|implement|174,eval_only,0.0,removal,169.0,168.0,high(6+)
,implement,receive_reward,0,3000000000023,92,961,,1,mix_mu_5_40_terminal_dependent,90,B,,,2.0,,4,0,0.0,,,RL,0.0010353304678574,,B,B|gt_mean=90,,,,,,,,,,,,,,,,,,,,,,,removal,1,PLR_UED,a:\MYpython\34959_RL\codes\nexus\local_adaptive_o10_90_s42_rerun2\run_20260305_092522_719454_R30_O_10_90_PLR_UED_S42,O_10_90,42,PPO_NEW,v3,0,0,1,wait,1,0,1772699150.8729413,1772699254.103171,run_20260305_092522_719454_R30_O_10_90_PLR_UED_S42,152.0,run_20260305_092522_719454_R30_O_10_90_PLR_UED_S42|implement|152,eval_only,0.0,removal,147.0,146.0,low(2-3)
,implement,receive_reward,1,3000000000019,36,957,,1,mix_mu_5_40_terminal_dependent,90,B,,,6.0,,102,1,1.0,,,RL,0.9983929991722108,,B,B|gt_mean=90,,,,,,,,,,,,,,,,,,,,,,,removal,1,PLR_UED,a:\MYpython\34959_RL\codes\nexus\local_adaptive_o10_90_s42_rerun2\run_20260305_092522_719454_R30_O_10_90_PLR_UED_S42,O_10_90,42,PPO_NEW,v3,1,1,0,remove,0,1,1772699366.7047603,1772699397.4607446,run_20260305_092522_719454_R30_O_10_90_PLR_UED_S42,175.0,run_20260305_092522_719454_R30_O_10_90_PLR_UED_S42|implement|175,eval_only,0.0,removal,170.0,169.0,high(6+)
,implement,receive_reward,0,3000000000025,102,956,,82,mix_mu_5_40_terminal_dependent,90,B,,,5.0,,2,0,1.0,,,RL,0.0010443850187584,,B,B|gt_mean=90,,,,,,,,,,,,,,,,,,,,,,,removal,1,PLR_UED,a:\MYpython\34959_RL\codes\nexus\local_adaptive_o10_90_s42_rerun2\run_20260305_092522_719454_R30_O_10_90_PLR_UED_S42,O_10_90,42,PPO_NEW,v3,1,0,1,wait,1,0,1772699429.1964278,1772699431.242561,run_20260305_092522_719454_R30_O_10_90_PLR_UED_S42,177.0,run_20260305_092522_719454_R30_O_10_90_PLR_UED_S42|implement|177,eval_only,0.0,removal,172.0,171.0,mid(4-5)
,implement,receive_reward,0,3000000000012,90,949,,1,mix_mu_5_40_terminal_dependent,90,B,,,4.0,,4,0,0.0,,,RL,0.0010357383871451,,B,B|gt_mean=90,,,,,,,,,,,,,,,,,,,,,,,removal,1,PLR_UED,a:\MYpython\34959_RL\codes\nexus\local_adaptive_o10_90_s42_rerun2\run_20260305_092522_719454_R30_O_10_90_PLR_UED_S42,O_10_90,42,PPO_NEW,v3,0,0,1,wait,1,0,1772699597.1779144,1772699663.578528,run_20260305_092522_719454_R30_O_10_90_PLR_UED_S42,198.0,run_20260305_092522_719454_R30_O_10_90_PLR_UED_S42|implement|198,eval_only,0.0,removal,193.0,192.0,mid(4-5)
,implement,receive_reward,0,3000000000015,83,949,,1,mix_mu_5_40_terminal_dependent,90,B,,,4.0,,4,0,1.0,,,RL,0.0010430127149447,,B,B|gt_mean=90,,,,,,,,,,,,,,,,,,,,,,,removal,1,PLR_UED,a:\MYpython\34959_RL\codes\nexus\local_adaptive_o10_90_s42_rerun2\run_20260305_092522_719454_R30_O_10_90_PLR_UED_S42,O_10_90,42,PPO_NEW,v3,1,0,1,wait,1,0,1772699597.094517,1772699662.686046,run_20260305_092522_719454_R30_O_10_90_PLR_UED_S42,197.0,run_20260305_092522_719454_R30_O_10_90_PLR_UED_S42|implement|197,eval_only,0.0,removal,192.0,191.0,mid(4-5)
,implement,receive_reward,0,3000000000016,82,949,,1,mix_mu_5_40_terminal_dependent,90,B,,,4.0,,4,0,0.0,,,RL,0.0010410452960059,,B,B|gt_mean=90,,,,,,,,,,,,,,,,,,,,,,,removal,1,PLR_UED,a:\MYpython\34959_RL\codes\nexus\local_adaptive_o10_90_s42_rerun2\run_20260305_092522_719454_R30_O_10_90_PLR_UED_S42,O_10_90,42,PPO_NEW,v3,0,0,1,wait,1,0,1772699593.9809468,1772699661.869042,run_20260305_092522_719454_R30_O_10_90_PLR_UED_S42,196.0,run_20260305_092522_719454_R30_O_10_90_PLR_UED_S42|implement|196,eval_only,0.0,removal,191.0,190.0,mid(4-5)
,implement,receive_reward,1,3000000000022,36,951,,4,mix_mu_5_40_terminal_dependent,90,B,,,6.0,,95,0,0.0,,,RL,0.0010342712048441,,B,B|gt_mean=90,,,,,,,,,,,,,,,,,,,,,,,removal,1,PLR_UED,a:\MYpython\34959_RL\codes\nexus\local_adaptive_o10_90_s42_rerun2\run_20260305_092522_719454_R30_O_10_90_PLR_UED_S42,O_10_90,42,PPO_NEW,v3,0,0,1,wait,1,0,1772699564.1844158,1772699596.7219417,run_20260305_092522_719454_R30_O_10_90_PLR_UED_S42,195.0,run_20260305_092522_719454_R30_O_10_90_PLR_UED_S42|implement|195,eval_only,0.0,removal,190.0,189.0,high(6+)
,implement,receive_reward,1,3000000000019,36,951,,4,mix_mu_5_40_terminal_dependent,90,B,,,6.0,,95,0,0.0,,,RL,0.0011928958119824,,B,B|gt_mean=90,,,,,,,,,,,,,,,,,,,,,,,removal,1,PLR_UED,a:\MYpython\34959_RL\codes\nexus\local_adaptive_o10_90_s42_rerun2\run_20260305_092522_719454_R30_O_10_90_PLR_UED_S42,O_10_90,42,PPO_NEW,v3,0,0,1,wait,1,0,1772699564.121807,1772699595.838546,run_20260305_092522_719454_R30_O_10_90_PLR_UED_S42,194.0,run_20260305_092522_719454_R30_O_10_90_PLR_UED_S42|implement|194,eval_only,0.0,removal,189.0,188.0,high(6+)
,implement,receive_reward,1,3000000000004,26,951,,4,mix_mu_5_40_terminal_dependent,90,B,,,6.0,,95,0,0.0,,,RL,0.0226995963603258,,B,B|gt_mean=90,,,,,,,,,,,,,,,,,,,,,,,removal,1,PLR_UED,a:\MYpython\34959_RL\codes\nexus\local_adaptive_o10_90_s42_rerun2\run_20260305_092522_719454_R30_O_10_90_PLR_UED_S42,O_10_90,42,PPO_NEW,v3,0,0,1,wait,1,0,1772699564.0597043,1772699595.018715,run_20260305_092522_719454_R30_O_10_90_PLR_UED_S42,193.0,run_20260305_092522_719454_R30_O_10_90_PLR_UED_S42|implement|193,eval_only,0.0,removal,188.0,187.0,high(6+)
,implement,receive_reward,1,3000000000005,26,951,,4,mix_mu_5_40_terminal_dependent,90,B,,,6.0,,95,1,0.0,,,RL,0.9826887845993042,,B,B|gt_mean=90,,,,,,,,,,,,,,,,,,,,,,,removal,1,PLR_UED,a:\MYpython\34959_RL\codes\nexus\local_adaptive_o10_90_s42_rerun2\run_20260305_092522_719454_R30_O_10_90_PLR_UED_S42,O_10_90,42,PPO_NEW,v3,0,1,0,remove,0,1,1772699563.854622,1772699594.32062,run_20260305_092522_719454_R30_O_10_90_PLR_UED_S42,192.0,run_20260305_092522_719454_R30_O_10_90_PLR_UED_S42|implement|192,eval_only,0.0,removal,187.0,186.0,high(6+)
,implement,receive_reward,0,3000000000012,90,953,,2,mix_mu_5_40_terminal_dependent,90,B,,,6.0,,2,0,0.0,,,RL,0.0010373613331466,,B,B|gt_mean=90,,,,,,,,,,,,,,,,,,,,,,,removal,1,PLR_UED,a:\MYpython\34959_RL\codes\nexus\local_adaptive_o10_90_s42_rerun2\run_20260305_092522_719454_R30_O_10_90_PLR_UED_S42,O_10_90,42,PPO_NEW,v3,0,0,1,wait,1,0,1772699532.417433,1772699532.8554902,run_20260305_092522_719454_R30_O_10_90_PLR_UED_S42,191.0,run_20260305_092522_719454_R30_O_10_90_PLR_UED_S42|implement|191,eval_only,0.0,removal,186.0,185.0,high(6+)
,implement,receive_reward,0,3000000000024,79,953,,2,mix_mu_5_40_terminal_dependent,90,B,,,6.0,,2,0,1.0,,,RL,0.0010431493865326,,B,B|gt_mean=90,,,,,,,,,,,,,,,,,,,,,,,removal,1,PLR_UED,a:\MYpython\34959_RL\codes\nexus\local_adaptive_o10_90_s42_rerun2\run_20260305_092522_719454_R30_O_10_90_PLR_UED_S42,O_10_90,42,PPO_NEW,v3,1,0,1,wait,1,0,1772699499.904642,1772699532.6950474,run_20260305_092522_719454_R30_O_10_90_PLR_UED_S42,190.0,run_20260305_092522_719454_R30_O_10_90_PLR_UED_S42|implement|190,eval_only,0.0,removal,185.0,184.0,high(6+)
,implement,receive_reward,0,3000000000018,71,953,,2,mix_mu_5_40_terminal_dependent,90,B,,,6.0,,2,0,1.0,,,RL,0.0010416622972115,,B,B|gt_mean=90,,,,,,,,,,,,,,,,,,,,,,,removal,1,PLR_UED,a:\MYpython\34959_RL\codes\nexus\local_adaptive_o10_90_s42_rerun2\run_20260305_092522_719454_R30_O_10_90_PLR_UED_S42,O_10_90,42,PPO_NEW,v3,1,0,1,wait,1,0,1772699494.472725,1772699532.4989443,run_20260305_092522_719454_R30_O_10_90_PLR_UED_S42,189.0,run_20260305_092522_719454_R30_O_10_90_PLR_UED_S42|implement|189,eval_only,0.0,removal,184.0,183.0,high(6+)
,implement,receive_reward,0,3000000000013,111,954,,2,mix_mu_5_40_terminal_dependent,90,B,,,6.0,,3,0,0.0,,,RL,0.0010342914611101,,B,B|gt_mean=90,,,,,,,,,,,,,,,,,,,,,,,removal,1,PLR_UED,a:\MYpython\34959_RL\codes\nexus\local_adaptive_o10_90_s42_rerun2\run_20260305_092522_719454_R30_O_10_90_PLR_UED_S42,O_10_90,42,PPO_NEW,v3,0,0,1,wait,1,0,1772699464.4268775,1772699499.737323,run_20260305_092522_719454_R30_O_10_90_PLR_UED_S42,188.0,run_20260305_092522_719454_R30_O_10_90_PLR_UED_S42|implement|188,eval_only,0.0,removal,183.0,182.0,high(6+)
,implement,receive_reward,0,3000000000020,111,954,,2,mix_mu_5_40_terminal_dependent,90,B,,,6.0,,3,0,0.0,,,RL,0.0010343504836782,,B,B|gt_mean=90,,,,,,,,,,,,,,,,,,,,,,,removal,1,PLR_UED,a:\MYpython\34959_RL\codes\nexus\local_adaptive_o10_90_s42_rerun2\run_20260305_092522_719454_R30_O_10_90_PLR_UED_S42,O_10_90,42,PPO_NEW,v3,0,0,1,wait,1,0,1772699464.3643866,1772699498.9105716,run_20260305_092522_719454_R30_O_10_90_PLR_UED_S42,187.0,run_20260305_092522_719454_R30_O_10_90_PLR_UED_S42|implement|187,eval_only,0.0,removal,182.0,181.0,high(6+)
,implement,receive_reward,0,3000000000029,111,954,,2,mix_mu_5_40_terminal_dependent,90,B,,,6.0,,3,0,1.0,,,RL,0.0010432060807943,,B,B|gt_mean=90,,,,,,,,,,,,,,,,,,,,,,,removal,1,PLR_UED,a:\MYpython\34959_RL\codes\nexus\local_adaptive_o10_90_s42_rerun2\run_20260305_092522_719454_R30_O_10_90_PLR_UED_S42,O_10_90,42,PPO_NEW,v3,1,0,1,wait,1,0,1772699464.2913268,1772699498.0864313,run_20260305_092522_719454_R30_O_10_90_PLR_UED_S42,186.0,run_20260305_092522_719454_R30_O_10_90_PLR_UED_S42|implement|186,eval_only,0.0,removal,181.0,180.0,high(6+)
,implement,receive_reward,0,3000000000011,111,954,,2,mix_mu_5_40_terminal_dependent,90,B,,,6.0,,3,0,0.0,,,RL,0.001039020018652,,B,B|gt_mean=90,,,,,,,,,,,,,,,,,,,,,,,removal,1,PLR_UED,a:\MYpython\34959_RL\codes\nexus\local_adaptive_o10_90_s42_rerun2\run_20260305_092522_719454_R30_O_10_90_PLR_UED_S42,O_10_90,42,PPO_NEW,v3,0,0,1,wait,1,0,1772699464.2253802,1772699497.214436,run_20260305_092522_719454_R30_O_10_90_PLR_UED_S42,185.0,run_20260305_092522_719454_R30_O_10_90_PLR_UED_S42|implement|185,eval_only,0.0,removal,180.0,179.0,high(6+)
,implement,receive_reward,0,3000000000002,110,954,,2,mix_mu_5_40_terminal_dependent,90,B,,,6.0,,3,0,0.0,,,RL,0.0010354497935622,,B,B|gt_mean=90,,,,,,,,,,,,,,,,,,,,,,,removal,1,PLR_UED,a:\MYpython\34959_RL\codes\nexus\local_adaptive_o10_90_s42_rerun2\run_20260305_092522_719454_R30_O_10_90_PLR_UED_S42,O_10_90,42,PPO_NEW,v3,0,0,1,wait,1,0,1772699464.1585698,1772699496.4084191,run_20260305_092522_719454_R30_O_10_90_PLR_UED_S42,184.0,run_20260305_092522_719454_R30_O_10_90_PLR_UED_S42|implement|184,eval_only,0.0,removal,179.0,178.0,high(6+)
,implement,receive_reward,0,3000000000006,109,954,,2,mix_mu_5_40_terminal_dependent,90,B,,,6.0,,3,0,1.0,,,RL,0.0010424285428598,,B,B|gt_mean=90,,,,,,,,,,,,,,,,,,,,,,,removal,1,PLR_UED,a:\MYpython\34959_RL\codes\nexus\local_adaptive_o10_90_s42_rerun2\run_20260305_092522_719454_R30_O_10_90_PLR_UED_S42,O_10_90,42,PPO_NEW,v3,1,0,1,wait,1,0,1772699464.0924938,1772699495.5881755,run_20260305_092522_719454_R30_O_10_90_PLR_UED_S42,183.0,run_20260305_092522_719454_R30_O_10_90_PLR_UED_S42|implement|183,eval_only,0.0,removal,178.0,177.0,high(6+)
,implement,receive_reward,0,3000000000024,100,954,,2,mix_mu_5_40_terminal_dependent,90,B,,,6.0,,3,0,1.0,,,RL,0.0010426085209473,,B,B|gt_mean=90,,,,,,,,,,,,,,,,,,,,,,,removal,1,PLR_UED,a:\MYpython\34959_RL\codes\nexus\local_adaptive_o10_90_s42_rerun2\run_20260305_092522_719454_R30_O_10_90_PLR_UED_S42,O_10_90,42,PPO_NEW,v3,1,0,1,wait,1,0,1772699461.694224,1772699494.7940712,run_20260305_092522_719454_R30_O_10_90_PLR_UED_S42,182.0,run_20260305_092522_719454_R30_O_10_90_PLR_UED_S42|implement|182,eval_only,0.0,removal,177.0,176.0,high(6+)
,implement,receive_reward,1,3000000000029,111,955,,3,mix_mu_5_40_terminal_dependent,90,B,,,6.0,,82,0,0.0,,,RL,0.0010391724063083,,B,B|gt_mean=90,,,,,,,,,,,,,,,,,,,,,,,removal,1,PLR_UED,a:\MYpython\34959_RL\codes\nexus\local_adaptive_o10_90_s42_rerun2\run_20260305_092522_719454_R30_O_10_90_PLR_UED_S42,O_10_90,42,PPO_NEW,v3,0,0,1,wait,1,0,1772699432.5982597,1772699463.658564,run_20260305_092522_719454_R30_O_10_90_PLR_UED_S42,181.0,run_20260305_092522_719454_R30_O_10_90_PLR_UED_S42|implement|181,eval_only,0.0,removal,176.0,175.0,high(6+)
,implement,receive_reward,1,3000000000006,109,955,,3,mix_mu_5_40_terminal_dependent,90,B,,,6.0,,82,0,0.0,,,RL,0.0010363281471654,,B,B|gt_mean=90,,,,,,,,,,,,,,,,,,,,,,,removal,1,PLR_UED,a:\MYpython\34959_RL\codes\nexus\local_adaptive_o10_90_s42_rerun2\run_20260305_092522_719454_R30_O_10_90_PLR_UED_S42,O_10_90,42,PPO_NEW,v3,0,0,1,wait,1,0,1772699432.52766,1772699462.9155777,run_20260305_092522_719454_R30_O_10_90_PLR_UED_S42,180.0,run_20260305_092522_719454_R30_O_10_90_PLR_UED_S42|implement|180,eval_only,0.0,removal,175.0,174.0,high(6+)
,implement,receive_reward,1,3000000000024,100,955,,3,mix_mu_5_40_terminal_dependent,90,B,,,6.0,,82,0,0.0,,,RL,0.0010370055679231,,B,B|gt_mean=90,,,,,,,,,,,,,,,,,,,,,,,removal,1,PLR_UED,a:\MYpython\34959_RL\codes\nexus\local_adaptive_o10_90_s42_rerun2\run_20260305_092522_719454_R30_O_10_90_PLR_UED_S42,O_10_90,42,PPO_NEW,v3,0,0,1,wait,1,0,1772699430.8288136,1772699462.1263154,run_20260305_092522_719454_R30_O_10_90_PLR_UED_S42,179.0,run_20260305_092522_719454_R30_O_10_90_PLR_UED_S42|implement|179,eval_only,0.0,removal,174.0,173.0,high(6+)
,implement,receive_reward,0,3000000000027,102,956,,82,mix_mu_5_40_terminal_dependent,90,B,,,5.0,,2,0,0.0,,,RL,0.0010405622888356,,B,B|gt_mean=90,,,,,,,,,,,,,,,,,,,,,,,removal,1,PLR_UED,a:\MYpython\34959_RL\codes\nexus\local_adaptive_o10_90_s42_rerun2\run_20260305_092522_719454_R30_O_10_90_PLR_UED_S42,O_10_90,42,PPO_NEW,v3,0,0,1,wait,1,0,1772699429.2672198,1772699432.1438577,run_20260305_092522_719454_R30_O_10_90_PLR_UED_S42,178.0,run_20260305_092522_719454_R30_O_10_90_PLR_UED_S42|implement|178,eval_only,0.0,removal,173.0,172.0,mid(4-5)
,implement,receive_reward,0,3000000000001,60,957,,1,mix_mu_5_40_terminal_dependent,90,B,,,6.0,,1,0,1.0,,,RL,0.0010429531103,,B,B|gt_mean=90,,,,,,,,,,,,,,,,,,,,,,,removal,1,PLR_UED,a:\MYpython\34959_RL\codes\nexus\local_adaptive_o10_90_s42_rerun2\run_20260305_092522_719454_R30_O_10_90_PLR_UED_S42,O_10_90,42,PPO_NEW,v3,1,0,1,wait,1,0,1772699397.0730977,1772699397.4652562,run_20260305_092522_719454_R30_O_10_90_PLR_UED_S42,176.0,run_20260305_092522_719454_R30_O_10_90_PLR_UED_S42|implement|176,eval_only,0.0,removal,171.0,170.0,high(6+)
,implement,receive_reward,0,3000000000016,82,961,,1,mix_mu_5_40_terminal_dependent,90,B,,,2.0,,4,0,0.0,,,RL,0.0010386428330093,,B,B|gt_mean=90,,,,,,,,,,,,,,,,,,,,,,,removal,1,PLR_UED,a:\MYpython\34959_RL\codes\nexus\local_adaptive_o10_90_s42_rerun2\run_20260305_092522_719454_R30_O_10_90_PLR_UED_S42,O_10_90,42,PPO_NEW,v3,0,0,1,wait,1,0,1772699149.7690852,1772699253.124503,run_20260305_092522_719454_R30_O_10_90_PLR_UED_S42,151.0,run_20260305_092522_719454_R30_O_10_90_PLR_UED_S42|implement|151,eval_only,0.0,removal,146.0,145.0,low(2-3)
,implement,receive_reward,1,3000000000000,11,964,,4,mix_mu_5_40_terminal_dependent,90,B,,,5.0,,85,0,0.0,,,RL,0.0010384316556155,,B,B|gt_mean=90,,,,,,,,,,,,,,,,,,,,,,,removal,1,PLR_UED,a:\MYpython\34959_RL\codes\nexus\local_adaptive_o10_90_s42_rerun2\run_20260305_092522_719454_R30_O_10_90_PLR_UED_S42,O_10_90,42,PPO_NEW,v3,0,0,1,wait,1,0,1772699085.054036,1772699150.626243,run_20260305_092522_719454_R30_O_10_90_PLR_UED_S42,150.0,run_20260305_092522_719454_R30_O_10_90_PLR_UED_S42|implement|150,eval_only,0.0,removal,145.0,144.0,mid(4-5)
,implement,receive_reward,1,3000000000007,10,964,,4,mix_mu_5_40_terminal_dependent,90,B,,,5.0,,85,0,0.0,,,RL,0.0010348432697355,,B,B|gt_mean=90,,,,,,,,,,,,,,,,,,,,,,,removal,1,PLR_UED,a:\MYpython\34959_RL\codes\nexus\local_adaptive_o10_90_s42_rerun2\run_20260305_092522_719454_R30_O_10_90_PLR_UED_S42,O_10_90,42,PPO_NEW,v3,0,0,1,wait,1,0,1772699084.1101298,1772699150.0671537,run_20260305_092522_719454_R30_O_10_90_PLR_UED_S42,149.0,run_20260305_092522_719454_R30_O_10_90_PLR_UED_S42|implement|149,eval_only,0.0,removal,144.0,143.0,mid(4-5)
,implement,receive_reward,0,3000000000013,111,971,,98,mix_mu_5_40_terminal_dependent,90,B,,,6.0,,1,0,0.0,,,RL,0.0010362906614318,,B,B|gt_mean=90,,,,,,,,,,,,,,,,,,,,,,,removal,1,PLR_UED,a:\MYpython\34959_RL\codes\nexus\local_adaptive_o10_90_s42_rerun2\run_20260305_092522_719454_R30_O_10_90_PLR_UED_S42,O_10_90,42,PPO_NEW,v3,0,0,1,wait,1,0,1772698901.1041017,1772698907.3871577,run_20260305_092522_719454_R30_O_10_90_PLR_UED_S42,122.0,run_20260305_092522_719454_R30_O_10_90_PLR_UED_S42|implement|122,eval_only,0.0,removal,117.0,116.0,high(6+)
,implement,receive_reward,0,3000000000019,114,971,,1,mix_mu_5_40_terminal_dependent,90,B,,,5.0,,4,0,1.0,,,RL,0.0010418448364362,,B,B|gt_mean=90,,,,,,,,,,,,,,,,,,,,,,,removal,1,PLR_UED,a:\MYpython\34959_RL\codes\nexus\local_adaptive_o10_90_s42_rerun2\run_20260305_092522_719454_R30_O_10_90_PLR_UED_S42,O_10_90,42,PPO_NEW,v3,1,0,1,wait,1,0,1772698871.3110363,1772698904.3367832,run_20260305_092522_719454_R30_O_10_90_PLR_UED_S42,121.0,run_20260305_092522_719454_R30_O_10_90_PLR_UED_S42|implement|121,eval_only,0.0,removal,116.0,115.0,mid(4-5)
,implement,receive_reward,0,3000000000022,114,971,,1,mix_mu_5_40_terminal_dependent,90,B,,,5.0,,4,0,1.0,,,RL,0.0010428320383653,,B,B|gt_mean=90,,,,,,,,,,,,,,,,,,,,,,,removal,1,PLR_UED,a:\MYpython\34959_RL\codes\nexus\local_adaptive_o10_90_s42_rerun2\run_20260305_092522_719454_R30_O_10_90_PLR_UED_S42,O_10_90,42,PPO_NEW,v3,1,0,1,wait,1,0,1772698871.1173148,1772698903.4479747,run_20260305_092522_719454_R30_O_10_90_PLR_UED_S42,120.0,run_20260305_092522_719454_R30_O_10_90_PLR_UED_S42|implement|120,eval_only,0.0,removal,115.0,114.0,mid(4-5)
,implement,receive_reward,0,3000000000005,113,971,,1,mix_mu_5_40_terminal_dependent,90,B,,,5.0,,4,0,1.0,,,RL,0.0010411801049485,,B,B|gt_mean=90,,,,,,,,,,,,,,,,,,,,,,,removal,1,PLR_UED,a:\MYpython\34959_RL\codes\nexus\local_adaptive_o10_90_s42_rerun2\run_20260305_092522_719454_R30_O_10_90_PLR_UED_S42,O_10_90,42,PPO_NEW,v3,1,0,1,wait,1,0,1772698870.9956477,1772698902.533319,run_20260305_092522_719454_R30_O_10_90_PLR_UED_S42,119.0,run_20260305_092522_719454_R30_O_10_90_PLR_UED_S42|implement|119,eval_only,0.0,removal,114.0,113.0,mid(4-5)
,implement,receive_reward,0,3000000000006,109,971,,1,mix_mu_5_40_terminal_dependent,90,B,,,5.0,,4,0,1.0,,,RL,0.0010424196952953,,B,B|gt_mean=90,,,,,,,,,,,,,,,,,,,,,,,removal,1,PLR_UED,a:\MYpython\34959_RL\codes\nexus\local_adaptive_o10_90_s42_rerun2\run_20260305_092522_719454_R30_O_10_90_PLR_UED_S42,O_10_90,42,PPO_NEW,v3,1,0,1,wait,1,0,1772698870.191279,1772698901.6291466,run_20260305_092522_719454_R30_O_10_90_PLR_UED_S42,118.0,run_20260305_092522_719454_R30_O_10_90_PLR_UED_S42|implement|118,eval_only,0.0,removal,113.0,112.0,mid(4-5)
,implement,receive_reward,1,3000000000001,60,972,,4,mix_mu_5_40_terminal_dependent,90,B,,,6.0,,63,0,1.0,,,RL,0.0010438974713906,,B,B|gt_mean=90,,,,,,,,,,,,,,,,,,,,,,,removal,1,PLR_UED,a:\MYpython\34959_RL\codes\nexus\local_adaptive_o10_90_s42_rerun2\run_20260305_092522_719454_R30_O_10_90_PLR_UED_S42,O_10_90,42,PPO_NEW,v3,1,0,1,wait,1,0,1772698810.0514555,1772698870.5530806,run_20260305_092522_719454_R30_O_10_90_PLR_UED_S42,117.0,run_20260305_092522_719454_R30_O_10_90_PLR_UED_S42|implement|117,eval_only,0.0,removal,112.0,111.0,high(6+)
,implement,receive_reward,0,3000000000024,79,974,,2,mix_mu_5_40_terminal_dependent,90,B,,,3.0,,2,0,1.0,,,RL,,,B,B|gt_mean=90,,,,,,,,,,,,,,,,,,,,,,,removal,0,PLR_UED,a:\MYpython\34959_RL\codes\nexus\local_adaptive_o10_90_s42_rerun2\run_20260305_092522_719454_R30_O_10_90_PLR_UED_S42,O_10_90,42,PPO_NEW,v3,1,0,1,wait,1,0,1772698808.7313688,1772698808.7313688,run_20260305_092522_719454_R30_O_10_90_PLR_UED_S42,116.0,run_20260305_092522_719454_R30_O_10_90_PLR_UED_S42|implement|116,eval_only,,removal,111.0,-1.0,low(2-3)
,implement,receive_reward,0,3000000000005,113,974,,2,mix_mu_5_40_terminal_dependent,90,B,,,3.0,,1,0,0.0,,,RL,0.0010458036558702,,B,B|gt_mean=90,,,,,,,,,,,,,,,,,,,,,,,removal,1,PLR_UED,a:\MYpython\34959_RL\codes\nexus\local_adaptive_o10_90_s42_rerun2\run_20260305_092522_719454_R30_O_10_90_PLR_UED_S42,O_10_90,42,PPO_NEW,v3,0,0,1,wait,1,0,1772698808.171262,1772698808.6969376,run_20260305_092522_719454_R30_O_10_90_PLR_UED_S42,115.0,run_20260305_092522_719454_R30_O_10_90_PLR_UED_S42|implement|115,eval_only,0.0,removal,110.0,110.0,low(2-3)
,implement,receive_reward,0,3000000000002,110,974,,2,mix_mu_5_40_terminal_dependent,90,B,,,3.0,,1,0,0.0,,,RL,0.0010414132848381,,B,B|gt_mean=90,,,,,,,,,,,,,,,,,,,,,,,removal,1,PLR_UED,a:\MYpython\34959_RL\codes\nexus\local_adaptive_o10_90_s42_rerun2\run_20260305_092522_719454_R30_O_10_90_PLR_UED_S42,O_10_90,42,PPO_NEW,v3,0,0,1,wait,1,0,1772698776.147487,1772698808.1802824,run_20260305_092522_719454_R30_O_10_90_PLR_UED_S42,114.0,run_20260305_092522_719454_R30_O_10_90_PLR_UED_S42|implement|114,eval_only,0.0,removal,109.0,109.0,low(2-3)
,implement,receive_reward,1,3000000000005,113,975,,1,mix_mu_5_40_terminal_dependent,90,B,,,6.0,,112,1,1.0,,,RL,0.0010358917061239,,B,B|gt_mean=90,,,,,,,,,,,,,,,,,,,,,,,insertion,1,PLR_UED,a:\MYpython\34959_RL\codes\nexus\local_adaptive_o10_90_s42_rerun2\run_20260305_092522_719454_R30_O_10_90_PLR_UED_S42,O_10_90,42,PPO_NEW,v3,1,1,0,non_insert,1,0,1772698774.7657945,1772698775.745706,run_20260305_092522_719454_R30_O_10_90_PLR_UED_S42,113.0,run_20260305_092522_719454_R30_O_10_90_PLR_UED_S42|implement|113,eval_only,0.0,insertion,3.0,108.0,high(6+)
,implement,receive_reward,1,3000000000005,113,975,,1,mix_mu_5_40_terminal_dependent,90,B,,,6.0,,112,1,1.0,,,RL,0.9983652234077454,,B,B|gt_mean=90,,,,,,,,,,,,,,,,,,,,,,,removal,1,PLR_UED,a:\MYpython\34959_RL\codes\nexus\local_adaptive_o10_90_s42_rerun2\run_20260305_092522_719454_R30_O_10_90_PLR_UED_S42,O_10_90,42,PPO_NEW,v3,1,1,0,remove,0,1,1772698743.2892132,1772698774.9767294,run_20260305_092522_719454_R30_O_10_90_PLR_UED_S42,112.0,run_20260305_092522_719454_R30_O_10_90_PLR_UED_S42|implement|112,eval_only,0.0,removal,108.0,107.0,high(6+)
,implement,receive_reward,0,3000000000024,79,976,,112,mix_mu_5_40_terminal_dependent,90,B,,,5.0,,2,0,1.0,,,RL,0.0010431493865326,,B,B|gt_mean=90,,,,,,,,,,,,,,,,,,,,,,,removal,1,PLR_UED,a:\MYpython\34959_RL\codes\nexus\local_adaptive_o10_90_s42_rerun2\run_20260305_092522_719454_R30_O_10_90_PLR_UED_S42,O_10_90,42,PPO_NEW,v3,1,0,1,wait,1,0,1772698741.7217755,1772698745.0086312,run_20260305_092522_719454_R30_O_10_90_PLR_UED_S42,111.0,run_20260305_092522_719454_R30_O_10_90_PLR_UED_S42|implement|111,eval_only,0.0,removal,107.0,106.0,mid(4-5)
,implement,receive_reward,0,3000000000018,71,976,,112,mix_mu_5_40_terminal_dependent,90,B,,,5.0,,2,0,1.0,,,RL,0.0010416622972115,,B,B|gt_mean=90,,,,,,,,,,,,,,,,,,,,,,,removal,1,PLR_UED,a:\MYpython\34959_RL\codes\nexus\local_adaptive_o10_90_s42_rerun2\run_20260305_092522_719454_R30_O_10_90_PLR_UED_S42,O_10_90,42,PPO_NEW,v3,1,0,1,wait,1,0,1772698736.2216873,1772698744.0072136,run_20260305_092522_719454_R30_O_10_90_PLR_UED_S42,110.0,run_20260305_092522_719454_R30_O_10_90_PLR_UED_S42|implement|110,eval_only,0.0,removal,106.0,105.0,mid(4-5)
,implement,receive_reward,0,3000000000028,47,976,,2,mix_mu_5_40_terminal_dependent,90,B,,,6.0,,3,0,0.0,,,RL,0.0010403086198493,,B,B|gt_mean=90,,,,,,,,,,,,,,,,,,,,,,,removal,1,PLR_UED,a:\MYpython\34959_RL\codes\nexus\local_adaptive_o10_90_s42_rerun2\run_20260305_092522_719454_R30_O_10_90_PLR_UED_S42,O_10_90,42,PPO_NEW,v3,0,0,1,wait,1,0,1772698707.0861351,1772698741.2976012,run_20260305_092522_719454_R30_O_10_90_PLR_UED_S42,109.0,run_20260305_092522_719454_R30_O_10_90_PLR_UED_S42|implement|109,eval_only,0.0,removal,105.0,104.0,high(6+)
,implement,receive_reward,0,3000000000026,44,976,,2,mix_mu_5_40_terminal_dependent,90,B,,,6.0,,3,0,0.0,,,RL,0.0010377656435593,,B,B|gt_mean=90,,,,,,,,,,,,,,,,,,,,,,,removal,1,PLR_UED,a:\MYpython\34959_RL\codes\nexus\local_adaptive_o10_90_s42_rerun2\run_20260305_092522_719454_R30_O_10_90_PLR_UED_S42,O_10_90,42,PPO_NEW,v3,0,0,1,wait,1,0,1772698707.006102,1772698740.4238658,run_20260305_092522_719454_R30_O_10_90_PLR_UED_S42,108.0,run_20260305_092522_719454_R30_O_10_90_PLR_UED_S42|implement|108,eval_only,0.0,removal,104.0,103.0,high(6+)
,implement,receive_reward,0,3000000000022,36,976,,2,mix_mu_5_40_terminal_dependent,90,B,,,6.0,,3,0,1.0,,,RL,0.0010428320383653,,B,B|gt_mean=90,,,,,,,,,,,,,,,,,,,,,,,removal,1,PLR_UED,a:\MYpython\34959_RL\codes\nexus\local_adaptive_o10_90_s42_rerun2\run_20260305_092522_719454_R30_O_10_90_PLR_UED_S42,O_10_90,42,PPO_NEW,v3,1,0,1,wait,1,0,1772698706.9114363,1772698739.540354,run_20260305_092522_719454_R30_O_10_90_PLR_UED_S42,107.0,run_20260305_092522_719454_R30_O_10_90_PLR_UED_S42|implement|107,eval_only,0.0,removal,103.0,102.0,high(6+)
,implement,receive_reward,0,3000000000019,36,976,,2,mix_mu_5_40_terminal_dependent,90,B,,,6.0,,3,0,1.0,,,RL,0.0010418448364362,,B,B|gt_mean=90,,,,,,,,,,,,,,,,,,,,,,,removal,1,PLR_UED,a:\MYpython\34959_RL\codes\nexus\local_adaptive_o10_90_s42_rerun2\run_20260305_092522_719454_R30_O_10_90_PLR_UED_S42,O_10_90,42,PPO_NEW,v3,1,0,1,wait,1,0,1772698706.831095,1772698738.589218,run_20260305_092522_719454_R30_O_10_90_PLR_UED_S42,106.0,run_20260305_092522_719454_R30_O_10_90_PLR_UED_S42|implement|106,eval_only,0.0,removal,102.0,101.0,high(6+)
,implement,receive_reward,0,3000000000004,26,976,,2,mix_mu_5_40_terminal_dependent,90,B,,,6.0,,3,0,1.0,,,RL,0.0010415392462164,,B,B|gt_mean=90,,,,,,,,,,,,,,,,,,,,,,,removal,1,PLR_UED,a:\MYpython\34959_RL\codes\nexus\local_adaptive_o10_90_s42_rerun2\run_20260305_092522_719454_R30_O_10_90_PLR_UED_S42,O_10_90,42,PPO_NEW,v3,1,0,1,wait,1,0,1772698706.7617822,1772698737.7181454,run_20260305_092522_719454_R30_O_10_90_PLR_UED_S42,105.0,run_20260305_092522_719454_R30_O_10_90_PLR_UED_S42|implement|105,eval_only,0.0,removal,101.0,100.0,high(6+)
,implement,receive_reward,0,3000000000005,26,976,,2,mix_mu_5_40_terminal_dependent,90,B,,,6.0,,3,0,0.0,,,RL,0.0010411801049485,,B,B|gt_mean=90,,,,,,,,,,,,,,,,,,,,,,,removal,1,PLR_UED,a:\MYpython\34959_RL\codes\nexus\local_adaptive_o10_90_s42_rerun2\run_20260305_092522_719454_R30_O_10_90_PLR_UED_S42,O_10_90,42,PPO_NEW,v3,0,0,1,wait,1,0,1772698702.1024237,1772698736.722143,run_20260305_092522_719454_R30_O_10_90_PLR_UED_S42,104.0,run_20260305_092522_719454_R30_O_10_90_PLR_UED_S42|implement|104,eval_only,0.0,removal,100.0,99.0,high(6+)
,implement,receive_reward,1,3000000000028,47,977,,3,mix_mu_5_40_terminal_dependent,90,B,,,6.0,,52,0,0.0,,,RL,0.0010343218455091,,B,B|gt_mean=90,,,,,,,,,,,,,,,,,,,,,,,removal,1,PLR_UED,a:\MYpython\34959_RL\codes\nexus\local_adaptive_o10_90_s42_rerun2\run_20260305_092522_719454_R30_O_10_90_PLR_UED_S42,O_10_90,42,PPO_NEW,v3,0,0,1,wait,1,0,1772698671.2685318,1772698706.240189,run_20260305_092522_719454_R30_O_10_90_PLR_UED_S42,103.0,run_20260305_092522_719454_R30_O_10_90_PLR_UED_S42|implement|103,eval_only,0.0,removal,99.0,98.0,high(6+)
,implement,receive_reward,1,3000000000022,36,977,,3,mix_mu_5_40_terminal_dependent,90,B,,,6.0,,52,0,0.0,,,RL,0.001039691385813,,B,B|gt_mean=90,,,,,,,,,,,,,,,,,,,,,,,removal,1,PLR_UED,a:\MYpython\34959_RL\codes\nexus\local_adaptive_o10_90_s42_rerun2\run_20260305_092522_719454_R30_O_10_90_PLR_UED_S42,O_10_90,42,PPO_NEW,v3,0,0,1,wait,1,0,1772698671.201934,1772698705.3240356,run_20260305_092522_719454_R30_O_10_90_PLR_UED_S42,102.0,run_20260305_092522_719454_R30_O_10_90_PLR_UED_S42|implement|102,eval_only,0.0,removal,98.0,97.0,high(6+)
,implement,receive_reward,0,3000000000020,111,971,,98,mix_mu_5_40_terminal_dependent,90,B,,,6.0,,1,0,0.0,,,RL,0.0010355514241382,,B,B|gt_mean=90,,,,,,,,,,,,,,,,,,,,,,,removal,1,PLR_UED,a:\MYpython\34959_RL\codes\nexus\local_adaptive_o10_90_s42_rerun2\run_20260305_092522_719454_R30_O_10_90_PLR_UED_S42,O_10_90,42,PPO_NEW,v3,0,0,1,wait,1,0,1772698904.7712743,1772698908.351468,run_20260305_092522_719454_R30_O_10_90_PLR_UED_S42,123.0,run_20260305_092522_719454_R30_O_10_90_PLR_UED_S42|implement|123,eval_only,0.0,removal,118.0,117.0,high(6+)
,implement,receive_reward,0,3000000000029,111,971,,98,mix_mu_5_40_terminal_dependent,90,B,,,6.0,,1,0,1.0,,,RL,0.0010442710481584,,B,B|gt_mean=90,,,,,,,,,,,,,,,,,,,,,,,removal,1,PLR_UED,a:\MYpython\34959_RL\codes\nexus\local_adaptive_o10_90_s42_rerun2\run_20260305_092522_719454_R30_O_10_90_PLR_UED_S42,O_10_90,42,PPO_NEW,v3,1,0,1,wait,1,0,1772698904.8348846,1772698909.2839086,run_20260305_092522_719454_R30_O_10_90_PLR_UED_S42,124.0,run_20260305_092522_719454_R30_O_10_90_PLR_UED_S42|implement|124,eval_only,0.0,removal,119.0,118.0,high(6+)
,implement,receive_reward,0,3000000000011,111,971,,98,mix_mu_5_40_terminal_dependent,90,B,,,6.0,,1,0,0.0,,,RL,0.0010410005925223,,B,B|gt_mean=90,,,,,,,,,,,,,,,,,,,,,,,removal,1,PLR_UED,a:\MYpython\34959_RL\codes\nexus\local_adaptive_o10_90_s42_rerun2\run_20260305_092522_719454_R30_O_10_90_PLR_UED_S42,O_10_90,42,PPO_NEW,v3,0,0,1,wait,1,0,1772698904.8987918,1772698910.1488984,run_20260305_092522_719454_R30_O_10_90_PLR_UED_S42,125.0,run_20260305_092522_719454_R30_O_10_90_PLR_UED_S42|implement|125,eval_only,0.0,removal,120.0,119.0,high(6+)
,implement,receive_reward,0,3000000000019,114,971,,98,mix_mu_5_40_terminal_dependent,90,B,,,6.0,,1,0,1.0,,,RL,0.0010432275012135,,B,B|gt_mean=90,,,,,,,,,,,,,,,,,,,,,,,removal,1,PLR_UED,a:\MYpython\34959_RL\codes\nexus\local_adaptive_o10_90_s42_rerun2\run_20260305_092522_719454_R30_O_10_90_PLR_UED_S42,O_10_90,42,PPO_NEW,v3,1,0,1,wait,1,0,1772698904.9654045,1772698911.1756718,run_20260305_092522_719454_R30_O_10_90_PLR_UED_S42,126.0,run_20260305_092522_719454_R30_O_10_90_PLR_UED_S42|implement|126,eval_only,0.0,removal,121.0,120.0,high(6+)
,implement,receive_reward,0,3000000000021,70,966,,85,mix_mu_5_40_terminal_dependent,90,B,,,5.0,,2,0,1.0,,,RL,0.0010434102732688,,B,B|gt_mean=90,,,,,,,,,,,,,,,,,,,,,,,removal,1,PLR_UED,a:\MYpython\34959_RL\codes\nexus\local_adaptive_o10_90_s42_rerun2\run_20260305_092522_719454_R30_O_10_90_PLR_UED_S42,O_10_90,42,PPO_NEW,v3,1,0,1,wait,1,0,1772699082.5416298,1772699084.5394106,run_20260305_092522_719454_R30_O_10_90_PLR_UED_S42,148.0,run_20260305_092522_719454_R30_O_10_90_PLR_UED_S42|implement|148,eval_only,0.0,removal,143.0,142.0,mid(4-5)
,implement,receive_reward,1,3000000000005,113,967,,66,mix_mu_5_40_terminal_dependent,90,B,,,4.0,,66,0,0.0,,,RL,0.0010379375889897,,B,B|gt_mean=90,,,,,,,,,,,,,,,,,,,,,,,removal,1,PLR_UED,a:\MYpython\34959_RL\codes\nexus\local_adaptive_o10_90_s42_rerun2\run_20260305_092522_719454_R30_O_10_90_PLR_UED_S42,O_10_90,42,PPO_NEW,v3,0,0,1,wait,1,0,1772699050.259719,1772699050.881513,run_20260305_092522_719454_R30_O_10_90_PLR_UED_S42,147.0,run_20260305_092522_719454_R30_O_10_90_PLR_UED_S42|implement|147,eval_only,0.0,removal,142.0,141.0,mid(4-5)
,implement,receive_reward,1,3000000000025,102,967,,66,mix_mu_5_40_terminal_dependent,90,B,,,4.0,,57,0,1.0,,,RL,0.001042969059199,,B,B|gt_mean=90,,,,,,,,,,,,,,,,,,,,,,,removal,1,PLR_UED,a:\MYpython\34959_RL\codes\nexus\local_adaptive_o10_90_s42_rerun2\run_20260305_092522_719454_R30_O_10_90_PLR_UED_S42,O_10_90,42,PPO_NEW,v3,1,0,1,wait,1,0,1772699018.2548509,1772699050.8502266,run_20260305_092522_719454_R30_O_10_90_PLR_UED_S42,146.0,run_20260305_092522_719454_R30_O_10_90_PLR_UED_S42|implement|146,eval_only,0.0,removal,141.0,140.0,mid(4-5)
,implement,receive_reward,1,3000000000024,100,967,,66,mix_mu_5_40_terminal_dependent,90,B,,,4.0,,57,0,1.0,,,RL,0.0010437617311254,,B,B|gt_mean=90,,,,,,,,,,,,,,,,,,,,,,,removal,1,PLR_UED,a:\MYpython\34959_RL\codes\nexus\local_adaptive_o10_90_s42_rerun2\run_20260305_092522_719454_R30_O_10_90_PLR_UED_S42,O_10_90,42,PPO_NEW,v3,1,0,1,wait,1,0,1772699017.9895651,1772699050.8403203,run_20260305_092522_719454_R30_O_10_90_PLR_UED_S42,145.0,run_20260305_092522_719454_R30_O_10_90_PLR_UED_S42|implement|145,eval_only,0.0,removal,140.0,139.0,mid(4-5)
,implement,receive_reward,1,3000000000028,99,967,,66,mix_mu_5_40_terminal_dependent,90,B,,,4.0,,57,0,0.0,,,RL,0.0010367437498643,,B,B|gt_mean=90,,,,,,,,,,,,,,,,,,,,,,,removal,1,PLR_UED,a:\MYpython\34959_RL\codes\nexus\local_adaptive_o10_90_s42_rerun2\run_20260305_092522_719454_R30_O_10_90_PLR_UED_S42,O_10_90,42,PPO_NEW,v3,0,0,1,wait,1,0,1772699017.9233625,1772699050.7364557,run_20260305_092522_719454_R30_O_10_90_PLR_UED_S42,144.0,run_20260305_092522_719454_R30_O_10_90_PLR_UED_S42|implement|144,eval_only,0.0,removal,139.0,138.0,mid(4-5)
,implement,receive_reward,1,3000000000015,83,967,,66,mix_mu_5_40_terminal_dependent,90,B,,,4.0,,57,0,1.0,,,RL,0.0010444584768265,,B,B|gt_mean=90,,,,,,,,,,,,,,,,,,,,,,,removal,1,PLR_UED,a:\MYpython\34959_RL\codes\nexus\local_adaptive_o10_90_s42_rerun2\run_20260305_092522_719454_R30_O_10_90_PLR_UED_S42,O_10_90,42,PPO_NEW,v3,1,0,1,wait,1,0,1772699011.7429593,1772699050.3366838,run_20260305_092522_719454_R30_O_10_90_PLR_UED_S42,143.0,run_20260305_092522_719454_R30_O_10_90_PLR_UED_S42|implement|143,eval_only,0.0,removal,138.0,137.0,mid(4-5)
,implement,receive_reward,0,3000000000013,111,968,,57,mix_mu_5_40_terminal_dependent,90,B,,,3.0,,1,0,1.0,,,RL,0.0010411324910819,,B,B|gt_mean=90,,,,,,,,,,,,,,,,,,,,,,,removal,1,PLR_UED,a:\MYpython\34959_RL\codes\nexus\local_adaptive_o10_90_s42_rerun2\run_20260305_092522_719454_R30_O_10_90_PLR_UED_S42,O_10_90,42,PPO_NEW,v3,1,0,1,wait,1,0,1772699010.3774035,1772699017.5021503,run_20260305_092522_719454_R30_O_10_90_PLR_UED_S42,142.0,run_20260305_092522_719454_R30_O_10_90_PLR_UED_S42|implement|142,eval_only,0.0,removal,137.0,136.0,low(2-3)
,implement,receive_reward,0,3000000000020,111,968,,57,mix_mu_5_40_terminal_dependent,90,B,,,3.0,,1,0,0.0,,,RL,0.0010405187495052,,B,B|gt_mean=90,,,,,,,,,,,,,,,,,,,,,,,removal,1,PLR_UED,a:\MYpython\34959_RL\codes\nexus\local_adaptive_o10_90_s42_rerun2\run_20260305_092522_719454_R30_O_10_90_PLR_UED_S42,O_10_90,42,PPO_NEW,v3,0,0,1,wait,1,0,1772699010.269338,1772699016.536489,run_20260305_092522_719454_R30_O_10_90_PLR_UED_S42,141.0,run_20260305_092522_719454_R30_O_10_90_PLR_UED_S42|implement|141,eval_only,0.0,removal,136.0,135.0,low(2-3)
,implement,receive_reward,0,3000000000029,111,968,,57,mix_mu_5_40_terminal_dependent,90,B,,,3.0,,1,0,1.0,,,RL,0.0010460921330377,,B,B|gt_mean=90,,,,,,,,,,,,,,,,,,,,,,,removal,1,PLR_UED,a:\MYpython\34959_RL\codes\nexus\local_adaptive_o10_90_s42_rerun2\run_20260305_092522_719454_R30_O_10_90_PLR_UED_S42,O_10_90,42,PPO_NEW,v3,1,0,1,wait,1,0,1772699010.1997693,1772699015.681842,run_20260305_092522_719454_R30_O_10_90_PLR_UED_S42,140.0,run_20260305_092522_719454_R30_O_10_90_PLR_UED_S42|implement|140,eval_only,0.0,removal,135.0,134.0,low(2-3)
,implement,receive_reward,0,3000000000011,111,968,,57,mix_mu_5_40_terminal_dependent,90,B,,,3.0,,1,0,1.0,,,RL,0.0010441953781992,,B,B|gt_mean=90,,,,,,,,,,,,,,,,,,,,,,,removal,1,PLR_UED,a:\MYpython\34959_RL\codes\nexus\local_adaptive_o10_90_s42_rerun2\run_20260305_092522_719454_R30_O_10_90_PLR_UED_S42,O_10_90,42,PPO_NEW,v3,1,0,1,wait,1,0,1772699010.1302977,1772699014.8466327,run_20260305_092522_719454_R30_O_10_90_PLR_UED_S42,139.0,run_20260305_092522_719454_R30_O_10_90_PLR_UED_S42|implement|139,eval_only,0.0,removal,134.0,133.0,low(2-3)
,implement,receive_reward,0,3000000000001,60,998,,75,mix_mu_5_40_terminal_dependent,90,B,,,6.0,,1,0,1.0,,,RL,0.0010449551045894,,B,B|gt_mean=90,,,,,,,,,,,,,,,,,,,,,,,removal,1,PLR_UED,a:\MYpython\34959_RL\codes\nexus\local_adaptive_o10_90_s42_rerun2\run_20260305_092522_719454_R30_O_10_90_PLR_UED_S42,O_10_90,42,PPO_NEW,v3,1,0,1,wait,1,0,1772697910.7478294,1772697912.707773,run_20260305_092522_719454_R30_O_10_90_PLR_UED_S42,1.0,run_20260305_092522_719454_R30_O_10_90_PLR_UED_S42|implement|1,eval_only,0.0,removal,0.0,0.0,high(6+)
,implement,receive_reward,0,3000000000002,110,968,,57,mix_mu_5_40_terminal_dependent,90,B,,,3.0,,1,0,1.0,,,RL,0.00104229117278,,B,B|gt_mean=90,,,,,,,,,,,,,,,,,,,,,,,removal,1,PLR_UED,a:\MYpython\34959_RL\codes\nexus\local_adaptive_o10_90_s42_rerun2\run_20260305_092522_719454_R30_O_10_90_PLR_UED_S42,O_10_90,42,PPO_NEW,v3,1,0,1,wait,1,0,1772699010.059607,1772699013.9276607,run_20260305_092522_719454_R30_O_10_90_PLR_UED_S42,138.0,run_20260305_092522_719454_R30_O_10_90_PLR_UED_S42|implement|138,eval_only,0.0,removal,133.0,132.0,low(2-3)
,implement,receive_reward,0,3000000000024,100,968,,57,mix_mu_5_40_terminal_dependent,90,B,,,3.0,,1,0,1.0,,,RL,0.0010458246106281,,B,B|gt_mean=90,,,,,,,,,,,,,,,,,,,,,,,removal,1,PLR_UED,a:\MYpython\34959_RL\codes\nexus\local_adaptive_o10_90_s42_rerun2\run_20260305_092522_719454_R30_O_10_90_PLR_UED_S42,O_10_90,42,PPO_NEW,v3,1,0,1,wait,1,0,1772699007.6370234,1772699012.2773662,run_20260305_092522_719454_R30_O_10_90_PLR_UED_S42,136.0,run_20260305_092522_719454_R30_O_10_90_PLR_UED_S42|implement|136,eval_only,0.0,removal,131.0,130.0,low(2-3)
,implement,receive_reward,1,3000000000029,43,968,,1,mix_mu_5_40_terminal_dependent,90,B,,,3.0,,94,0,1.0,,,RL,0.0010353600373491,,B,B|gt_mean=90,,,,,,,,,,,,,,,,,,,,,,,removal,1,PLR_UED,a:\MYpython\34959_RL\codes\nexus\local_adaptive_o10_90_s42_rerun2\run_20260305_092522_719454_R30_O_10_90_PLR_UED_S42,O_10_90,42,PPO_NEW,v3,1,0,1,wait,1,0,1772698977.389246,1772699009.801518,run_20260305_092522_719454_R30_O_10_90_PLR_UED_S42,135.0,run_20260305_092522_719454_R30_O_10_90_PLR_UED_S42|implement|135,eval_only,0.0,removal,130.0,129.0,low(2-3)
,implement,receive_reward,1,3000000000015,43,968,,1,mix_mu_5_40_terminal_dependent,90,B,,,3.0,,94,0,0.0,,,RL,0.0010367932263761,,B,B|gt_mean=90,,,,,,,,,,,,,,,,,,,,,,,removal,1,PLR_UED,a:\MYpython\34959_RL\codes\nexus\local_adaptive_o10_90_s42_rerun2\run_20260305_092522_719454_R30_O_10_90_PLR_UED_S42,O_10_90,42,PPO_NEW,v3,0,0,1,wait,1,0,1772698977.309101,1772699009.1246247,run_20260305_092522_719454_R30_O_10_90_PLR_UED_S42,134.0,run_20260305_092522_719454_R30_O_10_90_PLR_UED_S42|implement|134,eval_only,0.0,removal,129.0,128.0,low(2-3)
,implement,receive_reward,1,3000000000006,24,968,,1,mix_mu_5_40_terminal_dependent,90,B,,,3.0,,94,0,0.0,,,RL,0.0010363400215283,,B,B|gt_mean=90,,,,,,,,,,,,,,,,,,,,,,,removal,1,PLR_UED,a:\MYpython\34959_RL\codes\nexus\local_adaptive_o10_90_s42_rerun2\run_20260305_092522_719454_R30_O_10_90_PLR_UED_S42,O_10_90,42,PPO_NEW,v3,0,0,1,wait,1,0,1772698977.2038045,1772699008.16021,run_20260305_092522_719454_R30_O_10_90_PLR_UED_S42,133.0,run_20260305_092522_719454_R30_O_10_90_PLR_UED_S42|implement|133,eval_only,0.0,removal,128.0,127.0,low(2-3)
,implement,receive_reward,0,3000000000024,79,969,,2,mix_mu_5_40_terminal_dependent,90,B,,,5.0,,2,0,1.0,,,RL,0.0010437126038596,,B,B|gt_mean=90,,,,,,,,,,,,,,,,,,,,,,,removal,1,PLR_UED,a:\MYpython\34959_RL\codes\nexus\local_adaptive_o10_90_s42_rerun2\run_20260305_092522_719454_R30_O_10_90_PLR_UED_S42,O_10_90,42,PPO_NEW,v3,1,0,1,wait,1,0,1772698975.5398731,1772698975.874332,run_20260305_092522_719454_R30_O_10_90_PLR_UED_S42,132.0,run_20260305_092522_719454_R30_O_10_90_PLR_UED_S42|implement|132,eval_only,0.0,removal,127.0,126.0,mid(4-5)
,implement,receive_reward,0,3000000000023,92,969,,2,mix_mu_5_40_terminal_dependent,90,B,,,5.0,,4,0,0.0,,,RL,0.0010342395398765,,B,B|gt_mean=90,,,,,,,,,,,,,,,,,,,,,,,removal,1,PLR_UED,a:\MYpython\34959_RL\codes\nexus\local_adaptive_o10_90_s42_rerun2\run_20260305_092522_719454_R30_O_10_90_PLR_UED_S42,O_10_90,42,PPO_NEW,v3,0,0,1,wait,1,0,1772698943.774225,1772698975.561128,run_20260305_092522_719454_R30_O_10_90_PLR_UED_S42,131.0,run_20260305_092522_719454_R30_O_10_90_PLR_UED_S42|implement|131,eval_only,0.0,removal,126.0,125.0,mid(4-5)
,implement,receive_reward,0,3000000000016,82,969,,2,mix_mu_5_40_terminal_dependent,90,B,,,5.0,,4,0,0.0,,,RL,0.0010367211652919,,B,B|gt_mean=90,,,,,,,,,,,,,,,,,,,,,,,removal,1,PLR_UED,a:\MYpython\34959_RL\codes\nexus\local_adaptive_o10_90_s42_rerun2\run_20260305_092522_719454_R30_O_10_90_PLR_UED_S42,O_10_90,42,PPO_NEW,v3,0,0,1,wait,1,0,1772698941.9025462,1772698975.5480988,run_20260305_092522_719454_R30_O_10_90_PLR_UED_S42,130.0,run_20260305_092522_719454_R30_O_10_90_PLR_UED_S42|implement|130,eval_only,0.0,removal,125.0,124.0,mid(4-5)
,implement,receive_reward,1,3000000000019,36,970,,4,mix_mu_5_40_terminal_dependent,90,B,,,6.0,,98,1,1.0,,,RL,0.9982725381851196,,B,B|gt_mean=90,,,,,,,,,,,,,,,,,,,,,,,removal,1,PLR_UED,a:\MYpython\34959_RL\codes\nexus\local_adaptive_o10_90_s42_rerun2\run_20260305_092522_719454_R30_O_10_90_PLR_UED_S42,O_10_90,42,PPO_NEW,v3,1,1,0,remove,0,1,1772698912.4205122,1772698943.3797407,run_20260305_092522_719454_R30_O_10_90_PLR_UED_S42,129.0,run_20260305_092522_719454_R30_O_10_90_PLR_UED_S42|implement|129,eval_only,0.0,removal,124.0,123.0,high(6+)
,implement,receive_reward,1,3000000000022,36,970,,4,mix_mu_5_40_terminal_dependent,90,B,,,6.0,,98,0,0.0,,,RL,0.0012591496342793,,B,B|gt_mean=90,,,,,,,,,,,,,,,,,,,,,,,removal,1,PLR_UED,a:\MYpython\34959_RL\codes\nexus\local_adaptive_o10_90_s42_rerun2\run_20260305_092522_719454_R30_O_10_90_PLR_UED_S42,O_10_90,42,PPO_NEW,v3,0,0,1,wait,1,0,1772698906.8748298,1772698942.434197,run_20260305_092522_719454_R30_O_10_90_PLR_UED_S42,128.0,run_20260305_092522_719454_R30_O_10_90_PLR_UED_S42|implement|128,eval_only,0.0,removal,123.0,122.0,high(6+)
,implement,receive_reward,0,3000000000022,114,971,,98,mix_mu_5_40_terminal_dependent,90,B,,,6.0,,1,0,1.0,,,RL,0.0010439910693094,,B,B|gt_mean=90,,,,,,,,,,,,,,,,,,,,,,,removal,1,PLR_UED,a:\MYpython\34959_RL\codes\nexus\local_adaptive_o10_90_s42_rerun2\run_20260305_092522_719454_R30_O_10_90_PLR_UED_S42,O_10_90,42,PPO_NEW,v3,1,0,1,wait,1,0,1772698905.0310097,1772698912.0333693,run_20260305_092522_719454_R30_O_10_90_PLR_UED_S42,127.0,run_20260305_092522_719454_R30_O_10_90_PLR_UED_S42|implement|127,eval_only,0.0,removal,122.0,121.0,high(6+)
,implement,receive_reward,0,3000000000006,109,968,,57,mix_mu_5_40_terminal_dependent,90,B,,,3.0,,1,0,1.0,,,RL,0.0010457439348101,,B,B|gt_mean=90,,,,,,,,,,,,,,,,,,,,,,,removal,1,PLR_UED,a:\MYpython\34959_RL\codes\nexus\local_adaptive_o10_90_s42_rerun2\run_20260305_092522_719454_R30_O_10_90_PLR_UED_S42,O_10_90,42,PPO_NEW,v3,1,0,1,wait,1,0,1772699009.9948952,1772699013.0406976,run_20260305_092522_719454_R30_O_10_90_PLR_UED_S42,137.0,run_20260305_092522_719454_R30_O_10_90_PLR_UED_S42|implement|137,eval_only,0.0,removal,132.0,131.0,low(2-3)
,implement,unmatched,0,3000000000015,83,949,,1,mix_mu_5_40_terminal_dependent,90,B,,,,,,0,,,,RL,0.0010450686095282,,,,,,,,,,,,,,,,,,,,,,,,,,unknown,0,PLR_UED,a:\MYpython\34959_RL\codes\nexus\local_adaptive_o10_90_s42_rerun2\run_20260305_092522_719454_R30_O_10_90_PLR_UED_S42,O_10_90,42,PPO_NEW,v3,0,0,1,unknown,0,0,1772699663.9996014,1772699664.1517403,run_20260305_092522_719454_R30_O_10_90_PLR_UED_S42,199.0,run_20260305_092522_719454_R30_O_10_90_PLR_UED_S42|implement|199,eval_only,0.0,,,-1.0,unknown
1771508704.1394181,implement,receive_reward,1,3000000000024,79,999,999,104,mix_mu_5_40_terminal_dependent,90,B,none,40.0,4.0,"""[4, -1, -1, -1, -1, -1, -1, -1, -1, -1]""",104,0,0.0,等待/保持,,RL,,PPO,B,B|gt_mean=90,0.0,,,,,,,,,,,,,,,,,,,,,,removal,1,PPO,a:\MYpython\34959_RL\codes\nexus\thesis_gapfill_patch\run_20260219_202213_305730_R30_O_10_90_PPO_S42,O_10_90,42,PPO,v1,0,0,1,wait,1,0,,,,,,,,,,,mid(4-5)
1771509574.5158238,implement,receive_reward,1,3000000000022,36,978,978,52,mix_mu_5_40_terminal_dependent,90,B,none,97.1,6.0,"""[5.0, -1, -1, -1, -1, -1, -1, -1, -1, -1]""",52,0,0.0,等待/保持,,RL,,PPO,B,B|gt_mean=90,0.0,,,,,,,,,,,,,,,,,,,,,,removal,1,PPO,a:\MYpython\34959_RL\codes\nexus\thesis_gapfill_patch\run_20260219_202213_305730_R30_O_10_90_PPO_S42,O_10_90,42,PPO,v1,0,0,1,wait,1,0,,,,,,,,,,,high(6+)
1771509882.8043673,implement,receive_reward,0,3000000000016,82,970,970,4,mix_mu_5_40_terminal_dependent,90,B,none,72.5,5.0,"""[1.0, -1, -1, -1, -1, -1, -1, -1, -1, -1]""",4,0,0.0,等待/保持,,RL,,PPO,B,B|gt_mean=90,0.0,,,,,,,,,,,,,,,,,,,,,,removal,1,PPO,a:\MYpython\34959_RL\codes\nexus\thesis_gapfill_patch\run_20260219_202213_305730_R30_O_10_90_PPO_S42,O_10_90,42,PPO,v1,0,0,1,wait,1,0,,,,,,,,,,,mid(4-5)
1771509882.807368,implement,receive_reward,0,3000000000023,92,970,970,4,mix_mu_5_40_terminal_dependent,90,B,none,52.8,5.0,"""[1.0, -1, -1, -1, -1, -1, -1, -1, -1, -1]""",4,0,0.0,等待/保持,,RL,,PPO,B,B|gt_mean=90,0.0,,,,,,,,,,,,,,,,,,,,,,removal,1,PPO,a:\MYpython\34959_RL\codes\nexus\thesis_gapfill_patch\run_20260219_202213_305730_R30_O_10_90_PPO_S42,O_10_90,42,PPO,v1,0,0,1,wait,1,0,,,,,,,,,,,mid(4-5)
1771509882.8185217,implement,receive_reward,0,3000000000024,79,969,969,2,mix_mu_5_40_terminal_dependent,90,B,none,142.0,5.0,"""[4, -1, -1, -1, -1, -1, -1, -1, -1, -1]""",2,0,1.0,等待/保持,,RL,,PPO,B,B|gt_mean=90,0.0,,,,,,,,,,,,,,,,,,,,,,removal,1,PPO,a:\MYpython\34959_RL\codes\nexus\thesis_gapfill_patch\run_20260219_202213_305730_R30_O_10_90_PPO_S42,O_10_90,42,PPO,v1,1,0,1,wait,1,0,,,,,,,,,,,mid(4-5)
1771509921.0622847,implement,receive_reward,1,3000000000006,24,969,969,94,mix_mu_5_40_terminal_dependent,90,B,none,45.19999999999999,3.0,"""[4, -1, -1, -1, -1, -1, -1, -1, -1, -1]""",94,0,0.0,等待/保持,,RL,,PPO,B,B|gt_mean=90,0.0,,,,,,,,,,,,,,,,,,,,,,removal,1,PPO,a:\MYpython\34959_RL\codes\nexus\thesis_gapfill_patch\run_20260219_202213_305730_R30_O_10_90_PPO_S42,O_10_90,42,PPO,v1,0,0,1,wait,1,0,,,,,,,,,,,low(2-3)
1771509921.2662213,implement,receive_reward,1,3000000000015,43,969,969,94,mix_mu_5_40_terminal_dependent,90,B,none,73.0,3.0,"""[4, -1, -1, -1, -1, -1, -1, -1, -1, -1]""",94,0,0.0,等待/保持,,RL,,PPO,B,B|gt_mean=90,0.0,,,,,,,,,,,,,,,,,,,,,,removal,1,PPO,a:\MYpython\34959_RL\codes\nexus\thesis_gapfill_patch\run_20260219_202213_305730_R30_O_10_90_PPO_S42,O_10_90,42,PPO,v1,0,0,1,wait,1,0,,,,,,,,,,,low(2-3)
1771509921.511505,implement,receive_reward,1,3000000000029,43,969,969,94,mix_mu_5_40_terminal_dependent,90,B,none,63.5,3.0,"""[4, -1, -1, -1, -1, -1, -1, -1, -1, -1]""",94,0,1.0,等待/保持,,RL,,PPO,B,B|gt_mean=90,0.0,,,,,,,,,,,,,,,,,,,,,,removal,1,PPO,a:\MYpython\34959_RL\codes\nexus\thesis_gapfill_patch\run_20260219_202213_305730_R30_O_10_90_PPO_S42,O_10_90,42,PPO,v1,1,0,1,wait,1,0,,,,,,,,,,,low(2-3)
1771509924.3317018,implement,receive_reward,0,3000000000024,100,968,968,1,mix_mu_5_40_terminal_dependent,90,B,none,143.0,3.0,"""[4.0, -1, -1, -1, -1, -1, -1, -1, -1, -1]""",1,0,1.0,等待/保持,,RL,,PPO,B,B|gt_mean=90,0.0,,,,,,,,,,,,,,,,,,,,,,removal,1,PPO,a:\MYpython\34959_RL\codes\nexus\thesis_gapfill_patch\run_20260219_202213_305730_R30_O_10_90_PPO_S42,O_10_90,42,PPO,v1,1,0,1,wait,1,0,,,,,,,,,,,low(2-3)
1771509924.5367749,implement,receive_reward,0,3000000000006,109,968,968,1,mix_mu_5_40_terminal_dependent,90,B,none,139.2,3.0,"""[4.0, -1, -1, -1, -1, -1, -1, -1, -1, -1]""",1,0,1.0,等待/保持,,RL,,PPO,B,B|gt_mean=90,0.0,,,,,,,,,,,,,,,,,,,,,,removal,1,PPO,a:\MYpython\34959_RL\codes\nexus\thesis_gapfill_patch\run_20260219_202213_305730_R30_O_10_90_PPO_S42,O_10_90,42,PPO,v1,1,0,1,wait,1,0,,,,,,,,,,,low(2-3)
1771509924.7688076,implement,receive_reward,0,3000000000002,110,968,968,1,mix_mu_5_40_terminal_dependent,90,B,none,66.1,3.0,"""[4.0, -1, -1, -1, -1, -1, -1, -1, -1, -1]""",1,0,1.0,等待/保持,,RL,,PPO,B,B|gt_mean=90,0.0,,,,,,,,,,,,,,,,,,,,,,removal,1,PPO,a:\MYpython\34959_RL\codes\nexus\thesis_gapfill_patch\run_20260219_202213_305730_R30_O_10_90_PPO_S42,O_10_90,42,PPO,v1,1,0,1,wait,1,0,,,,,,,,,,,low(2-3)
1771509845.9282587,implement,receive_reward,1,3000000000019,36,971,971,98,mix_mu_5_40_terminal_dependent,90,B,none,13.599999999999994,6.0,"""[1.0, -1, -1, -1, -1, -1, -1, -1, -1, -1]""",98,0,0.0,等待/保持,,RL,,PPO,B,B|gt_mean=90,0.0,,,,,,,,,,,,,,,,,,,,,,removal,1,PPO,a:\MYpython\34959_RL\codes\nexus\thesis_gapfill_patch\run_20260219_202213_305730_R30_O_10_90_PPO_S42,O_10_90,42,PPO,v1,0,0,1,wait,1,0,,,,,,,,,,,high(6+)
1771509924.985889,implement,receive_reward,0,3000000000011,111,968,968,1,mix_mu_5_40_terminal_dependent,90,B,none,92.5,3.0,"""[4.0, -1, -1, -1, -1, -1, -1, -1, -1, -1]""",1,0,1.0,等待/保持,,RL,,PPO,B,B|gt_mean=90,0.0,,,,,,,,,,,,,,,,,,,,,,removal,1,PPO,a:\MYpython\34959_RL\codes\nexus\thesis_gapfill_patch\run_20260219_202213_305730_R30_O_10_90_PPO_S42,O_10_90,42,PPO,v1,1,0,1,wait,1,0,,,,,,,,,,,low(2-3)
1771509925.4344716,implement,receive_reward,0,3000000000020,111,968,968,1,mix_mu_5_40_terminal_dependent,90,B,none,52.5,3.0,"""[4.0, -1, -1, -1, -1, -1, -1, -1, -1, -1]""",1,1,1.0,重新规划,,RL,,PPO,B,B|gt_mean=90,0.0,,,,,,,,,,,,,,,,,,,,,,removal,1,PPO,a:\MYpython\34959_RL\codes\nexus\thesis_gapfill_patch\run_20260219_202213_305730_R30_O_10_90_PPO_S42,O_10_90,42,PPO,v1,1,1,0,remove,0,1,,,,,,,,,,,low(2-3)
1771509925.6352413,implement,receive_reward,0,3000000000013,111,968,968,1,mix_mu_5_40_terminal_dependent,90,B,none,56.5,3.0,"""[4.0, -1, -1, -1, -1, -1, -1, -1, -1, -1]""",1,0,1.0,等待/保持,,RL,,PPO,B,B|gt_mean=90,0.0,,,,,,,,,,,,,,,,,,,,,,removal,1,PPO,a:\MYpython\34959_RL\codes\nexus\thesis_gapfill_patch\run_20260219_202213_305730_R30_O_10_90_PPO_S42,O_10_90,42,PPO,v1,1,0,1,wait,1,0,,,,,,,,,,,low(2-3)
1771509965.106921,implement,receive_reward,1,3000000000015,83,968,968,57,mix_mu_5_40_terminal_dependent,90,B,none,98.0,4.0,"""[2.0, -1, -1, -1, -1, -1, -1, -1, -1, -1]""",57,0,1.0,等待/保持,,RL,,PPO,B,B|gt_mean=90,0.0,,,,,,,,,,,,,,,,,,,,,,removal,1,PPO,a:\MYpython\34959_RL\codes\nexus\thesis_gapfill_patch\run_20260219_202213_305730_R30_O_10_90_PPO_S42,O_10_90,42,PPO,v1,1,0,1,wait,1,0,,,,,,,,,,,mid(4-5)
1771509965.118614,implement,receive_reward,1,3000000000028,99,968,968,57,mix_mu_5_40_terminal_dependent,90,B,none,36.4,4.0,"""[2.0, -1, -1, -1, -1, -1, -1, -1, -1, -1]""",57,0,0.0,等待/保持,,RL,,PPO,B,B|gt_mean=90,0.0,,,,,,,,,,,,,,,,,,,,,,removal,1,PPO,a:\MYpython\34959_RL\codes\nexus\thesis_gapfill_patch\run_20260219_202213_305730_R30_O_10_90_PPO_S42,O_10_90,42,PPO,v1,0,0,1,wait,1,0,,,,,,,,,,,mid(4-5)
1771509965.120613,implement,receive_reward,1,3000000000024,100,968,968,57,mix_mu_5_40_terminal_dependent,90,B,none,84.7,4.0,"""[2.0, -1, -1, -1, -1, -1, -1, -1, -1, -1]""",57,0,1.0,等待/保持,,RL,,PPO,B,B|gt_mean=90,0.0,,,,,,,,,,,,,,,,,,,,,,removal,1,PPO,a:\MYpython\34959_RL\codes\nexus\thesis_gapfill_patch\run_20260219_202213_305730_R30_O_10_90_PPO_S42,O_10_90,42,PPO,v1,1,0,1,wait,1,0,,,,,,,,,,,mid(4-5)
1771509965.1216135,implement,receive_reward,1,3000000000025,102,968,968,57,mix_mu_5_40_terminal_dependent,90,B,none,73.5,4.0,"""[2.0, -1, -1, -1, -1, -1, -1, -1, -1, -1]""",57,0,1.0,等待/保持,,RL,,PPO,B,B|gt_mean=90,0.0,,,,,,,,,,,,,,,,,,,,,,removal,1,PPO,a:\MYpython\34959_RL\codes\nexus\thesis_gapfill_patch\run_20260219_202213_305730_R30_O_10_90_PPO_S42,O_10_90,42,PPO,v1,1,0,1,wait,1,0,,,,,,,,,,,mid(4-5)
1771509965.1326134,implement,receive_reward,1,3000000000005,113,967,967,66,mix_mu_5_40_terminal_dependent,90,B,none,54.0,4.0,"""[7.0, -1, -1, -1, -1, -1, -1, -1, -1, -1]""",66,0,0.0,等待/保持,,RL,,PPO,B,B|gt_mean=90,0.0,,,,,,,,,,,,,,,,,,,,,,removal,1,PPO,a:\MYpython\34959_RL\codes\nexus\thesis_gapfill_patch\run_20260219_202213_305730_R30_O_10_90_PPO_S42,O_10_90,42,PPO,v1,0,0,1,wait,1,0,,,,,,,,,,,mid(4-5)
1771510003.3642015,implement,receive_reward,0,3000000000021,70,966,966,2,mix_mu_5_40_terminal_dependent,90,B,none,107.0,5.0,"""[8.0, -1, -1, -1, -1, -1, -1, -1, -1, -1]""",2,0,1.0,等待/保持,,RL,,PPO,B,B|gt_mean=90,0.0,,,,,,,,,,,,,,,,,,,,,,removal,1,PPO,a:\MYpython\34959_RL\codes\nexus\thesis_gapfill_patch\run_20260219_202213_305730_R30_O_10_90_PPO_S42,O_10_90,42,PPO,v1,1,0,1,wait,1,0,,,,,,,,,,,mid(4-5)
1771510076.5183322,implement,receive_reward,1,3000000000007,10,966,966,85,mix_mu_5_40_terminal_dependent,90,B,none,50.0,5.0,"""[3, -1, -1, -1, -1, -1, -1, -1, -1, -1]""",85,0,0.0,等待/保持,,RL,,PPO,B,B|gt_mean=90,0.0,,,,,,,,,,,,,,,,,,,,,,removal,1,PPO,a:\MYpython\34959_RL\codes\nexus\thesis_gapfill_patch\run_20260219_202213_305730_R30_O_10_90_PPO_S42,O_10_90,42,PPO,v1,0,0,1,wait,1,0,,,,,,,,,,,mid(4-5)
1771509925.2193453,implement,receive_reward,0,3000000000029,111,968,968,1,mix_mu_5_40_terminal_dependent,90,B,none,157.5,3.0,"""[4.0, -1, -1, -1, -1, -1, -1, -1, -1, -1]""",1,0,1.0,等待/保持,,RL,,PPO,B,B|gt_mean=90,0.0,,,,,,,,,,,,,,,,,,,,,,removal,1,PPO,a:\MYpython\34959_RL\codes\nexus\thesis_gapfill_patch\run_20260219_202213_305730_R30_O_10_90_PPO_S42,O_10_90,42,PPO,v1,1,0,1,wait,1,0,,,,,,,,,,,low(2-3)
1771509845.7335668,implement,receive_reward,1,3000000000022,36,971,971,98,mix_mu_5_40_terminal_dependent,90,B,none,33.599999999999994,6.0,"""[1.0, -1, -1, -1, -1, -1, -1, -1, -1, -1]""",98,0,0.0,等待/保持,,RL,,PPO,B,B|gt_mean=90,0.0,,,,,,,,,,,,,,,,,,,,,,removal,1,PPO,a:\MYpython\34959_RL\codes\nexus\thesis_gapfill_patch\run_20260219_202213_305730_R30_O_10_90_PPO_S42,O_10_90,42,PPO,v1,0,0,1,wait,1,0,,,,,,,,,,,high(6+)
1771509807.717864,implement,receive_reward,0,3000000000022,114,971,971,1,mix_mu_5_40_terminal_dependent,90,B,none,150.0,6.0,"""[8.0, -1, -1, -1, -1, -1, -1, -1, -1, -1]""",1,0,1.0,等待/保持,,RL,,PPO,B,B|gt_mean=90,0.0,,,,,,,,,,,,,,,,,,,,,,removal,1,PPO,a:\MYpython\34959_RL\codes\nexus\thesis_gapfill_patch\run_20260219_202213_305730_R30_O_10_90_PPO_S42,O_10_90,42,PPO,v1,1,0,1,wait,1,0,,,,,,,,,,,high(6+)
1771509807.4681146,implement,receive_reward,0,3000000000019,114,971,971,1,mix_mu_5_40_terminal_dependent,90,B,none,130.0,6.0,"""[8.0, -1, -1, -1, -1, -1, -1, -1, -1, -1]""",1,0,1.0,等待/保持,,RL,,PPO,B,B|gt_mean=90,0.0,,,,,,,,,,,,,,,,,,,,,,removal,1,PPO,a:\MYpython\34959_RL\codes\nexus\thesis_gapfill_patch\run_20260219_202213_305730_R30_O_10_90_PPO_S42,O_10_90,42,PPO,v1,1,0,1,wait,1,0,,,,,,,,,,,high(6+)
1771509612.2552545,implement,receive_reward,0,3000000000005,26,977,977,3,mix_mu_5_40_terminal_dependent,90,B,none,115.5,6.0,"""[5, -1, -1, -1, -1, -1, -1, -1, -1, -1]""",3,0,0.0,等待/保持,,RL,,PPO,B,B|gt_mean=90,0.0,,,,,,,,,,,,,,,,,,,,,,removal,1,PPO,a:\MYpython\34959_RL\codes\nexus\thesis_gapfill_patch\run_20260219_202213_305730_R30_O_10_90_PPO_S42,O_10_90,42,PPO,v1,0,0,1,wait,1,0,,,,,,,,,,,high(6+)
1771509612.4786546,implement,receive_reward,0,3000000000004,26,977,977,3,mix_mu_5_40_terminal_dependent,90,B,none,121.0,6.0,"""[5, -1, -1, -1, -1, -1, -1, -1, -1, -1]""",3,0,1.0,等待/保持,,RL,,PPO,B,B|gt_mean=90,0.0,,,,,,,,,,,,,,,,,,,,,,removal,1,PPO,a:\MYpython\34959_RL\codes\nexus\thesis_gapfill_patch\run_20260219_202213_305730_R30_O_10_90_PPO_S42,O_10_90,42,PPO,v1,1,0,1,wait,1,0,,,,,,,,,,,high(6+)
1771509612.739872,implement,receive_reward,0,3000000000019,36,977,977,3,mix_mu_5_40_terminal_dependent,90,B,none,126.1,6.0,"""[5.0, -1, -1, -1, -1, -1, -1, -1, -1, -1]""",3,0,1.0,等待/保持,,RL,,PPO,B,B|gt_mean=90,0.0,,,,,,,,,,,,,,,,,,,,,,removal,1,PPO,a:\MYpython\34959_RL\codes\nexus\thesis_gapfill_patch\run_20260219_202213_305730_R30_O_10_90_PPO_S42,O_10_90,42,PPO,v1,1,0,1,wait,1,0,,,,,,,,,,,high(6+)
1771509612.9739974,implement,receive_reward,0,3000000000022,36,977,977,3,mix_mu_5_40_terminal_dependent,90,B,none,146.1,6.0,"""[5.0, -1, -1, -1, -1, -1, -1, -1, -1, -1]""",3,0,1.0,等待/保持,,RL,,PPO,B,B|gt_mean=90,0.0,,,,,,,,,,,,,,,,,,,,,,removal,1,PPO,a:\MYpython\34959_RL\codes\nexus\thesis_gapfill_patch\run_20260219_202213_305730_R30_O_10_90_PPO_S42,O_10_90,42,PPO,v1,1,0,1,wait,1,0,,,,,,,,,,,high(6+)
1771509613.206637,implement,receive_reward,0,3000000000026,44,977,977,3,mix_mu_5_40_terminal_dependent,90,B,none,80.0,6.0,"""[5.0, -1, -1, -1, -1, -1, -1, -1, -1, -1]""",3,0,0.0,等待/保持,,RL,,PPO,B,B|gt_mean=90,0.0,,,,,,,,,,,,,,,,,,,,,,removal,1,PPO,a:\MYpython\34959_RL\codes\nexus\thesis_gapfill_patch\run_20260219_202213_305730_R30_O_10_90_PPO_S42,O_10_90,42,PPO,v1,0,0,1,wait,1,0,,,,,,,,,,,high(6+)
1771509613.4547386,implement,receive_reward,0,3000000000028,47,977,977,3,mix_mu_5_40_terminal_dependent,90,B,none,104.0,6.0,"""[5, -1, -1, -1, -1, -1, -1, -1, -1, -1]""",3,0,0.0,等待/保持,,RL,,PPO,B,B|gt_mean=90,0.0,,,,,,,,,,,,,,,,,,,,,,removal,1,PPO,a:\MYpython\34959_RL\codes\nexus\thesis_gapfill_patch\run_20260219_202213_305730_R30_O_10_90_PPO_S42,O_10_90,42,PPO,v1,0,0,1,wait,1,0,,,,,,,,,,,high(6+)
1771509615.9453123,implement,receive_reward,0,3000000000018,71,976,976,2,mix_mu_5_40_terminal_dependent,90,B,none,123.0,5.0,"""[9.0, -1, -1, -1, -1, -1, -1, -1, -1, -1]""",2,0,1.0,等待/保持,,RL,,PPO,B,B|gt_mean=90,0.0,,,,,,,,,,,,,,,,,,,,,,removal,1,PPO,a:\MYpython\34959_RL\codes\nexus\thesis_gapfill_patch\run_20260219_202213_305730_R30_O_10_90_PPO_S42,O_10_90,42,PPO,v1,1,0,1,wait,1,0,,,,,,,,,,,mid(4-5)
1771509615.9513278,implement,receive_reward,0,3000000000024,79,976,976,2,mix_mu_5_40_terminal_dependent,90,B,none,154.0,5.0,"""[9, -1, -1, -1, -1, -1, -1, -1, -1, -1]""",2,0,1.0,等待/保持,,RL,,PPO,B,B|gt_mean=90,0.0,,,,,,,,,,,,,,,,,,,,,,removal,1,PPO,a:\MYpython\34959_RL\codes\nexus\thesis_gapfill_patch\run_20260219_202213_305730_R30_O_10_90_PPO_S42,O_10_90,42,PPO,v1,1,0,1,wait,1,0,,,,,,,,,,,mid(4-5)
1771509615.9533253,implement,receive_reward,1,3000000000005,113,976,976,112,mix_mu_5_40_terminal_dependent,90,B,none,8.0,5.0,"""[7.0, -1, -1, -1, -1, -1, -1, -1, -1, -1]""",112,0,0.0,等待/保持,,RL,,PPO,B,B|gt_mean=90,0.0,,,,,,,,,,,,,,,,,,,,,,removal,1,PPO,a:\MYpython\34959_RL\codes\nexus\thesis_gapfill_patch\run_20260219_202213_305730_R30_O_10_90_PPO_S42,O_10_90,42,PPO,v1,0,0,1,wait,1,0,,,,,,,,,,,mid(4-5)
1771509690.454571,implement,receive_reward,0,3000000000002,110,975,975,1,mix_mu_5_40_terminal_dependent,90,B,none,67.0,3.0,"""[7.0, -1, -1, -1, -1, -1, -1, -1, -1, -1]""",1,0,0.0,等待/保持,,RL,,PPO,B,B|gt_mean=90,0.0,,,,,,,,,,,,,,,,,,,,,,removal,1,PPO,a:\MYpython\34959_RL\codes\nexus\thesis_gapfill_patch\run_20260219_202213_305730_R30_O_10_90_PPO_S42,O_10_90,42,PPO,v1,0,0,1,wait,1,0,,,,,,,,,,,low(2-3)
1771509690.4570026,implement,receive_reward,0,3000000000005,113,975,975,1,mix_mu_5_40_terminal_dependent,90,B,none,119.0,3.0,"""[7.0, -1, -1, -1, -1, -1, -1, -1, -1, -1]""",1,0,0.0,等待/保持,,RL,,PPO,B,B|gt_mean=90,0.0,,,,,,,,,,,,,,,,,,,,,,removal,1,PPO,a:\MYpython\34959_RL\codes\nexus\thesis_gapfill_patch\run_20260219_202213_305730_R30_O_10_90_PPO_S42,O_10_90,42,PPO,v1,0,0,1,wait,1,0,,,,,,,,,,,low(2-3)
1771509690.4647288,implement,receive_reward,0,3000000000024,79,974,974,2,mix_mu_5_40_terminal_dependent,90,B,none,142.0,3.0,"""[4, -1, -1, -1, -1, -1, -1, -1, -1, -1]""",2,0,1.0,等待/保持,,RL,,PPO,B,B|gt_mean=90,0.0,,,,,,,,,,,,,,,,,,,,,,removal,1,PPO,a:\MYpython\34959_RL\codes\nexus\thesis_gapfill_patch\run_20260219_202213_305730_R30_O_10_90_PPO_S42,O_10_90,42,PPO,v1,1,0,1,wait,1,0,,,,,,,,,,,low(2-3)
1771509766.6434777,implement,receive_reward,1,3000000000001,60,974,974,63,mix_mu_5_40_terminal_dependent,90,B,none,87.0,6.0,"""[0, -1, -1, -1, -1, -1, -1, -1, -1, -1]""",63,0,1.0,等待/保持,,RL,,PPO,B,B|gt_mean=90,0.0,,,,,,,,,,,,,,,,,,,,,,removal,1,PPO,a:\MYpython\34959_RL\codes\nexus\thesis_gapfill_patch\run_20260219_202213_305730_R30_O_10_90_PPO_S42,O_10_90,42,PPO,v1,1,0,1,wait,1,0,,,,,,,,,,,high(6+)
1771509803.4123921,implement,receive_reward,0,3000000000006,109,972,972,4,mix_mu_5_40_terminal_dependent,90,B,none,137.0,5.0,"""[5.0, -1, -1, -1, -1, -1, -1, -1, -1, -1]""",4,0,1.0,等待/保持,,RL,,PPO,B,B|gt_mean=90,0.0,,,,,,,,,,,,,,,,,,,,,,removal,1,PPO,a:\MYpython\34959_RL\codes\nexus\thesis_gapfill_patch\run_20260219_202213_305730_R30_O_10_90_PPO_S42,O_10_90,42,PPO,v1,1,0,1,wait,1,0,,,,,,,,,,,mid(4-5)
1771509803.6269498,implement,receive_reward,0,3000000000005,113,972,972,4,mix_mu_5_40_terminal_dependent,90,B,none,115.5,5.0,"""[5.0, -1, -1, -1, -1, -1, -1, -1, -1, -1]""",4,0,1.0,等待/保持,,RL,,PPO,B,B|gt_mean=90,0.0,,,,,,,,,,,,,,,,,,,,,,removal,1,PPO,a:\MYpython\34959_RL\codes\nexus\thesis_gapfill_patch\run_20260219_202213_305730_R30_O_10_90_PPO_S42,O_10_90,42,PPO,v1,1,0,1,wait,1,0,,,,,,,,,,,mid(4-5)
1771509803.8588305,implement,receive_reward,0,3000000000022,114,972,972,4,mix_mu_5_40_terminal_dependent,90,B,none,146.1,5.0,"""[5.0, -1, -1, -1, -1, -1, -1, -1, -1, -1]""",4,0,1.0,等待/保持,,RL,,PPO,B,B|gt_mean=90,0.0,,,,,,,,,,,,,,,,,,,,,,removal,1,PPO,a:\MYpython\34959_RL\codes\nexus\thesis_gapfill_patch\run_20260219_202213_305730_R30_O_10_90_PPO_S42,O_10_90,42,PPO,v1,1,0,1,wait,1,0,,,,,,,,,,,mid(4-5)
1771509804.0914876,implement,receive_reward,0,3000000000019,114,972,972,4,mix_mu_5_40_terminal_dependent,90,B,none,126.1,5.0,"""[5.0, -1, -1, -1, -1, -1, -1, -1, -1, -1]""",4,0,1.0,等待/保持,,RL,,PPO,B,B|gt_mean=90,0.0,,,,,,,,,,,,,,,,,,,,,,removal,1,PPO,a:\MYpython\34959_RL\codes\nexus\thesis_gapfill_patch\run_20260219_202213_305730_R30_O_10_90_PPO_S42,O_10_90,42,PPO,v1,1,0,1,wait,1,0,,,,,,,,,,,mid(4-5)
1771509806.6161127,implement,receive_reward,0,3000000000013,111,971,971,1,mix_mu_5_40_terminal_dependent,90,B,none,58.0,6.0,"""[8.0, -1, -1, -1, -1, -1, -1, -1, -1, -1]""",1,0,0.0,等待/保持,,RL,,PPO,B,B|gt_mean=90,0.0,,,,,,,,,,,,,,,,,,,,,,removal,1,PPO,a:\MYpython\34959_RL\codes\nexus\thesis_gapfill_patch\run_20260219_202213_305730_R30_O_10_90_PPO_S42,O_10_90,42,PPO,v1,0,0,1,wait,1,0,,,,,,,,,,,high(6+)
1771509806.8196938,implement,receive_reward,0,3000000000020,111,971,971,1,mix_mu_5_40_terminal_dependent,90,B,none,54.0,6.0,"""[8.0, -1, -1, -1, -1, -1, -1, -1, -1, -1]""",1,0,0.0,等待/保持,,RL,,PPO,B,B|gt_mean=90,0.0,,,,,,,,,,,,,,,,,,,,,,removal,1,PPO,a:\MYpython\34959_RL\codes\nexus\thesis_gapfill_patch\run_20260219_202213_305730_R30_O_10_90_PPO_S42,O_10_90,42,PPO,v1,0,0,1,wait,1,0,,,,,,,,,,,high(6+)
1771509807.020896,implement,receive_reward,0,3000000000029,111,971,971,1,mix_mu_5_40_terminal_dependent,90,B,none,159.0,6.0,"""[8.0, -1, -1, -1, -1, -1, -1, -1, -1, -1]""",1,0,1.0,等待/保持,,RL,,PPO,B,B|gt_mean=90,0.0,,,,,,,,,,,,,,,,,,,,,,removal,1,PPO,a:\MYpython\34959_RL\codes\nexus\thesis_gapfill_patch\run_20260219_202213_305730_R30_O_10_90_PPO_S42,O_10_90,42,PPO,v1,1,0,1,wait,1,0,,,,,,,,,,,high(6+)
1771509807.2385666,implement,receive_reward,0,3000000000011,111,971,971,1,mix_mu_5_40_terminal_dependent,90,B,none,94.0,6.0,"""[8.0, -1, -1, -1, -1, -1, -1, -1, -1, -1]""",1,0,0.0,等待/保持,,RL,,PPO,B,B|gt_mean=90,0.0,,,,,,,,,,,,,,,,,,,,,,removal,1,PPO,a:\MYpython\34959_RL\codes\nexus\thesis_gapfill_patch\run_20260219_202213_305730_R30_O_10_90_PPO_S42,O_10_90,42,PPO,v1,0,0,1,wait,1,0,,,,,,,,,,,high(6+)
1771510076.766656,implement,receive_reward,1,3000000000000,11,966,966,85,mix_mu_5_40_terminal_dependent,90,B,none,71.0,5.0,"""[3, -1, -1, -1, -1, -1, -1, -1, -1, -1]""",85,0,0.0,等待/保持,,RL,,PPO,B,B|gt_mean=90,0.0,,,,,,,,,,,,,,,,,,,,,,removal,1,PPO,a:\MYpython\34959_RL\codes\nexus\thesis_gapfill_patch\run_20260219_202213_305730_R30_O_10_90_PPO_S42,O_10_90,42,PPO,v1,0,0,1,wait,1,0,,,,,,,,,,,mid(4-5)
1771510192.2847433,implement,receive_reward,0,3000000000016,82,964,964,4,mix_mu_5_40_terminal_dependent,90,B,none,72.5,2.0,"""[1.0, -1, -1, -1, -1, -1, -1, -1, -1, -1]""",4,0,0.0,等待/保持,,RL,,PPO,B,B|gt_mean=90,0.0,,,,,,,,,,,,,,,,,,,,,,removal,1,PPO,a:\MYpython\34959_RL\codes\nexus\thesis_gapfill_patch\run_20260219_202213_305730_R30_O_10_90_PPO_S42,O_10_90,42,PPO,v1,0,0,1,wait,1,0,,,,,,,,,,,low(2-3)
1771510192.491539,implement,receive_reward,0,3000000000023,92,964,964,4,mix_mu_5_40_terminal_dependent,90,B,none,52.8,2.0,"""[1.0, -1, -1, -1, -1, -1, -1, -1, -1, -1]""",4,0,0.0,等待/保持,,RL,,PPO,B,B|gt_mean=90,0.0,,,,,,,,,,,,,,,,,,,,,,removal,1,PPO,a:\MYpython\34959_RL\codes\nexus\thesis_gapfill_patch\run_20260219_202213_305730_R30_O_10_90_PPO_S42,O_10_90,42,PPO,v1,0,0,1,wait,1,0,,,,,,,,,,,low(2-3)
1771510194.7134454,implement,receive_reward,0,3000000000005,26,961,961,1,mix_mu_5_40_terminal_dependent,90,B,none,117.5,4.0,"""[5, -1, -1, -1, -1, -1, -1, -1, -1, -1]""",1,0,1.0,等待/保持,,RL,,PPO,B,B|gt_mean=90,0.0,,,,,,,,,,,,,,,,,,,,,,removal,1,PPO,a:\MYpython\34959_RL\codes\nexus\thesis_gapfill_patch\run_20260219_202213_305730_R30_O_10_90_PPO_S42,O_10_90,42,PPO,v1,1,0,1,wait,1,0,,,,,,,,,,,mid(4-5)
1771510428.1868403,implement,receive_reward,1,3000000000024,100,956,956,82,mix_mu_5_40_terminal_dependent,90,B,none,62.0,6.0,"""[4.0, -1, -1, -1, -1, -1, -1, -1, -1, -1]""",82,0,0.0,等待/保持,,RL,,PPO,B,B|gt_mean=90,0.0,,,,,,,,,,,,,,,,,,,,,,removal,1,PPO,a:\MYpython\34959_RL\codes\nexus\thesis_gapfill_patch\run_20260219_202213_305730_R30_O_10_90_PPO_S42,O_10_90,42,PPO,v1,0,0,1,wait,1,0,,,,,,,,,,,high(6+)
1771510428.3947659,implement,receive_reward,1,3000000000006,109,956,956,82,mix_mu_5_40_terminal_dependent,90,B,none,58.19999999999999,6.0,"""[4.0, -1, -1, -1, -1, -1, -1, -1, -1, -1]""",82,0,0.0,等待/保持,,RL,,PPO,B,B|gt_mean=90,0.0,,,,,,,,,,,,,,,,,,,,,,removal,1,PPO,a:\MYpython\34959_RL\codes\nexus\thesis_gapfill_patch\run_20260219_202213_305730_R30_O_10_90_PPO_S42,O_10_90,42,PPO,v1,0,0,1,wait,1,0,,,,,,,,,,,high(6+)
1771510428.5963106,implement,receive_reward,1,3000000000029,111,956,956,82,mix_mu_5_40_terminal_dependent,90,B,none,76.5,6.0,"""[4.0, -1, -1, -1, -1, -1, -1, -1, -1, -1]""",82,0,0.0,等待/保持,,RL,,PPO,B,B|gt_mean=90,0.0,,,,,,,,,,,,,,,,,,,,,,removal,1,PPO,a:\MYpython\34959_RL\codes\nexus\thesis_gapfill_patch\run_20260219_202213_305730_R30_O_10_90_PPO_S42,O_10_90,42,PPO,v1,0,0,1,wait,1,0,,,,,,,,,,,high(6+)
1771510468.535732,implement,receive_reward,0,3000000000024,100,955,955,3,mix_mu_5_40_terminal_dependent,90,B,none,141.0,6.0,"""[4.0, -1, -1, -1, -1, -1, -1, -1, -1, -1]""",3,0,1.0,等待/保持,,RL,,PPO,B,B|gt_mean=90,0.0,,,,,,,,,,,,,,,,,,,,,,removal,1,PPO,a:\MYpython\34959_RL\codes\nexus\thesis_gapfill_patch\run_20260219_202213_305730_R30_O_10_90_PPO_S42,O_10_90,42,PPO,v1,1,0,1,wait,1,0,,,,,,,,,,,high(6+)
1771510468.7838566,implement,receive_reward,0,3000000000006,109,955,955,3,mix_mu_5_40_terminal_dependent,90,B,none,137.2,6.0,"""[4.0, -1, -1, -1, -1, -1, -1, -1, -1, -1]""",3,0,1.0,等待/保持,,RL,,PPO,B,B|gt_mean=90,0.0,,,,,,,,,,,,,,,,,,,,,,removal,1,PPO,a:\MYpython\34959_RL\codes\nexus\thesis_gapfill_patch\run_20260219_202213_305730_R30_O_10_90_PPO_S42,O_10_90,42,PPO,v1,1,0,1,wait,1,0,,,,,,,,,,,high(6+)
1771510468.9982889,implement,receive_reward,0,3000000000002,110,955,955,3,mix_mu_5_40_terminal_dependent,90,B,none,64.1,6.0,"""[4.0, -1, -1, -1, -1, -1, -1, -1, -1, -1]""",3,0,0.0,等待/保持,,RL,,PPO,B,B|gt_mean=90,0.0,,,,,,,,,,,,,,,,,,,,,,removal,1,PPO,a:\MYpython\34959_RL\codes\nexus\thesis_gapfill_patch\run_20260219_202213_305730_R30_O_10_90_PPO_S42,O_10_90,42,PPO,v1,0,0,1,wait,1,0,,,,,,,,,,,high(6+)
1771510469.230354,implement,receive_reward,0,3000000000011,111,955,955,3,mix_mu_5_40_terminal_dependent,90,B,none,90.5,6.0,"""[4.0, -1, -1, -1, -1, -1, -1, -1, -1, -1]""",3,0,0.0,等待/保持,,RL,,PPO,B,B|gt_mean=90,0.0,,,,,,,,,,,,,,,,,,,,,,removal,1,PPO,a:\MYpython\34959_RL\codes\nexus\thesis_gapfill_patch\run_20260219_202213_305730_R30_O_10_90_PPO_S42,O_10_90,42,PPO,v1,0,0,1,wait,1,0,,,,,,,,,,,high(6+)
1771510469.4638057,implement,receive_reward,0,3000000000029,111,955,955,3,mix_mu_5_40_terminal_dependent,90,B,none,155.5,6.0,"""[4.0, -1, -1, -1, -1, -1, -1, -1, -1, -1]""",3,0,1.0,等待/保持,,RL,,PPO,B,B|gt_mean=90,0.0,,,,,,,,,,,,,,,,,,,,,,removal,1,PPO,a:\MYpython\34959_RL\codes\nexus\thesis_gapfill_patch\run_20260219_202213_305730_R30_O_10_90_PPO_S42,O_10_90,42,PPO,v1,1,0,1,wait,1,0,,,,,,,,,,,high(6+)
1771510469.6967652,implement,receive_reward,0,3000000000020,111,955,955,3,mix_mu_5_40_terminal_dependent,90,B,none,50.5,6.0,"""[4.0, -1, -1, -1, -1, -1, -1, -1, -1, -1]""",3,0,0.0,等待/保持,,RL,,PPO,B,B|gt_mean=90,0.0,,,,,,,,,,,,,,,,,,,,,,removal,1,PPO,a:\MYpython\34959_RL\codes\nexus\thesis_gapfill_patch\run_20260219_202213_305730_R30_O_10_90_PPO_S42,O_10_90,42,PPO,v1,0,0,1,wait,1,0,,,,,,,,,,,high(6+)
1771510469.9443054,implement,receive_reward,0,3000000000013,111,955,955,3,mix_mu_5_40_terminal_dependent,90,B,none,54.5,6.0,"""[4.0, -1, -1, -1, -1, -1, -1, -1, -1, -1]""",3,0,0.0,等待/保持,,RL,,PPO,B,B|gt_mean=90,0.0,,,,,,,,,,,,,,,,,,,,,,removal,1,PPO,a:\MYpython\34959_RL\codes\nexus\thesis_gapfill_patch\run_20260219_202213_305730_R30_O_10_90_PPO_S42,O_10_90,42,PPO,v1,0,0,1,wait,1,0,,,,,,,,,,,high(6+)
1771510506.966035,implement,receive_reward,0,3000000000018,71,954,954,2,mix_mu_5_40_terminal_dependent,90,B,none,123.0,6.0,"""[9.0, -1, -1, -1, -1, -1, -1, -1, -1, -1]""",2,0,1.0,等待/保持,,RL,,PPO,B,B|gt_mean=90,0.0,,,,,,,,,,,,,,,,,,,,,,removal,1,PPO,a:\MYpython\34959_RL\codes\nexus\thesis_gapfill_patch\run_20260219_202213_305730_R30_O_10_90_PPO_S42,O_10_90,42,PPO,v1,1,0,1,wait,1,0,,,,,,,,,,,high(6+)
1771510506.97587,implement,receive_reward,0,3000000000024,79,954,954,2,mix_mu_5_40_terminal_dependent,90,B,none,154.0,6.0,"""[9, -1, -1, -1, -1, -1, -1, -1, -1, -1]""",2,0,1.0,等待/保持,,RL,,PPO,B,B|gt_mean=90,0.0,,,,,,,,,,,,,,,,,,,,,,removal,1,PPO,a:\MYpython\34959_RL\codes\nexus\thesis_gapfill_patch\run_20260219_202213_305730_R30_O_10_90_PPO_S42,O_10_90,42,PPO,v1,1,0,1,wait,1,0,,,,,,,,,,,high(6+)
1771510506.9875486,implement,receive_reward,0,3000000000012,90,953,953,2,mix_mu_5_40_terminal_dependent,90,B,none,77.0,6.0,"""[9, -1, -1, -1, -1, -1, -1, -1, -1, -1]""",2,0,0.0,等待/保持,,RL,,PPO,B,B|gt_mean=90,0.0,,,,,,,,,,,,,,,,,,,,,,removal,1,PPO,a:\MYpython\34959_RL\codes\nexus\thesis_gapfill_patch\run_20260219_202213_305730_R30_O_10_90_PPO_S42,O_10_90,42,PPO,v1,0,0,1,wait,1,0,,,,,,,,,,,high(6+)
1771510585.6599352,implement,receive_reward,1,3000000000005,26,952,952,95,mix_mu_5_40_terminal_dependent,90,B,none,23.5,6.0,"""[5, -1, -1, -1, -1, -1, -1, -1, -1, -1]""",95,0,1.0,等待/保持,,RL,,PPO,B,B|gt_mean=90,0.0,,,,,,,,,,,,,,,,,,,,,,removal,1,PPO,a:\MYpython\34959_RL\codes\nexus\thesis_gapfill_patch\run_20260219_202213_305730_R30_O_10_90_PPO_S42,O_10_90,42,PPO,v1,1,0,1,wait,1,0,,,,,,,,,,,high(6+)
1771510585.8902676,implement,receive_reward,1,3000000000004,26,952,952,95,mix_mu_5_40_terminal_dependent,90,B,none,29.0,6.0,"""[5, -1, -1, -1, -1, -1, -1, -1, -1, -1]""",95,0,0.0,等待/保持,,RL,,PPO,B,B|gt_mean=90,0.0,,,,,,,,,,,,,,,,,,,,,,removal,1,PPO,a:\MYpython\34959_RL\codes\nexus\thesis_gapfill_patch\run_20260219_202213_305730_R30_O_10_90_PPO_S42,O_10_90,42,PPO,v1,0,0,1,wait,1,0,,,,,,,,,,,high(6+)
1771510586.1207602,implement,receive_reward,1,3000000000019,36,952,952,95,mix_mu_5_40_terminal_dependent,90,B,none,34.099999999999994,6.0,"""[5.0, -1, -1, -1, -1, -1, -1, -1, -1, -1]""",95,0,0.0,等待/保持,,RL,,PPO,B,B|gt_mean=90,0.0,,,,,,,,,,,,,,,,,,,,,,removal,1,PPO,a:\MYpython\34959_RL\codes\nexus\thesis_gapfill_patch\run_20260219_202213_305730_R30_O_10_90_PPO_S42,O_10_90,42,PPO,v1,0,0,1,wait,1,0,,,,,,,,,,,high(6+)
1771510586.3242688,implement,receive_reward,1,3000000000022,36,952,952,95,mix_mu_5_40_terminal_dependent,90,B,none,54.099999999999994,6.0,"""[5.0, -1, -1, -1, -1, -1, -1, -1, -1, -1]""",95,0,0.0,等待/保持,,RL,,PPO,B,B|gt_mean=90,0.0,,,,,,,,,,,,,,,,,,,,,,removal,1,PPO,a:\MYpython\34959_RL\codes\nexus\thesis_gapfill_patch\run_20260219_202213_305730_R30_O_10_90_PPO_S42,O_10_90,42,PPO,v1,0,0,1,wait,1,0,,,,,,,,,,,high(6+)
1771510661.822205,implement,receive_reward,0,3000000000016,82,951,951,4,mix_mu_5_40_terminal_dependent,90,B,none,72.28,4.0,"""[0.0, -1, -1, -1, -1, -1, -1, -1, -1, -1]""",4,0,0.0,等待/保持,,RL,,PPO,B,B|gt_mean=90,0.0,,,,,,,,,,,,,,,,,,,,,,removal,1,PPO,a:\MYpython\34959_RL\codes\nexus\thesis_gapfill_patch\run_20260219_202213_305730_R30_O_10_90_PPO_S42,O_10_90,42,PPO,v1,0,0,1,wait,1,0,,,,,,,,,,,mid(4-5)
1771510662.0256975,implement,receive_reward,0,3000000000015,83,951,951,4,mix_mu_5_40_terminal_dependent,90,B,none,150.5,4.0,"""[0.0, -1, -1, -1, -1, -1, -1, -1, -1, -1]""",4,0,1.0,等待/保持,,RL,,PPO,B,B|gt_mean=90,0.0,,,,,,,,,,,,,,,,,,,,,,removal,1,PPO,a:\MYpython\34959_RL\codes\nexus\thesis_gapfill_patch\run_20260219_202213_305730_R30_O_10_90_PPO_S42,O_10_90,42,PPO,v1,1,0,1,wait,1,0,,,,,,,,,,,mid(4-5)
1771510662.2597842,implement,receive_reward,0,3000000000012,90,951,951,4,mix_mu_5_40_terminal_dependent,90,B,none,66.0,4.0,"""[0, -1, -1, -1, -1, -1, -1, -1, -1, -1]""",4,0,0.0,等待/保持,,RL,,PPO,B,B|gt_mean=90,0.0,,,,,,,,,,,,,,,,,,,,,,removal,1,PPO,a:\MYpython\34959_RL\codes\nexus\thesis_gapfill_patch\run_20260219_202213_305730_R30_O_10_90_PPO_S42,O_10_90,42,PPO,v1,0,0,1,wait,1,0,,,,,,,,,,,mid(4-5)
1771510664.594379,implement,receive_reward,0,3000000000016,82,949,949,1,mix_mu_5_40_terminal_dependent,90,B,none,75.28,3.0,"""[0.0, -1, -1, -1, -1, -1, -1, -1, -1, -1]""",1,0,1.0,等待/保持,,RL,,PPO,B,B|gt_mean=90,0.0,,,,,,,,,,,,,,,,,,,,,,removal,1,PPO,a:\MYpython\34959_RL\codes\nexus\thesis_gapfill_patch\run_20260219_202213_305730_R30_O_10_90_PPO_S42,O_10_90,42,PPO,v1,1,0,1,wait,1,0,,,,,,,,,,,low(2-3)
1771510391.457557,implement,receive_reward,0,3000000000027,102,956,956,2,mix_mu_5_40_terminal_dependent,90,B,none,71.0,5.0,"""[6.0, -1, -1, -1, -1, -1, -1, -1, -1, -1]""",2,0,0.0,等待/保持,,RL,,PPO,B,B|gt_mean=90,0.0,,,,,,,,,,,,,,,,,,,,,,removal,1,PPO,a:\MYpython\34959_RL\codes\nexus\thesis_gapfill_patch\run_20260219_202213_305730_R30_O_10_90_PPO_S42,O_10_90,42,PPO,v1,0,0,1,wait,1,0,,,,,,,,,,,mid(4-5)
1771509574.761687,implement,receive_reward,1,3000000000028,47,978,978,52,mix_mu_5_40_terminal_dependent,90,B,none,55.0,6.0,"""[5, -1, -1, -1, -1, -1, -1, -1, -1, -1]""",52,0,0.0,等待/保持,,RL,,PPO,B,B|gt_mean=90,0.0,,,,,,,,,,,,,,,,,,,,,,removal,1,PPO,a:\MYpython\34959_RL\codes\nexus\thesis_gapfill_patch\run_20260219_202213_305730_R30_O_10_90_PPO_S42,O_10_90,42,PPO,v1,0,0,1,wait,1,0,,,,,,,,,,,high(6+)
1771510391.2275176,implement,receive_reward,0,3000000000025,102,956,956,2,mix_mu_5_40_terminal_dependent,90,B,none,130.0,5.0,"""[6.0, -1, -1, -1, -1, -1, -1, -1, -1, -1]""",2,0,1.0,等待/保持,,RL,,PPO,B,B|gt_mean=90,0.0,,,,,,,,,,,,,,,,,,,,,,removal,1,PPO,a:\MYpython\34959_RL\codes\nexus\thesis_gapfill_patch\run_20260219_202213_305730_R30_O_10_90_PPO_S42,O_10_90,42,PPO,v1,1,0,1,wait,1,0,,,,,,,,,,,mid(4-5)
1771510352.732508,implement,receive_reward,1,3000000000019,36,958,958,102,mix_mu_5_40_terminal_dependent,90,B,none,9.599999999999994,6.0,"""[1.0, -1, -1, -1, -1, -1, -1, -1, -1, -1]""",102,0,0.0,等待/保持,,RL,,PPO,B,B|gt_mean=90,0.0,,,,,,,,,,,,,,,,,,,,,,removal,1,PPO,a:\MYpython\34959_RL\codes\nexus\thesis_gapfill_patch\run_20260219_202213_305730_R30_O_10_90_PPO_S42,O_10_90,42,PPO,v1,0,0,1,wait,1,0,,,,,,,,,,,high(6+)
1771510194.9086778,implement,receive_reward,0,3000000000004,26,961,961,1,mix_mu_5_40_terminal_dependent,90,B,none,123.0,4.0,"""[5, -1, -1, -1, -1, -1, -1, -1, -1, -1]""",1,0,1.0,等待/保持,,RL,,PPO,B,B|gt_mean=90,0.0,,,,,,,,,,,,,,,,,,,,,,removal,1,PPO,a:\MYpython\34959_RL\codes\nexus\thesis_gapfill_patch\run_20260219_202213_305730_R30_O_10_90_PPO_S42,O_10_90,42,PPO,v1,1,0,1,wait,1,0,,,,,,,,,,,mid(4-5)
1771510195.1392605,implement,receive_reward,0,3000000000019,36,961,961,1,mix_mu_5_40_terminal_dependent,90,B,none,128.1,4.0,"""[5.0, -1, -1, -1, -1, -1, -1, -1, -1, -1]""",1,0,1.0,等待/保持,,RL,,PPO,B,B|gt_mean=90,0.0,,,,,,,,,,,,,,,,,,,,,,removal,1,PPO,a:\MYpython\34959_RL\codes\nexus\thesis_gapfill_patch\run_20260219_202213_305730_R30_O_10_90_PPO_S42,O_10_90,42,PPO,v1,1,0,1,wait,1,0,,,,,,,,,,,mid(4-5)
1771510195.3565502,implement,receive_reward,0,3000000000022,36,961,961,1,mix_mu_5_40_terminal_dependent,90,B,none,148.1,4.0,"""[5.0, -1, -1, -1, -1, -1, -1, -1, -1, -1]""",1,0,1.0,等待/保持,,RL,,PPO,B,B|gt_mean=90,0.0,,,,,,,,,,,,,,,,,,,,,,removal,1,PPO,a:\MYpython\34959_RL\codes\nexus\thesis_gapfill_patch\run_20260219_202213_305730_R30_O_10_90_PPO_S42,O_10_90,42,PPO,v1,1,0,1,wait,1,0,,,,,,,,,,,mid(4-5)
1771510195.6040518,implement,receive_reward,0,3000000000026,44,961,961,1,mix_mu_5_40_terminal_dependent,90,B,none,82.0,4.0,"""[5.0, -1, -1, -1, -1, -1, -1, -1, -1, -1]""",1,0,1.0,等待/保持,,RL,,PPO,B,B|gt_mean=90,0.0,,,,,,,,,,,,,,,,,,,,,,removal,1,PPO,a:\MYpython\34959_RL\codes\nexus\thesis_gapfill_patch\run_20260219_202213_305730_R30_O_10_90_PPO_S42,O_10_90,42,PPO,v1,1,0,1,wait,1,0,,,,,,,,,,,mid(4-5)
1771510195.8521948,implement,receive_reward,0,3000000000028,47,961,961,1,mix_mu_5_40_terminal_dependent,90,B,none,106.0,4.0,"""[5, -1, -1, -1, -1, -1, -1, -1, -1, -1]""",1,0,1.0,等待/保持,,RL,,PPO,B,B|gt_mean=90,0.0,,,,,,,,,,,,,,,,,,,,,,removal,1,PPO,a:\MYpython\34959_RL\codes\nexus\thesis_gapfill_patch\run_20260219_202213_305730_R30_O_10_90_PPO_S42,O_10_90,42,PPO,v1,1,0,1,wait,1,0,,,,,,,,,,,mid(4-5)
1771510234.3370686,implement,receive_reward,1,3000000000029,43,961,961,36,mix_mu_5_40_terminal_dependent,90,B,none,109.5,6.0,"""[2, -1, -1, -1, -1, -1, -1, -1, -1, -1]""",36,0,1.0,等待/保持,,RL,,PPO,B,B|gt_mean=90,0.0,,,,,,,,,,,,,,,,,,,,,,removal,1,PPO,a:\MYpython\34959_RL\codes\nexus\thesis_gapfill_patch\run_20260219_202213_305730_R30_O_10_90_PPO_S42,O_10_90,42,PPO,v1,1,0,1,wait,1,0,,,,,,,,,,,high(6+)
1771510234.5529406,implement,receive_reward,1,3000000000015,43,961,961,36,mix_mu_5_40_terminal_dependent,90,B,none,119.0,6.0,"""[2, -1, -1, -1, -1, -1, -1, -1, -1, -1]""",36,0,1.0,等待/保持,,RL,,PPO,B,B|gt_mean=90,0.0,,,,,,,,,,,,,,,,,,,,,,removal,1,PPO,a:\MYpython\34959_RL\codes\nexus\thesis_gapfill_patch\run_20260219_202213_305730_R30_O_10_90_PPO_S42,O_10_90,42,PPO,v1,1,0,1,wait,1,0,,,,,,,,,,,high(6+)
1771510234.8028636,implement,receive_reward,1,3000000000026,44,961,961,36,mix_mu_5_40_terminal_dependent,90,B,none,30.5,6.0,"""[2.0, -1, -1, -1, -1, -1, -1, -1, -1, -1]""",36,0,0.0,等待/保持,,RL,,PPO,B,B|gt_mean=90,0.0,,,,,,,,,,,,,,,,,,,,,,removal,1,PPO,a:\MYpython\34959_RL\codes\nexus\thesis_gapfill_patch\run_20260219_202213_305730_R30_O_10_90_PPO_S42,O_10_90,42,PPO,v1,0,0,1,wait,1,0,,,,,,,,,,,high(6+)
1771510273.4271884,implement,receive_reward,0,3000000000002,110,960,960,2,mix_mu_5_40_terminal_dependent,90,B,none,66.0,5.0,"""[7.0, -1, -1, -1, -1, -1, -1, -1, -1, -1]""",2,0,0.0,等待/保持,,RL,,PPO,B,B|gt_mean=90,0.0,,,,,,,,,,,,,,,,,,,,,,removal,1,PPO,a:\MYpython\34959_RL\codes\nexus\thesis_gapfill_patch\run_20260219_202213_305730_R30_O_10_90_PPO_S42,O_10_90,42,PPO,v1,0,0,1,wait,1,0,,,,,,,,,,,mid(4-5)
1771510273.4361904,implement,receive_reward,0,3000000000005,113,960,960,2,mix_mu_5_40_terminal_dependent,90,B,none,118.0,5.0,"""[7.0, -1, -1, -1, -1, -1, -1, -1, -1, -1]""",2,0,1.0,等待/保持,,RL,,PPO,B,B|gt_mean=90,0.0,,,,,,,,,,,,,,,,,,,,,,removal,1,PPO,a:\MYpython\34959_RL\codes\nexus\thesis_gapfill_patch\run_20260219_202213_305730_R30_O_10_90_PPO_S42,O_10_90,42,PPO,v1,1,0,1,wait,1,0,,,,,,,,,,,mid(4-5)
1771510273.438191,implement,receive_reward,0,3000000000012,90,959,959,2,mix_mu_5_40_terminal_dependent,90,B,none,77.0,5.0,"""[9, -1, -1, -1, -1, -1, -1, -1, -1, -1]""",2,0,0.0,等待/保持,,RL,,PPO,B,B|gt_mean=90,0.0,,,,,,,,,,,,,,,,,,,,,,removal,1,PPO,a:\MYpython\34959_RL\codes\nexus\thesis_gapfill_patch\run_20260219_202213_305730_R30_O_10_90_PPO_S42,O_10_90,42,PPO,v1,0,0,1,wait,1,0,,,,,,,,,,,mid(4-5)
1771510311.1709776,implement,receive_reward,1,3000000000007,10,959,959,92,mix_mu_5_40_terminal_dependent,90,B,none,43.0,5.0,"""[3, -1, -1, -1, -1, -1, -1, -1, -1, -1]""",92,0,0.0,等待/保持,,RL,,PPO,B,B|gt_mean=90,0.0,,,,,,,,,,,,,,,,,,,,,,removal,1,PPO,a:\MYpython\34959_RL\codes\nexus\thesis_gapfill_patch\run_20260219_202213_305730_R30_O_10_90_PPO_S42,O_10_90,42,PPO,v1,0,0,1,wait,1,0,,,,,,,,,,,mid(4-5)
1771510311.391288,implement,receive_reward,1,3000000000000,11,959,959,92,mix_mu_5_40_terminal_dependent,90,B,none,64.0,5.0,"""[3, -1, -1, -1, -1, -1, -1, -1, -1, -1]""",92,0,0.0,等待/保持,,RL,,PPO,B,B|gt_mean=90,0.0,,,,,,,,,,,,,,,,,,,,,,removal,1,PPO,a:\MYpython\34959_RL\codes\nexus\thesis_gapfill_patch\run_20260219_202213_305730_R30_O_10_90_PPO_S42,O_10_90,42,PPO,v1,0,0,1,wait,1,0,,,,,,,,,,,mid(4-5)
1771510314.2340248,implement,receive_reward,0,3000000000003,3,958,958,4,mix_mu_5_40_terminal_dependent,90,B,none,48.0,6.0,"""[3, -1, -1, -1, -1, -1, -1, -1, -1, -1]""",4,0,0.0,等待/保持,,RL,,PPO,B,B|gt_mean=90,0.0,,,,,,,,,,,,,,,,,,,,,,removal,1,PPO,a:\MYpython\34959_RL\codes\nexus\thesis_gapfill_patch\run_20260219_202213_305730_R30_O_10_90_PPO_S42,O_10_90,42,PPO,v1,0,0,1,wait,1,0,,,,,,,,,,,high(6+)
1771510314.4666686,implement,receive_reward,0,3000000000008,6,958,958,4,mix_mu_5_40_terminal_dependent,90,B,none,91.0,6.0,"""[3, -1, -1, -1, -1, -1, -1, -1, -1, -1]""",4,0,0.0,等待/保持,,RL,,PPO,B,B|gt_mean=90,0.0,,,,,,,,,,,,,,,,,,,,,,removal,1,PPO,a:\MYpython\34959_RL\codes\nexus\thesis_gapfill_patch\run_20260219_202213_305730_R30_O_10_90_PPO_S42,O_10_90,42,PPO,v1,0,0,1,wait,1,0,,,,,,,,,,,high(6+)
1771510314.6667626,implement,receive_reward,0,3000000000014,7,958,958,4,mix_mu_5_40_terminal_dependent,90,B,none,81.0,6.0,"""[3, -1, -1, -1, -1, -1, -1, -1, -1, -1]""",4,0,0.0,等待/保持,,RL,,PPO,B,B|gt_mean=90,0.0,,,,,,,,,,,,,,,,,,,,,,removal,1,PPO,a:\MYpython\34959_RL\codes\nexus\thesis_gapfill_patch\run_20260219_202213_305730_R30_O_10_90_PPO_S42,O_10_90,42,PPO,v1,0,0,1,wait,1,0,,,,,,,,,,,high(6+)
1771510314.8700306,implement,receive_reward,0,3000000000009,8,958,958,4,mix_mu_5_40_terminal_dependent,90,B,none,131.0,6.0,"""[3, -1, -1, -1, -1, -1, -1, -1, -1, -1]""",4,0,1.0,等待/保持,,RL,,PPO,B,B|gt_mean=90,0.0,,,,,,,,,,,,,,,,,,,,,,removal,1,PPO,a:\MYpython\34959_RL\codes\nexus\thesis_gapfill_patch\run_20260219_202213_305730_R30_O_10_90_PPO_S42,O_10_90,42,PPO,v1,1,0,1,wait,1,0,,,,,,,,,,,high(6+)
1771510315.1202095,implement,receive_reward,0,3000000000007,10,958,958,4,mix_mu_5_40_terminal_dependent,90,B,none,131.0,6.0,"""[3, -1, -1, -1, -1, -1, -1, -1, -1, -1]""",4,0,1.0,等待/保持,,RL,,PPO,B,B|gt_mean=90,0.0,,,,,,,,,,,,,,,,,,,,,,removal,1,PPO,a:\MYpython\34959_RL\codes\nexus\thesis_gapfill_patch\run_20260219_202213_305730_R30_O_10_90_PPO_S42,O_10_90,42,PPO,v1,1,0,1,wait,1,0,,,,,,,,,,,high(6+)
1771510315.368135,implement,receive_reward,0,3000000000000,11,958,958,4,mix_mu_5_40_terminal_dependent,90,B,none,152.0,6.0,"""[3, -1, -1, -1, -1, -1, -1, -1, -1, -1]""",4,0,1.0,等待/保持,,RL,,PPO,B,B|gt_mean=90,0.0,,,,,,,,,,,,,,,,,,,,,,removal,1,PPO,a:\MYpython\34959_RL\codes\nexus\thesis_gapfill_patch\run_20260219_202213_305730_R30_O_10_90_PPO_S42,O_10_90,42,PPO,v1,1,0,1,wait,1,0,,,,,,,,,,,high(6+)
1771510315.602821,implement,receive_reward,0,3000000000028,47,958,958,4,mix_mu_5_40_terminal_dependent,90,B,none,90.0,6.0,"""[3, -1, -1, -1, -1, -1, -1, -1, -1, -1]""",4,0,0.0,等待/保持,,RL,,PPO,B,B|gt_mean=90,0.0,,,,,,,,,,,,,,,,,,,,,,removal,1,PPO,a:\MYpython\34959_RL\codes\nexus\thesis_gapfill_patch\run_20260219_202213_305730_R30_O_10_90_PPO_S42,O_10_90,42,PPO,v1,0,0,1,wait,1,0,,,,,,,,,,,high(6+)
1771510352.7285097,implement,receive_reward,1,3000000000022,36,958,958,102,mix_mu_5_40_terminal_dependent,90,B,none,29.599999999999994,6.0,"""[1.0, -1, -1, -1, -1, -1, -1, -1, -1, -1]""",102,0,0.0,等待/保持,,RL,,PPO,B,B|gt_mean=90,0.0,,,,,,,,,,,,,,,,,,,,,,removal,1,PPO,a:\MYpython\34959_RL\codes\nexus\thesis_gapfill_patch\run_20260219_202213_305730_R30_O_10_90_PPO_S42,O_10_90,42,PPO,v1,0,0,1,wait,1,0,,,,,,,,,,,high(6+)
1771510352.742514,implement,receive_reward,0,3000000000001,60,957,957,1,mix_mu_5_40_terminal_dependent,90,B,none,149.0,6.0,"""[0, -1, -1, -1, -1, -1, -1, -1, -1, -1]""",1,0,1.0,等待/保持,,RL,,PPO,B,B|gt_mean=90,0.0,,,,,,,,,,,,,,,,,,,,,,removal,1,PPO,a:\MYpython\34959_RL\codes\nexus\thesis_gapfill_patch\run_20260219_202213_305730_R30_O_10_90_PPO_S42,O_10_90,42,PPO,v1,1,0,1,wait,1,0,,,,,,,,,,,high(6+)
1771510664.6101842,implement,receive_reward,1,3000000000001,60,949,949,71,mix_mu_5_40_terminal_dependent,90,B,none,86.0,3.0,"""[5, -1, -1, -1, -1, -1, -1, -1, -1, -1]""",71,0,1.0,等待/保持,,RL,,PPO,B,B|gt_mean=90,0.0,,,,,,,,,,,,,,,,,,,,,,removal,1,PPO,a:\MYpython\34959_RL\codes\nexus\thesis_gapfill_patch\run_20260219_202213_305730_R30_O_10_90_PPO_S42,O_10_90,42,PPO,v1,1,0,1,wait,1,0,,,,,,,,,,,low(2-3)
1771509574.298423,implement,receive_reward,1,3000000000019,36,978,978,52,mix_mu_5_40_terminal_dependent,90,B,none,77.1,6.0,"""[5.0, -1, -1, -1, -1, -1, -1, -1, -1, -1]""",52,0,0.0,等待/保持,,RL,,PPO,B,B|gt_mean=90,0.0,,,,,,,,,,,,,,,,,,,,,,removal,1,PPO,a:\MYpython\34959_RL\codes\nexus\thesis_gapfill_patch\run_20260219_202213_305730_R30_O_10_90_PPO_S42,O_10_90,42,PPO,v1,0,0,1,wait,1,0,,,,,,,,,,,high(6+)
1771509574.0794892,implement,receive_reward,1,3000000000004,26,978,978,52,mix_mu_5_40_terminal_dependent,90,B,none,72.0,6.0,"""[5, -1, -1, -1, -1, -1, -1, -1, -1, -1]""",52,0,0.0,等待/保持,,RL,,PPO,B,B|gt_mean=90,0.0,,,,,,,,,,,,,,,,,,,,,,removal,1,PPO,a:\MYpython\34959_RL\codes\nexus\thesis_gapfill_patch\run_20260219_202213_305730_R30_O_10_90_PPO_S42,O_10_90,42,PPO,v1,0,0,1,wait,1,0,,,,,,,,,,,high(6+)
1771508824.130305,implement,receive_reward,0,3000000000016,38,995,995,2,mix_mu_5_40_terminal_dependent,90,B,none,93.0,5.0,"""[7.0, -1, -1, -1, -1, -1, -1, -1, -1, -1]""",2,0,0.0,等待/保持,,RL,,PPO,B,B|gt_mean=90,0.0,,,,,,,,,,,,,,,,,,,,,,removal,1,PPO,a:\MYpython\34959_RL\codes\nexus\thesis_gapfill_patch\run_20260219_202213_305730_R30_O_10_90_PPO_S42,O_10_90,42,PPO,v1,0,0,1,wait,1,0,,,,,,,,,,,mid(4-5)
1771508902.0723426,implement,receive_reward,0,3000000000003,3,994,994,1,mix_mu_5_40_terminal_dependent,90,B,none,51.0,4.0,"""[3, -1, -1, -1, -1, -1, -1, -1, -1, -1]""",1,0,0.0,等待/保持,,RL,,PPO,B,B|gt_mean=90,0.0,,,,,,,,,,,,,,,,,,,,,,removal,1,PPO,a:\MYpython\34959_RL\codes\nexus\thesis_gapfill_patch\run_20260219_202213_305730_R30_O_10_90_PPO_S42,O_10_90,42,PPO,v1,0,0,1,wait,1,0,,,,,,,,,,,mid(4-5)
1771508902.2795513,implement,receive_reward,0,3000000000008,6,994,994,1,mix_mu_5_40_terminal_dependent,90,B,none,94.0,4.0,"""[3, -1, -1, -1, -1, -1, -1, -1, -1, -1]""",1,0,1.0,等待/保持,,RL,,PPO,B,B|gt_mean=90,0.0,,,,,,,,,,,,,,,,,,,,,,removal,1,PPO,a:\MYpython\34959_RL\codes\nexus\thesis_gapfill_patch\run_20260219_202213_305730_R30_O_10_90_PPO_S42,O_10_90,42,PPO,v1,1,0,1,wait,1,0,,,,,,,,,,,mid(4-5)
1771508902.482045,implement,receive_reward,0,3000000000014,7,994,994,1,mix_mu_5_40_terminal_dependent,90,B,none,84.0,4.0,"""[3, -1, -1, -1, -1, -1, -1, -1, -1, -1]""",1,0,1.0,等待/保持,,RL,,PPO,B,B|gt_mean=90,0.0,,,,,,,,,,,,,,,,,,,,,,removal,1,PPO,a:\MYpython\34959_RL\codes\nexus\thesis_gapfill_patch\run_20260219_202213_305730_R30_O_10_90_PPO_S42,O_10_90,42,PPO,v1,1,0,1,wait,1,0,,,,,,,,,,,mid(4-5)
1771508902.6397238,implement,receive_reward,0,3000000000009,8,994,994,1,mix_mu_5_40_terminal_dependent,90,B,none,134.0,4.0,"""[3, -1, -1, -1, -1, -1, -1, -1, -1, -1]""",1,0,1.0,等待/保持,,RL,,PPO,B,B|gt_mean=90,0.0,,,,,,,,,,,,,,,,,,,,,,removal,1,PPO,a:\MYpython\34959_RL\codes\nexus\thesis_gapfill_patch\run_20260219_202213_305730_R30_O_10_90_PPO_S42,O_10_90,42,PPO,v1,1,0,1,wait,1,0,,,,,,,,,,,mid(4-5)
1771508902.8732097,implement,receive_reward,0,3000000000007,10,994,994,1,mix_mu_5_40_terminal_dependent,90,B,none,134.0,4.0,"""[3, -1, -1, -1, -1, -1, -1, -1, -1, -1]""",1,0,1.0,等待/保持,,RL,,PPO,B,B|gt_mean=90,0.0,,,,,,,,,,,,,,,,,,,,,,removal,1,PPO,a:\MYpython\34959_RL\codes\nexus\thesis_gapfill_patch\run_20260219_202213_305730_R30_O_10_90_PPO_S42,O_10_90,42,PPO,v1,1,0,1,wait,1,0,,,,,,,,,,,mid(4-5)
1771508903.1504855,implement,receive_reward,0,3000000000000,11,994,994,1,mix_mu_5_40_terminal_dependent,90,B,none,155.0,4.0,"""[3, -1, -1, -1, -1, -1, -1, -1, -1, -1]""",1,0,1.0,等待/保持,,RL,,PPO,B,B|gt_mean=90,0.0,,,,,,,,,,,,,,,,,,,,,,removal,1,PPO,a:\MYpython\34959_RL\codes\nexus\thesis_gapfill_patch\run_20260219_202213_305730_R30_O_10_90_PPO_S42,O_10_90,42,PPO,v1,1,0,1,wait,1,0,,,,,,,,,,,mid(4-5)
1771508903.4158819,implement,receive_reward,0,3000000000028,47,994,994,1,mix_mu_5_40_terminal_dependent,90,B,none,93.0,4.0,"""[3, -1, -1, -1, -1, -1, -1, -1, -1, -1]""",1,0,1.0,等待/保持,,RL,,PPO,B,B|gt_mean=90,0.0,,,,,,,,,,,,,,,,,,,,,,removal,1,PPO,a:\MYpython\34959_RL\codes\nexus\thesis_gapfill_patch\run_20260219_202213_305730_R30_O_10_90_PPO_S42,O_10_90,42,PPO,v1,1,0,1,wait,1,0,,,,,,,,,,,mid(4-5)
1771508907.716554,implement,receive_reward,0,3000000000003,3,993,993,4,mix_mu_5_40_terminal_dependent,90,B,none,42.0,5.0,"""[0, -1, -1, -1, -1, -1, -1, -1, -1, -1]""",4,0,0.0,等待/保持,,RL,,PPO,B,B|gt_mean=90,0.0,,,,,,,,,,,,,,,,,,,,,,removal,1,PPO,a:\MYpython\34959_RL\codes\nexus\thesis_gapfill_patch\run_20260219_202213_305730_R30_O_10_90_PPO_S42,O_10_90,42,PPO,v1,0,0,1,wait,1,0,,,,,,,,,,,mid(4-5)
1771508907.7500558,implement,receive_reward,0,3000000000008,6,993,993,4,mix_mu_5_40_terminal_dependent,90,B,none,85.0,5.0,"""[0, -1, -1, -1, -1, -1, -1, -1, -1, -1]""",4,0,1.0,等待/保持,,RL,,PPO,B,B|gt_mean=90,0.0,,,,,,,,,,,,,,,,,,,,,,removal,1,PPO,a:\MYpython\34959_RL\codes\nexus\thesis_gapfill_patch\run_20260219_202213_305730_R30_O_10_90_PPO_S42,O_10_90,42,PPO,v1,1,0,1,wait,1,0,,,,,,,,,,,mid(4-5)
1771508907.753219,implement,receive_reward,0,3000000000014,7,993,993,4,mix_mu_5_40_terminal_dependent,90,B,none,75.0,5.0,"""[0, -1, -1, -1, -1, -1, -1, -1, -1, -1]""",4,0,0.0,等待/保持,,RL,,PPO,B,B|gt_mean=90,0.0,,,,,,,,,,,,,,,,,,,,,,removal,1,PPO,a:\MYpython\34959_RL\codes\nexus\thesis_gapfill_patch\run_20260219_202213_305730_R30_O_10_90_PPO_S42,O_10_90,42,PPO,v1,0,0,1,wait,1,0,,,,,,,,,,,mid(4-5)
1771508907.762219,implement,receive_reward,0,3000000000009,8,993,993,4,mix_mu_5_40_terminal_dependent,90,B,none,125.0,5.0,"""[0, -1, -1, -1, -1, -1, -1, -1, -1, -1]""",4,0,1.0,等待/保持,,RL,,PPO,B,B|gt_mean=90,0.0,,,,,,,,,,,,,,,,,,,,,,removal,1,PPO,a:\MYpython\34959_RL\codes\nexus\thesis_gapfill_patch\run_20260219_202213_305730_R30_O_10_90_PPO_S42,O_10_90,42,PPO,v1,1,0,1,wait,1,0,,,,,,,,,,,mid(4-5)
1771508907.7642212,implement,receive_reward,0,3000000000007,10,993,993,4,mix_mu_5_40_terminal_dependent,90,B,none,125.0,5.0,"""[0, -1, -1, -1, -1, -1, -1, -1, -1, -1]""",4,0,1.0,等待/保持,,RL,,PPO,B,B|gt_mean=90,0.0,,,,,,,,,,,,,,,,,,,,,,removal,1,PPO,a:\MYpython\34959_RL\codes\nexus\thesis_gapfill_patch\run_20260219_202213_305730_R30_O_10_90_PPO_S42,O_10_90,42,PPO,v1,1,0,1,wait,1,0,,,,,,,,,,,mid(4-5)
1771508907.9927378,implement,receive_reward,0,3000000000000,11,993,993,4,mix_mu_5_40_terminal_dependent,90,B,none,146.0,5.0,"""[0, -1, -1, -1, -1, -1, -1, -1, -1, -1]""",4,0,1.0,等待/保持,,RL,,PPO,B,B|gt_mean=90,0.0,,,,,,,,,,,,,,,,,,,,,,removal,1,PPO,a:\MYpython\34959_RL\codes\nexus\thesis_gapfill_patch\run_20260219_202213_305730_R30_O_10_90_PPO_S42,O_10_90,42,PPO,v1,1,0,1,wait,1,0,,,,,,,,,,,mid(4-5)
1771508908.0957448,implement,receive_reward,0,3000000000013,16,993,993,4,mix_mu_5_40_terminal_dependent,90,B,none,38.5,5.0,"""[0, -1, -1, -1, -1, -1, -1, -1, -1, -1]""",4,0,0.0,等待/保持,,RL,,PPO,B,B|gt_mean=90,0.0,,,,,,,,,,,,,,,,,,,,,,removal,1,PPO,a:\MYpython\34959_RL\codes\nexus\thesis_gapfill_patch\run_20260219_202213_305730_R30_O_10_90_PPO_S42,O_10_90,42,PPO,v1,0,0,1,wait,1,0,,,,,,,,,,,mid(4-5)
1771508908.0977461,implement,receive_reward,0,3000000000011,18,993,993,4,mix_mu_5_40_terminal_dependent,90,B,none,74.5,5.0,"""[0, -1, -1, -1, -1, -1, -1, -1, -1, -1]""",4,0,0.0,等待/保持,,RL,,PPO,B,B|gt_mean=90,0.0,,,,,,,,,,,,,,,,,,,,,,removal,1,PPO,a:\MYpython\34959_RL\codes\nexus\thesis_gapfill_patch\run_20260219_202213_305730_R30_O_10_90_PPO_S42,O_10_90,42,PPO,v1,0,0,1,wait,1,0,,,,,,,,,,,mid(4-5)
1771508908.0997458,implement,receive_reward,0,3000000000002,18,993,993,4,mix_mu_5_40_terminal_dependent,90,B,none,48.1,5.0,"""[0, -1, -1, -1, -1, -1, -1, -1, -1, -1]""",4,0,0.0,等待/保持,,RL,,PPO,B,B|gt_mean=90,0.0,,,,,,,,,,,,,,,,,,,,,,removal,1,PPO,a:\MYpython\34959_RL\codes\nexus\thesis_gapfill_patch\run_20260219_202213_305730_R30_O_10_90_PPO_S42,O_10_90,42,PPO,v1,0,0,1,wait,1,0,,,,,,,,,,,mid(4-5)
1771508908.1007457,implement,receive_reward,0,3000000000017,20,993,993,4,mix_mu_5_40_terminal_dependent,90,B,none,73.0,5.0,"""[0, -1, -1, -1, -1, -1, -1, -1, -1, -1]""",4,0,0.0,等待/保持,,RL,,PPO,B,B|gt_mean=90,0.0,,,,,,,,,,,,,,,,,,,,,,removal,1,PPO,a:\MYpython\34959_RL\codes\nexus\thesis_gapfill_patch\run_20260219_202213_305730_R30_O_10_90_PPO_S42,O_10_90,42,PPO,v1,0,0,1,wait,1,0,,,,,,,,,,,mid(4-5)
1771508908.102749,implement,receive_reward,0,3000000000006,24,993,993,4,mix_mu_5_40_terminal_dependent,90,B,none,121.19999999999999,5.0,"""[0, -1, -1, -1, -1, -1, -1, -1, -1, -1]""",4,0,1.0,等待/保持,,RL,,PPO,B,B|gt_mean=90,0.0,,,,,,,,,,,,,,,,,,,,,,removal,1,PPO,a:\MYpython\34959_RL\codes\nexus\thesis_gapfill_patch\run_20260219_202213_305730_R30_O_10_90_PPO_S42,O_10_90,42,PPO,v1,1,0,1,wait,1,0,,,,,,,,,,,mid(4-5)
1771508908.104745,implement,receive_reward,0,3000000000004,26,993,993,4,mix_mu_5_40_terminal_dependent,90,B,none,103.0,5.0,"""[0, -1, -1, -1, -1, -1, -1, -1, -1, -1]""",4,0,1.0,等待/保持,,RL,,PPO,B,B|gt_mean=90,0.0,,,,,,,,,,,,,,,,,,,,,,removal,1,PPO,a:\MYpython\34959_RL\codes\nexus\thesis_gapfill_patch\run_20260219_202213_305730_R30_O_10_90_PPO_S42,O_10_90,42,PPO,v1,1,0,1,wait,1,0,,,,,,,,,,,mid(4-5)
1771508908.10705,implement,receive_reward,0,3000000000005,26,993,993,4,mix_mu_5_40_terminal_dependent,90,B,none,97.5,5.0,"""[0, -1, -1, -1, -1, -1, -1, -1, -1, -1]""",4,0,1.0,等待/保持,,RL,,PPO,B,B|gt_mean=90,0.0,,,,,,,,,,,,,,,,,,,,,,removal,1,PPO,a:\MYpython\34959_RL\codes\nexus\thesis_gapfill_patch\run_20260219_202213_305730_R30_O_10_90_PPO_S42,O_10_90,42,PPO,v1,1,0,1,wait,1,0,,,,,,,,,,,mid(4-5)
1771508824.1283042,implement,receive_reward,1,3000000000022,114,996,996,70,mix_mu_5_40_terminal_dependent,90,B,none,81.0,5.0,"""[8.0, -1, -1, -1, -1, -1, -1, -1, -1, -1]""",70,0,1.0,等待/保持,,RL,,PPO,B,B|gt_mean=90,0.0,,,,,,,,,,,,,,,,,,,,,,removal,1,PPO,a:\MYpython\34959_RL\codes\nexus\thesis_gapfill_patch\run_20260219_202213_305730_R30_O_10_90_PPO_S42,O_10_90,42,PPO,v1,1,0,1,wait,1,0,,,,,,,,,,,mid(4-5)
1771508908.109061,implement,receive_reward,0,3000000000010,28,993,993,4,mix_mu_5_40_terminal_dependent,90,B,none,128.0,5.0,"""[0, -1, -1, -1, -1, -1, -1, -1, -1, -1]""",4,0,1.0,等待/保持,,RL,,PPO,B,B|gt_mean=90,0.0,,,,,,,,,,,,,,,,,,,,,,removal,1,PPO,a:\MYpython\34959_RL\codes\nexus\thesis_gapfill_patch\run_20260219_202213_305730_R30_O_10_90_PPO_S42,O_10_90,42,PPO,v1,1,0,1,wait,1,0,,,,,,,,,,,mid(4-5)
1771508824.1179605,implement,receive_reward,1,3000000000019,114,996,996,70,mix_mu_5_40_terminal_dependent,90,B,none,61.0,5.0,"""[8.0, -1, -1, -1, -1, -1, -1, -1, -1, -1]""",70,0,0.0,等待/保持,,RL,,PPO,B,B|gt_mean=90,0.0,,,,,,,,,,,,,,,,,,,,,,removal,1,PPO,a:\MYpython\34959_RL\codes\nexus\thesis_gapfill_patch\run_20260219_202213_305730_R30_O_10_90_PPO_S42,O_10_90,42,PPO,v1,0,0,1,wait,1,0,,,,,,,,,,,mid(4-5)
1771508824.0421515,implement,receive_reward,1,3000000000029,111,996,996,70,mix_mu_5_40_terminal_dependent,90,B,none,90.0,5.0,"""[8.0, -1, -1, -1, -1, -1, -1, -1, -1, -1]""",70,0,1.0,等待/保持,,RL,,PPO,B,B|gt_mean=90,0.0,,,,,,,,,,,,,,,,,,,,,,removal,1,PPO,a:\MYpython\34959_RL\codes\nexus\thesis_gapfill_patch\run_20260219_202213_305730_R30_O_10_90_PPO_S42,O_10_90,42,PPO,v1,1,0,1,wait,1,0,,,,,,,,,,,mid(4-5)
1771508704.1434174,implement,receive_reward,0,3000000000001,60,998,998,1,mix_mu_5_40_terminal_dependent,90,B,none,149.0,4.0,"""[0, -1, -1, -1, -1, -1, -1, -1, -1, -1]""",1,0,1.0,等待/保持,,RL,,PPO,B,B|gt_mean=90,0.0,,,,,,,,,,,,,,,,,,,,,,removal,1,PPO,a:\MYpython\34959_RL\codes\nexus\thesis_gapfill_patch\run_20260219_202213_305730_R30_O_10_90_PPO_S42,O_10_90,42,PPO,v1,1,0,1,wait,1,0,,,,,,,,,,,mid(4-5)
1771508741.7589035,implement,receive_reward,1,3000000000022,36,998,998,75,mix_mu_5_40_terminal_dependent,90,B,none,56.599999999999994,6.0,"""[1.0, -1, -1, -1, -1, -1, -1, -1, -1, -1]""",75,0,0.0,等待/保持,,RL,,PPO,B,B|gt_mean=90,0.0,,,,,,,,,,,,,,,,,,,,,,removal,1,PPO,a:\MYpython\34959_RL\codes\nexus\thesis_gapfill_patch\run_20260219_202213_305730_R30_O_10_90_PPO_S42,O_10_90,42,PPO,v1,0,0,1,wait,1,0,,,,,,,,,,,high(6+)
1771508741.9533904,implement,receive_reward,1,3000000000019,36,998,998,75,mix_mu_5_40_terminal_dependent,90,B,none,36.599999999999994,6.0,"""[1.0, -1, -1, -1, -1, -1, -1, -1, -1, -1]""",75,0,0.0,等待/保持,,RL,,PPO,B,B|gt_mean=90,0.0,,,,,,,,,,,,,,,,,,,,,,removal,1,PPO,a:\MYpython\34959_RL\codes\nexus\thesis_gapfill_patch\run_20260219_202213_305730_R30_O_10_90_PPO_S42,O_10_90,42,PPO,v1,0,0,1,wait,1,0,,,,,,,,,,,high(6+)
1771508744.306301,implement,receive_reward,0,3000000000016,82,997,997,3,mix_mu_5_40_terminal_dependent,90,B,none,73.28,6.0,"""[0.0, -1, -1, -1, -1, -1, -1, -1, -1, -1]""",3,0,0.0,等待/保持,,RL,,PPO,B,B|gt_mean=90,0.0,,,,,,,,,,,,,,,,,,,,,,removal,1,PPO,a:\MYpython\34959_RL\codes\nexus\thesis_gapfill_patch\run_20260219_202213_305730_R30_O_10_90_PPO_S42,O_10_90,42,PPO,v1,0,0,1,wait,1,0,,,,,,,,,,,high(6+)
1771508744.3193293,implement,receive_reward,0,3000000000015,83,997,997,3,mix_mu_5_40_terminal_dependent,90,B,none,151.5,6.0,"""[0.0, -1, -1, -1, -1, -1, -1, -1, -1, -1]""",3,0,1.0,等待/保持,,RL,,PPO,B,B|gt_mean=90,0.0,,,,,,,,,,,,,,,,,,,,,,removal,1,PPO,a:\MYpython\34959_RL\codes\nexus\thesis_gapfill_patch\run_20260219_202213_305730_R30_O_10_90_PPO_S42,O_10_90,42,PPO,v1,1,0,1,wait,1,0,,,,,,,,,,,high(6+)
1771508744.3235404,implement,receive_reward,0,3000000000012,90,997,997,3,mix_mu_5_40_terminal_dependent,90,B,none,67.0,6.0,"""[0, -1, -1, -1, -1, -1, -1, -1, -1, -1]""",3,0,0.0,等待/保持,,RL,,PPO,B,B|gt_mean=90,0.0,,,,,,,,,,,,,,,,,,,,,,removal,1,PPO,a:\MYpython\34959_RL\codes\nexus\thesis_gapfill_patch\run_20260219_202213_305730_R30_O_10_90_PPO_S42,O_10_90,42,PPO,v1,0,0,1,wait,1,0,,,,,,,,,,,high(6+)
1771508744.330667,implement,receive_reward,1,3000000000005,113,997,997,111,mix_mu_5_40_terminal_dependent,90,B,none,9.0,6.0,"""[7.0, -1, -1, -1, -1, -1, -1, -1, -1, -1]""",111,0,0.0,等待/保持,,RL,,PPO,B,B|gt_mean=90,0.0,,,,,,,,,,,,,,,,,,,,,,removal,1,PPO,a:\MYpython\34959_RL\codes\nexus\thesis_gapfill_patch\run_20260219_202213_305730_R30_O_10_90_PPO_S42,O_10_90,42,PPO,v1,0,0,1,wait,1,0,,,,,,,,,,,high(6+)
1771508784.1875246,implement,receive_reward,0,3000000000003,3,996,996,4,mix_mu_5_40_terminal_dependent,90,B,none,42.0,4.0,"""[0, -1, -1, -1, -1, -1, -1, -1, -1, -1]""",4,0,0.0,等待/保持,,RL,,PPO,B,B|gt_mean=90,0.0,,,,,,,,,,,,,,,,,,,,,,removal,1,PPO,a:\MYpython\34959_RL\codes\nexus\thesis_gapfill_patch\run_20260219_202213_305730_R30_O_10_90_PPO_S42,O_10_90,42,PPO,v1,0,0,1,wait,1,0,,,,,,,,,,,mid(4-5)
1771508784.3817286,implement,receive_reward,0,3000000000008,6,996,996,4,mix_mu_5_40_terminal_dependent,90,B,none,85.0,4.0,"""[0, -1, -1, -1, -1, -1, -1, -1, -1, -1]""",4,0,1.0,等待/保持,,RL,,PPO,B,B|gt_mean=90,0.0,,,,,,,,,,,,,,,,,,,,,,removal,1,PPO,a:\MYpython\34959_RL\codes\nexus\thesis_gapfill_patch\run_20260219_202213_305730_R30_O_10_90_PPO_S42,O_10_90,42,PPO,v1,1,0,1,wait,1,0,,,,,,,,,,,mid(4-5)
1771508784.6308827,implement,receive_reward,0,3000000000014,7,996,996,4,mix_mu_5_40_terminal_dependent,90,B,none,75.0,4.0,"""[0, -1, -1, -1, -1, -1, -1, -1, -1, -1]""",4,0,1.0,等待/保持,,RL,,PPO,B,B|gt_mean=90,0.0,,,,,,,,,,,,,,,,,,,,,,removal,1,PPO,a:\MYpython\34959_RL\codes\nexus\thesis_gapfill_patch\run_20260219_202213_305730_R30_O_10_90_PPO_S42,O_10_90,42,PPO,v1,1,0,1,wait,1,0,,,,,,,,,,,mid(4-5)
1771508784.8639374,implement,receive_reward,0,3000000000009,8,996,996,4,mix_mu_5_40_terminal_dependent,90,B,none,125.0,4.0,"""[0, -1, -1, -1, -1, -1, -1, -1, -1, -1]""",4,0,1.0,等待/保持,,RL,,PPO,B,B|gt_mean=90,0.0,,,,,,,,,,,,,,,,,,,,,,removal,1,PPO,a:\MYpython\34959_RL\codes\nexus\thesis_gapfill_patch\run_20260219_202213_305730_R30_O_10_90_PPO_S42,O_10_90,42,PPO,v1,1,0,1,wait,1,0,,,,,,,,,,,mid(4-5)
1771508785.1132202,implement,receive_reward,0,3000000000007,10,996,996,4,mix_mu_5_40_terminal_dependent,90,B,none,125.0,4.0,"""[0, -1, -1, -1, -1, -1, -1, -1, -1, -1]""",4,0,1.0,等待/保持,,RL,,PPO,B,B|gt_mean=90,0.0,,,,,,,,,,,,,,,,,,,,,,removal,1,PPO,a:\MYpython\34959_RL\codes\nexus\thesis_gapfill_patch\run_20260219_202213_305730_R30_O_10_90_PPO_S42,O_10_90,42,PPO,v1,1,0,1,wait,1,0,,,,,,,,,,,mid(4-5)
1771508785.3462706,implement,receive_reward,0,3000000000000,11,996,996,4,mix_mu_5_40_terminal_dependent,90,B,none,146.0,4.0,"""[0, -1, -1, -1, -1, -1, -1, -1, -1, -1]""",4,0,1.0,等待/保持,,RL,,PPO,B,B|gt_mean=90,0.0,,,,,,,,,,,,,,,,,,,,,,removal,1,PPO,a:\MYpython\34959_RL\codes\nexus\thesis_gapfill_patch\run_20260219_202213_305730_R30_O_10_90_PPO_S42,O_10_90,42,PPO,v1,1,0,1,wait,1,0,,,,,,,,,,,mid(4-5)
1771508785.6131778,implement,receive_reward,0,3000000000013,16,996,996,4,mix_mu_5_40_terminal_dependent,90,B,none,38.5,4.0,"""[0, -1, -1, -1, -1, -1, -1, -1, -1, -1]""",4,0,0.0,等待/保持,,RL,,PPO,B,B|gt_mean=90,0.0,,,,,,,,,,,,,,,,,,,,,,removal,1,PPO,a:\MYpython\34959_RL\codes\nexus\thesis_gapfill_patch\run_20260219_202213_305730_R30_O_10_90_PPO_S42,O_10_90,42,PPO,v1,0,0,1,wait,1,0,,,,,,,,,,,mid(4-5)
1771508785.8621821,implement,receive_reward,0,3000000000011,18,996,996,4,mix_mu_5_40_terminal_dependent,90,B,none,74.5,4.0,"""[0, -1, -1, -1, -1, -1, -1, -1, -1, -1]""",4,0,1.0,等待/保持,,RL,,PPO,B,B|gt_mean=90,0.0,,,,,,,,,,,,,,,,,,,,,,removal,1,PPO,a:\MYpython\34959_RL\codes\nexus\thesis_gapfill_patch\run_20260219_202213_305730_R30_O_10_90_PPO_S42,O_10_90,42,PPO,v1,1,0,1,wait,1,0,,,,,,,,,,,mid(4-5)
1771508786.0943732,implement,receive_reward,0,3000000000002,18,996,996,4,mix_mu_5_40_terminal_dependent,90,B,none,48.1,4.0,"""[0, -1, -1, -1, -1, -1, -1, -1, -1, -1]""",4,0,0.0,等待/保持,,RL,,PPO,B,B|gt_mean=90,0.0,,,,,,,,,,,,,,,,,,,,,,removal,1,PPO,a:\MYpython\34959_RL\codes\nexus\thesis_gapfill_patch\run_20260219_202213_305730_R30_O_10_90_PPO_S42,O_10_90,42,PPO,v1,0,0,1,wait,1,0,,,,,,,,,,,mid(4-5)
1771508786.3411882,implement,receive_reward,0,3000000000017,20,996,996,4,mix_mu_5_40_terminal_dependent,90,B,none,73.0,4.0,"""[0, -1, -1, -1, -1, -1, -1, -1, -1, -1]""",4,0,1.0,等待/保持,,RL,,PPO,B,B|gt_mean=90,0.0,,,,,,,,,,,,,,,,,,,,,,removal,1,PPO,a:\MYpython\34959_RL\codes\nexus\thesis_gapfill_patch\run_20260219_202213_305730_R30_O_10_90_PPO_S42,O_10_90,42,PPO,v1,1,0,1,wait,1,0,,,,,,,,,,,mid(4-5)
1771508786.5888803,implement,receive_reward,0,3000000000006,24,996,996,4,mix_mu_5_40_terminal_dependent,90,B,none,121.19999999999999,4.0,"""[0, -1, -1, -1, -1, -1, -1, -1, -1, -1]""",4,0,1.0,等待/保持,,RL,,PPO,B,B|gt_mean=90,0.0,,,,,,,,,,,,,,,,,,,,,,removal,1,PPO,a:\MYpython\34959_RL\codes\nexus\thesis_gapfill_patch\run_20260219_202213_305730_R30_O_10_90_PPO_S42,O_10_90,42,PPO,v1,1,0,1,wait,1,0,,,,,,,,,,,mid(4-5)
1771508786.7905102,implement,receive_reward,0,3000000000004,26,996,996,4,mix_mu_5_40_terminal_dependent,90,B,none,103.0,4.0,"""[0, -1, -1, -1, -1, -1, -1, -1, -1, -1]""",4,0,1.0,等待/保持,,RL,,PPO,B,B|gt_mean=90,0.0,,,,,,,,,,,,,,,,,,,,,,removal,1,PPO,a:\MYpython\34959_RL\codes\nexus\thesis_gapfill_patch\run_20260219_202213_305730_R30_O_10_90_PPO_S42,O_10_90,42,PPO,v1,1,0,1,wait,1,0,,,,,,,,,,,mid(4-5)
1771508787.0223496,implement,receive_reward,0,3000000000005,26,996,996,4,mix_mu_5_40_terminal_dependent,90,B,none,97.5,4.0,"""[0, -1, -1, -1, -1, -1, -1, -1, -1, -1]""",4,0,1.0,等待/保持,,RL,,PPO,B,B|gt_mean=90,0.0,,,,,,,,,,,,,,,,,,,,,,removal,1,PPO,a:\MYpython\34959_RL\codes\nexus\thesis_gapfill_patch\run_20260219_202213_305730_R30_O_10_90_PPO_S42,O_10_90,42,PPO,v1,1,0,1,wait,1,0,,,,,,,,,,,mid(4-5)
1771508787.271644,implement,receive_reward,0,3000000000010,28,996,996,4,mix_mu_5_40_terminal_dependent,90,B,none,128.0,4.0,"""[0, -1, -1, -1, -1, -1, -1, -1, -1, -1]""",4,0,1.0,等待/保持,,RL,,PPO,B,B|gt_mean=90,0.0,,,,,,,,,,,,,,,,,,,,,,removal,1,PPO,a:\MYpython\34959_RL\codes\nexus\thesis_gapfill_patch\run_20260219_202213_305730_R30_O_10_90_PPO_S42,O_10_90,42,PPO,v1,1,0,1,wait,1,0,,,,,,,,,,,mid(4-5)
1771508824.1159608,implement,receive_reward,1,3000000000011,111,996,996,70,mix_mu_5_40_terminal_dependent,90,B,none,25.0,5.0,"""[8.0, -1, -1, -1, -1, -1, -1, -1, -1, -1]""",70,0,0.0,等待/保持,,RL,,PPO,B,B|gt_mean=90,0.0,,,,,,,,,,,,,,,,,,,,,,removal,1,PPO,a:\MYpython\34959_RL\codes\nexus\thesis_gapfill_patch\run_20260219_202213_305730_R30_O_10_90_PPO_S42,O_10_90,42,PPO,v1,0,0,1,wait,1,0,,,,,,,,,,,mid(4-5)
1771510664.5969427,implement,receive_reward,0,3000000000015,83,949,949,1,mix_mu_5_40_terminal_dependent,90,B,none,153.5,3.0,"""[0.0, -1, -1, -1, -1, -1, -1, -1, -1, -1]""",1,0,1.0,等待/保持,,RL,,PPO,B,B|gt_mean=90,0.0,,,,,,,,,,,,,,,,,,,,,,removal,1,PPO,a:\MYpython\34959_RL\codes\nexus\thesis_gapfill_patch\run_20260219_202213_305730_R30_O_10_90_PPO_S42,O_10_90,42,PPO,v1,1,0,1,wait,1,0,,,,,,,,,,,low(2-3)
1771508908.1110568,implement,receive_reward,1,3000000000015,83,993,993,87,mix_mu_5_40_terminal_dependent,90,B,none,67.5,5.0,"""[0.0, -1, -1, -1, -1, -1, -1, -1, -1, -1]""",87,0,0.0,等待/保持,,RL,,PPO,B,B|gt_mean=90,0.0,,,,,,,,,,,,,,,,,,,,,,removal,1,PPO,a:\MYpython\34959_RL\codes\nexus\thesis_gapfill_patch\run_20260219_202213_305730_R30_O_10_90_PPO_S42,O_10_90,42,PPO,v1,0,0,1,wait,1,0,,,,,,,,,,,mid(4-5)
1771509095.7949529,implement,receive_reward,1,3000000000022,36,990,990,86,mix_mu_5_40_terminal_dependent,90,B,none,45.599999999999994,5.0,"""[1.0, -1, -1, -1, -1, -1, -1, -1, -1, -1]""",86,0,0.0,等待/保持,,RL,,PPO,B,B|gt_mean=90,0.0,,,,,,,,,,,,,,,,,,,,,,removal,1,PPO,a:\MYpython\34959_RL\codes\nexus\thesis_gapfill_patch\run_20260219_202213_305730_R30_O_10_90_PPO_S42,O_10_90,42,PPO,v1,0,0,1,wait,1,0,,,,,,,,,,,mid(4-5)
1771509337.420755,implement,receive_reward,1,3000000000029,111,984,984,96,mix_mu_5_40_terminal_dependent,90,B,none,62.5,5.0,"""[4.0, -1, -1, -1, -1, -1, -1, -1, -1, -1]""",96,0,0.0,等待/保持,,RL,,PPO,B,B|gt_mean=90,0.0,,,,,,,,,,,,,,,,,,,,,,removal,1,PPO,a:\MYpython\34959_RL\codes\nexus\thesis_gapfill_patch\run_20260219_202213_305730_R30_O_10_90_PPO_S42,O_10_90,42,PPO,v1,0,0,1,wait,1,0,,,,,,,,,,,mid(4-5)
1771509337.683581,implement,receive_reward,1,3000000000001,60,983,983,101,mix_mu_5_40_terminal_dependent,90,B,none,56.0,5.0,"""[5, -1, -1, -1, -1, -1, -1, -1, -1, -1]""",101,0,0.0,等待/保持,,RL,,PPO,B,B|gt_mean=90,0.0,,,,,,,,,,,,,,,,,,,,,,removal,1,PPO,a:\MYpython\34959_RL\codes\nexus\thesis_gapfill_patch\run_20260219_202213_305730_R30_O_10_90_PPO_S42,O_10_90,42,PPO,v1,0,0,1,wait,1,0,,,,,,,,,,,mid(4-5)
1771509377.8570676,implement,receive_reward,0,3000000000020,34,982,982,2,mix_mu_5_40_terminal_dependent,90,B,none,36.0,5.0,"""[1.0, -1, -1, -1, -1, -1, -1, -1, -1, -1]""",2,0,0.0,等待/保持,,RL,,PPO,B,B|gt_mean=90,0.0,,,,,,,,,,,,,,,,,,,,,,removal,1,PPO,a:\MYpython\34959_RL\codes\nexus\thesis_gapfill_patch\run_20260219_202213_305730_R30_O_10_90_PPO_S42,O_10_90,42,PPO,v1,0,0,1,wait,1,0,,,,,,,,,,,mid(4-5)
1771509377.8600664,implement,receive_reward,0,3000000000022,36,982,982,2,mix_mu_5_40_terminal_dependent,90,B,none,129.6,5.0,"""[1.0, -1, -1, -1, -1, -1, -1, -1, -1, -1]""",2,0,1.0,等待/保持,,RL,,PPO,B,B|gt_mean=90,0.0,,,,,,,,,,,,,,,,,,,,,,removal,1,PPO,a:\MYpython\34959_RL\codes\nexus\thesis_gapfill_patch\run_20260219_202213_305730_R30_O_10_90_PPO_S42,O_10_90,42,PPO,v1,1,0,1,wait,1,0,,,,,,,,,,,mid(4-5)
1771509377.8709593,implement,receive_reward,0,3000000000019,36,982,982,2,mix_mu_5_40_terminal_dependent,90,B,none,109.6,5.0,"""[1.0, -1, -1, -1, -1, -1, -1, -1, -1, -1]""",2,0,1.0,等待/保持,,RL,,PPO,B,B|gt_mean=90,0.0,,,,,,,,,,,,,,,,,,,,,,removal,1,PPO,a:\MYpython\34959_RL\codes\nexus\thesis_gapfill_patch\run_20260219_202213_305730_R30_O_10_90_PPO_S42,O_10_90,42,PPO,v1,1,0,1,wait,1,0,,,,,,,,,,,mid(4-5)
1771509377.9090235,implement,receive_reward,0,3000000000016,38,982,982,2,mix_mu_5_40_terminal_dependent,90,B,none,74.5,5.0,"""[1.0, -1, -1, -1, -1, -1, -1, -1, -1, -1]""",2,0,1.0,等待/保持,,RL,,PPO,B,B|gt_mean=90,0.0,,,,,,,,,,,,,,,,,,,,,,removal,1,PPO,a:\MYpython\34959_RL\codes\nexus\thesis_gapfill_patch\run_20260219_202213_305730_R30_O_10_90_PPO_S42,O_10_90,42,PPO,v1,1,0,1,wait,1,0,,,,,,,,,,,mid(4-5)
1771509378.081793,implement,receive_reward,1,3000000000001,60,982,982,60,mix_mu_5_40_terminal_dependent,90,B,none,97.0,5.0,"""[5, -1, -1, -1, -1, -1, -1, -1, -1, -1]""",60,0,1.0,等待/保持,,RL,,PPO,B,B|gt_mean=90,0.0,,,,,,,,,,,,,,,,,,,,,,removal,1,PPO,a:\MYpython\34959_RL\codes\nexus\thesis_gapfill_patch\run_20260219_202213_305730_R30_O_10_90_PPO_S42,O_10_90,42,PPO,v1,1,0,1,wait,1,0,,,,,,,,,,,mid(4-5)
1771509417.3503678,implement,receive_reward,0,3000000000016,38,981,981,4,mix_mu_5_40_terminal_dependent,90,B,none,91.0,4.0,"""[7.0, -1, -1, -1, -1, -1, -1, -1, -1, -1]""",4,0,1.0,等待/保持,,RL,,PPO,B,B|gt_mean=90,0.0,,,,,,,,,,,,,,,,,,,,,,removal,1,PPO,a:\MYpython\34959_RL\codes\nexus\thesis_gapfill_patch\run_20260219_202213_305730_R30_O_10_90_PPO_S42,O_10_90,42,PPO,v1,1,0,1,wait,1,0,,,,,,,,,,,mid(4-5)
1771509454.4836442,implement,receive_reward,1,3000000000005,113,981,981,85,mix_mu_5_40_terminal_dependent,90,B,none,35.0,5.0,"""[7.0, -1, -1, -1, -1, -1, -1, -1, -1, -1]""",85,0,0.0,等待/保持,,RL,,PPO,B,B|gt_mean=90,0.0,,,,,,,,,,,,,,,,,,,,,,removal,1,PPO,a:\MYpython\34959_RL\codes\nexus\thesis_gapfill_patch\run_20260219_202213_305730_R30_O_10_90_PPO_S42,O_10_90,42,PPO,v1,0,0,1,wait,1,0,,,,,,,,,,,mid(4-5)
1771509457.6317372,implement,receive_reward,0,3000000000003,3,980,980,1,mix_mu_5_40_terminal_dependent,90,B,none,51.0,3.0,"""[3, -1, -1, -1, -1, -1, -1, -1, -1, -1]""",1,0,0.0,等待/保持,,RL,,PPO,B,B|gt_mean=90,0.0,,,,,,,,,,,,,,,,,,,,,,removal,1,PPO,a:\MYpython\34959_RL\codes\nexus\thesis_gapfill_patch\run_20260219_202213_305730_R30_O_10_90_PPO_S42,O_10_90,42,PPO,v1,0,0,1,wait,1,0,,,,,,,,,,,low(2-3)
1771509457.8134184,implement,receive_reward,0,3000000000008,6,980,980,1,mix_mu_5_40_terminal_dependent,90,B,none,94.0,3.0,"""[3, -1, -1, -1, -1, -1, -1, -1, -1, -1]""",1,0,0.0,等待/保持,,RL,,PPO,B,B|gt_mean=90,0.0,,,,,,,,,,,,,,,,,,,,,,removal,1,PPO,a:\MYpython\34959_RL\codes\nexus\thesis_gapfill_patch\run_20260219_202213_305730_R30_O_10_90_PPO_S42,O_10_90,42,PPO,v1,0,0,1,wait,1,0,,,,,,,,,,,low(2-3)
1771509458.0471435,implement,receive_reward,0,3000000000014,7,980,980,1,mix_mu_5_40_terminal_dependent,90,B,none,84.0,3.0,"""[3, -1, -1, -1, -1, -1, -1, -1, -1, -1]""",1,0,0.0,等待/保持,,RL,,PPO,B,B|gt_mean=90,0.0,,,,,,,,,,,,,,,,,,,,,,removal,1,PPO,a:\MYpython\34959_RL\codes\nexus\thesis_gapfill_patch\run_20260219_202213_305730_R30_O_10_90_PPO_S42,O_10_90,42,PPO,v1,0,0,1,wait,1,0,,,,,,,,,,,low(2-3)
1771509458.276669,implement,receive_reward,0,3000000000009,8,980,980,1,mix_mu_5_40_terminal_dependent,90,B,none,134.0,3.0,"""[3, -1, -1, -1, -1, -1, -1, -1, -1, -1]""",1,0,1.0,等待/保持,,RL,,PPO,B,B|gt_mean=90,0.0,,,,,,,,,,,,,,,,,,,,,,removal,1,PPO,a:\MYpython\34959_RL\codes\nexus\thesis_gapfill_patch\run_20260219_202213_305730_R30_O_10_90_PPO_S42,O_10_90,42,PPO,v1,1,0,1,wait,1,0,,,,,,,,,,,low(2-3)
1771509458.523699,implement,receive_reward,0,3000000000007,10,980,980,1,mix_mu_5_40_terminal_dependent,90,B,none,134.0,3.0,"""[3, -1, -1, -1, -1, -1, -1, -1, -1, -1]""",1,0,1.0,等待/保持,,RL,,PPO,B,B|gt_mean=90,0.0,,,,,,,,,,,,,,,,,,,,,,removal,1,PPO,a:\MYpython\34959_RL\codes\nexus\thesis_gapfill_patch\run_20260219_202213_305730_R30_O_10_90_PPO_S42,O_10_90,42,PPO,v1,1,0,1,wait,1,0,,,,,,,,,,,low(2-3)
1771509458.7407835,implement,receive_reward,0,3000000000000,11,980,980,1,mix_mu_5_40_terminal_dependent,90,B,none,155.0,3.0,"""[3, -1, -1, -1, -1, -1, -1, -1, -1, -1]""",1,0,1.0,等待/保持,,RL,,PPO,B,B|gt_mean=90,0.0,,,,,,,,,,,,,,,,,,,,,,removal,1,PPO,a:\MYpython\34959_RL\codes\nexus\thesis_gapfill_patch\run_20260219_202213_305730_R30_O_10_90_PPO_S42,O_10_90,42,PPO,v1,1,0,1,wait,1,0,,,,,,,,,,,low(2-3)
1771509458.9603326,implement,receive_reward,0,3000000000028,47,980,980,1,mix_mu_5_40_terminal_dependent,90,B,none,93.0,3.0,"""[3, -1, -1, -1, -1, -1, -1, -1, -1, -1]""",1,0,0.0,等待/保持,,RL,,PPO,B,B|gt_mean=90,0.0,,,,,,,,,,,,,,,,,,,,,,removal,1,PPO,a:\MYpython\34959_RL\codes\nexus\thesis_gapfill_patch\run_20260219_202213_305730_R30_O_10_90_PPO_S42,O_10_90,42,PPO,v1,0,0,1,wait,1,0,,,,,,,,,,,low(2-3)
1771509497.367626,implement,receive_reward,1,3000000000022,36,980,980,97,mix_mu_5_40_terminal_dependent,90,B,none,34.599999999999994,6.0,"""[1.0, -1, -1, -1, -1, -1, -1, -1, -1, -1]""",97,0,0.0,等待/保持,,RL,,PPO,B,B|gt_mean=90,0.0,,,,,,,,,,,,,,,,,,,,,,removal,1,PPO,a:\MYpython\34959_RL\codes\nexus\thesis_gapfill_patch\run_20260219_202213_305730_R30_O_10_90_PPO_S42,O_10_90,42,PPO,v1,0,0,1,wait,1,0,,,,,,,,,,,high(6+)
1771509497.5669506,implement,receive_reward,1,3000000000019,36,980,980,97,mix_mu_5_40_terminal_dependent,90,B,none,14.599999999999994,6.0,"""[1.0, -1, -1, -1, -1, -1, -1, -1, -1, -1]""",97,0,0.0,等待/保持,,RL,,PPO,B,B|gt_mean=90,0.0,,,,,,,,,,,,,,,,,,,,,,removal,1,PPO,a:\MYpython\34959_RL\codes\nexus\thesis_gapfill_patch\run_20260219_202213_305730_R30_O_10_90_PPO_S42,O_10_90,42,PPO,v1,0,0,1,wait,1,0,,,,,,,,,,,high(6+)
1771509536.9647803,implement,receive_reward,0,3000000000021,70,979,979,2,mix_mu_5_40_terminal_dependent,90,B,none,98.5,6.0,"""[1.0, -1, -1, -1, -1, -1, -1, -1, -1, -1]""",2,0,0.0,等待/保持,,RL,,PPO,B,B|gt_mean=90,0.0,,,,,,,,,,,,,,,,,,,,,,removal,1,PPO,a:\MYpython\34959_RL\codes\nexus\thesis_gapfill_patch\run_20260219_202213_305730_R30_O_10_90_PPO_S42,O_10_90,42,PPO,v1,0,0,1,wait,1,0,,,,,,,,,,,high(6+)
1771509537.1866617,implement,receive_reward,0,3000000000018,71,979,979,2,mix_mu_5_40_terminal_dependent,90,B,none,106.5,6.0,"""[1.0, -1, -1, -1, -1, -1, -1, -1, -1, -1]""",2,0,0.0,等待/保持,,RL,,PPO,B,B|gt_mean=90,0.0,,,,,,,,,,,,,,,,,,,,,,removal,1,PPO,a:\MYpython\34959_RL\codes\nexus\thesis_gapfill_patch\run_20260219_202213_305730_R30_O_10_90_PPO_S42,O_10_90,42,PPO,v1,0,0,1,wait,1,0,,,,,,,,,,,high(6+)
1771509573.8602803,implement,receive_reward,1,3000000000005,26,978,978,52,mix_mu_5_40_terminal_dependent,90,B,none,66.5,6.0,"""[5, -1, -1, -1, -1, -1, -1, -1, -1, -1]""",52,0,1.0,等待/保持,,RL,,PPO,B,B|gt_mean=90,0.0,,,,,,,,,,,,,,,,,,,,,,removal,1,PPO,a:\MYpython\34959_RL\codes\nexus\thesis_gapfill_patch\run_20260219_202213_305730_R30_O_10_90_PPO_S42,O_10_90,42,PPO,v1,1,0,1,wait,1,0,,,,,,,,,,,high(6+)
1771509337.3230965,implement,receive_reward,1,3000000000006,109,984,984,96,mix_mu_5_40_terminal_dependent,90,B,none,44.19999999999999,5.0,"""[4.0, -1, -1, -1, -1, -1, -1, -1, -1, -1]""",96,0,0.0,等待/保持,,RL,,PPO,B,B|gt_mean=90,0.0,,,,,,,,,,,,,,,,,,,,,,removal,1,PPO,a:\MYpython\34959_RL\codes\nexus\thesis_gapfill_patch\run_20260219_202213_305730_R30_O_10_90_PPO_S42,O_10_90,42,PPO,v1,0,0,1,wait,1,0,,,,,,,,,,,mid(4-5)
1771509050.802497,implement,receive_reward,0,3000000000021,70,990,990,3,mix_mu_5_40_terminal_dependent,90,B,none,106.0,6.0,"""[8.0, -1, -1, -1, -1, -1, -1, -1, -1, -1]""",3,0,1.0,等待/保持,,RL,,PPO,B,B|gt_mean=90,0.0,,,,,,,,,,,,,,,,,,,,,,removal,1,PPO,a:\MYpython\34959_RL\codes\nexus\thesis_gapfill_patch\run_20260219_202213_305730_R30_O_10_90_PPO_S42,O_10_90,42,PPO,v1,1,0,1,wait,1,0,,,,,,,,,,,high(6+)
1771509337.2990928,implement,receive_reward,1,3000000000024,100,984,984,96,mix_mu_5_40_terminal_dependent,90,B,none,48.0,5.0,"""[4.0, -1, -1, -1, -1, -1, -1, -1, -1, -1]""",96,0,0.0,等待/保持,,RL,,PPO,B,B|gt_mean=90,0.0,,,,,,,,,,,,,,,,,,,,,,removal,1,PPO,a:\MYpython\34959_RL\codes\nexus\thesis_gapfill_patch\run_20260219_202213_305730_R30_O_10_90_PPO_S42,O_10_90,42,PPO,v1,0,0,1,wait,1,0,,,,,,,,,,,mid(4-5)
1771509299.7554483,implement,receive_reward,0,3000000000023,92,984,984,2,mix_mu_5_40_terminal_dependent,90,B,none,56.0,6.0,"""[3.0, -1, -1, -1, -1, -1, -1, -1, -1, -1]""",2,0,0.0,等待/保持,,RL,,PPO,B,B|gt_mean=90,0.0,,,,,,,,,,,,,,,,,,,,,,removal,1,PPO,a:\MYpython\34959_RL\codes\nexus\thesis_gapfill_patch\run_20260219_202213_305730_R30_O_10_90_PPO_S42,O_10_90,42,PPO,v1,0,0,1,wait,1,0,,,,,,,,,,,high(6+)
1771509096.0241764,implement,receive_reward,1,3000000000019,36,990,990,86,mix_mu_5_40_terminal_dependent,90,B,none,25.599999999999994,5.0,"""[1.0, -1, -1, -1, -1, -1, -1, -1, -1, -1]""",86,0,0.0,等待/保持,,RL,,PPO,B,B|gt_mean=90,0.0,,,,,,,,,,,,,,,,,,,,,,removal,1,PPO,a:\MYpython\34959_RL\codes\nexus\thesis_gapfill_patch\run_20260219_202213_305730_R30_O_10_90_PPO_S42,O_10_90,42,PPO,v1,0,0,1,wait,1,0,,,,,,,,,,,mid(4-5)
1771509098.98681,implement,receive_reward,0,3000000000005,26,989,989,1,mix_mu_5_40_terminal_dependent,90,B,none,117.5,6.0,"""[5, -1, -1, -1, -1, -1, -1, -1, -1, -1]""",1,0,1.0,等待/保持,,RL,,PPO,B,B|gt_mean=90,0.0,,,,,,,,,,,,,,,,,,,,,,removal,1,PPO,a:\MYpython\34959_RL\codes\nexus\thesis_gapfill_patch\run_20260219_202213_305730_R30_O_10_90_PPO_S42,O_10_90,42,PPO,v1,1,0,1,wait,1,0,,,,,,,,,,,high(6+)
1771509099.0027876,implement,receive_reward,0,3000000000004,26,989,989,1,mix_mu_5_40_terminal_dependent,90,B,none,123.0,6.0,"""[5, -1, -1, -1, -1, -1, -1, -1, -1, -1]""",1,0,1.0,等待/保持,,RL,,PPO,B,B|gt_mean=90,0.0,,,,,,,,,,,,,,,,,,,,,,removal,1,PPO,a:\MYpython\34959_RL\codes\nexus\thesis_gapfill_patch\run_20260219_202213_305730_R30_O_10_90_PPO_S42,O_10_90,42,PPO,v1,1,0,1,wait,1,0,,,,,,,,,,,high(6+)
1771509099.0077965,implement,receive_reward,0,3000000000019,36,989,989,1,mix_mu_5_40_terminal_dependent,90,B,none,128.1,6.0,"""[5.0, -1, -1, -1, -1, -1, -1, -1, -1, -1]""",1,0,1.0,等待/保持,,RL,,PPO,B,B|gt_mean=90,0.0,,,,,,,,,,,,,,,,,,,,,,removal,1,PPO,a:\MYpython\34959_RL\codes\nexus\thesis_gapfill_patch\run_20260219_202213_305730_R30_O_10_90_PPO_S42,O_10_90,42,PPO,v1,1,0,1,wait,1,0,,,,,,,,,,,high(6+)
1771509099.0193005,implement,receive_reward,0,3000000000022,36,989,989,1,mix_mu_5_40_terminal_dependent,90,B,none,148.1,6.0,"""[5.0, -1, -1, -1, -1, -1, -1, -1, -1, -1]""",1,0,1.0,等待/保持,,RL,,PPO,B,B|gt_mean=90,0.0,,,,,,,,,,,,,,,,,,,,,,removal,1,PPO,a:\MYpython\34959_RL\codes\nexus\thesis_gapfill_patch\run_20260219_202213_305730_R30_O_10_90_PPO_S42,O_10_90,42,PPO,v1,1,0,1,wait,1,0,,,,,,,,,,,high(6+)
1771509099.0213027,implement,receive_reward,0,3000000000026,44,989,989,1,mix_mu_5_40_terminal_dependent,90,B,none,82.0,6.0,"""[5.0, -1, -1, -1, -1, -1, -1, -1, -1, -1]""",1,0,0.0,等待/保持,,RL,,PPO,B,B|gt_mean=90,0.0,,,,,,,,,,,,,,,,,,,,,,removal,1,PPO,a:\MYpython\34959_RL\codes\nexus\thesis_gapfill_patch\run_20260219_202213_305730_R30_O_10_90_PPO_S42,O_10_90,42,PPO,v1,0,0,1,wait,1,0,,,,,,,,,,,high(6+)
1771509099.2520006,implement,receive_reward,0,3000000000028,47,989,989,1,mix_mu_5_40_terminal_dependent,90,B,none,106.0,6.0,"""[5, -1, -1, -1, -1, -1, -1, -1, -1, -1]""",1,0,1.0,等待/保持,,RL,,PPO,B,B|gt_mean=90,0.0,,,,,,,,,,,,,,,,,,,,,,removal,1,PPO,a:\MYpython\34959_RL\codes\nexus\thesis_gapfill_patch\run_20260219_202213_305730_R30_O_10_90_PPO_S42,O_10_90,42,PPO,v1,1,0,1,wait,1,0,,,,,,,,,,,high(6+)
1771509099.451609,implement,receive_reward,1,3000000000005,113,989,989,104,mix_mu_5_40_terminal_dependent,90,B,none,16.0,6.0,"""[7.0, -1, -1, -1, -1, -1, -1, -1, -1, -1]""",104,0,0.0,等待/保持,,RL,,PPO,B,B|gt_mean=90,0.0,,,,,,,,,,,,,,,,,,,,,,removal,1,PPO,a:\MYpython\34959_RL\codes\nexus\thesis_gapfill_patch\run_20260219_202213_305730_R30_O_10_90_PPO_S42,O_10_90,42,PPO,v1,0,0,1,wait,1,0,,,,,,,,,,,high(6+)
1771509181.5745556,implement,receive_reward,0,3000000000018,71,988,988,2,mix_mu_5_40_terminal_dependent,90,B,none,123.0,6.0,"""[9.0, -1, -1, -1, -1, -1, -1, -1, -1, -1]""",2,0,1.0,等待/保持,,RL,,PPO,B,B|gt_mean=90,0.0,,,,,,,,,,,,,,,,,,,,,,removal,1,PPO,a:\MYpython\34959_RL\codes\nexus\thesis_gapfill_patch\run_20260219_202213_305730_R30_O_10_90_PPO_S42,O_10_90,42,PPO,v1,1,0,1,wait,1,0,,,,,,,,,,,high(6+)
1771509181.7555418,implement,receive_reward,0,3000000000024,79,988,988,2,mix_mu_5_40_terminal_dependent,90,B,none,154.0,6.0,"""[9, -1, -1, -1, -1, -1, -1, -1, -1, -1]""",2,0,1.0,等待/保持,,RL,,PPO,B,B|gt_mean=90,0.0,,,,,,,,,,,,,,,,,,,,,,removal,1,PPO,a:\MYpython\34959_RL\codes\nexus\thesis_gapfill_patch\run_20260219_202213_305730_R30_O_10_90_PPO_S42,O_10_90,42,PPO,v1,1,0,1,wait,1,0,,,,,,,,,,,high(6+)
1771509183.8940814,implement,receive_reward,0,3000000000016,82,987,987,4,mix_mu_5_40_terminal_dependent,90,B,none,72.28,6.0,"""[0.0, -1, -1, -1, -1, -1, -1, -1, -1, -1]""",4,0,0.0,等待/保持,,RL,,PPO,B,B|gt_mean=90,0.0,,,,,,,,,,,,,,,,,,,,,,removal,1,PPO,a:\MYpython\34959_RL\codes\nexus\thesis_gapfill_patch\run_20260219_202213_305730_R30_O_10_90_PPO_S42,O_10_90,42,PPO,v1,0,0,1,wait,1,0,,,,,,,,,,,high(6+)
1771509184.101792,implement,receive_reward,0,3000000000015,83,987,987,4,mix_mu_5_40_terminal_dependent,90,B,none,150.5,6.0,"""[0.0, -1, -1, -1, -1, -1, -1, -1, -1, -1]""",4,0,1.0,等待/保持,,RL,,PPO,B,B|gt_mean=90,0.0,,,,,,,,,,,,,,,,,,,,,,removal,1,PPO,a:\MYpython\34959_RL\codes\nexus\thesis_gapfill_patch\run_20260219_202213_305730_R30_O_10_90_PPO_S42,O_10_90,42,PPO,v1,1,0,1,wait,1,0,,,,,,,,,,,high(6+)
1771509184.256759,implement,receive_reward,0,3000000000012,90,987,987,4,mix_mu_5_40_terminal_dependent,90,B,none,66.0,6.0,"""[0, -1, -1, -1, -1, -1, -1, -1, -1, -1]""",4,0,0.0,等待/保持,,RL,,PPO,B,B|gt_mean=90,0.0,,,,,,,,,,,,,,,,,,,,,,removal,1,PPO,a:\MYpython\34959_RL\codes\nexus\thesis_gapfill_patch\run_20260219_202213_305730_R30_O_10_90_PPO_S42,O_10_90,42,PPO,v1,0,0,1,wait,1,0,,,,,,,,,,,high(6+)
1771509220.2610404,implement,receive_reward,1,3000000000029,111,987,987,120,mix_mu_5_40_terminal_dependent,90,B,none,40.0,5.0,"""[8.0, -1, -1, -1, -1, -1, -1, -1, -1, -1]""",120,0,0.0,等待/保持,,RL,,PPO,B,B|gt_mean=90,0.0,,,,,,,,,,,,,,,,,,,,,,removal,1,PPO,a:\MYpython\34959_RL\codes\nexus\thesis_gapfill_patch\run_20260219_202213_305730_R30_O_10_90_PPO_S42,O_10_90,42,PPO,v1,0,0,1,wait,1,0,,,,,,,,,,,mid(4-5)
1771509220.31662,implement,receive_reward,1,3000000000019,114,987,987,120,mix_mu_5_40_terminal_dependent,90,B,none,11.0,5.0,"""[8.0, -1, -1, -1, -1, -1, -1, -1, -1, -1]""",120,0,0.0,等待/保持,,RL,,PPO,B,B|gt_mean=90,0.0,,,,,,,,,,,,,,,,,,,,,,removal,1,PPO,a:\MYpython\34959_RL\codes\nexus\thesis_gapfill_patch\run_20260219_202213_305730_R30_O_10_90_PPO_S42,O_10_90,42,PPO,v1,0,0,1,wait,1,0,,,,,,,,,,,mid(4-5)
1771509220.31862,implement,receive_reward,1,3000000000022,114,987,987,120,mix_mu_5_40_terminal_dependent,90,B,none,31.0,5.0,"""[8.0, -1, -1, -1, -1, -1, -1, -1, -1, -1]""",120,0,0.0,等待/保持,,RL,,PPO,B,B|gt_mean=90,0.0,,,,,,,,,,,,,,,,,,,,,,removal,1,PPO,a:\MYpython\34959_RL\codes\nexus\thesis_gapfill_patch\run_20260219_202213_305730_R30_O_10_90_PPO_S42,O_10_90,42,PPO,v1,0,0,1,wait,1,0,,,,,,,,,,,mid(4-5)
1771509220.3286316,implement,receive_reward,0,3000000000016,38,986,986,2,mix_mu_5_40_terminal_dependent,90,B,none,93.0,5.0,"""[7.0, -1, -1, -1, -1, -1, -1, -1, -1, -1]""",2,0,0.0,等待/保持,,RL,,PPO,B,B|gt_mean=90,0.0,,,,,,,,,,,,,,,,,,,,,,removal,1,PPO,a:\MYpython\34959_RL\codes\nexus\thesis_gapfill_patch\run_20260219_202213_305730_R30_O_10_90_PPO_S42,O_10_90,42,PPO,v1,0,0,1,wait,1,0,,,,,,,,,,,mid(4-5)
1771509296.9995725,implement,receive_reward,1,3000000000006,109,986,986,99,mix_mu_5_40_terminal_dependent,90,B,none,42.0,5.0,"""[5.0, -1, -1, -1, -1, -1, -1, -1, -1, -1]""",99,0,0.0,等待/保持,,RL,,PPO,B,B|gt_mean=90,0.0,,,,,,,,,,,,,,,,,,,,,,removal,1,PPO,a:\MYpython\34959_RL\codes\nexus\thesis_gapfill_patch\run_20260219_202213_305730_R30_O_10_90_PPO_S42,O_10_90,42,PPO,v1,0,0,1,wait,1,0,,,,,,,,,,,mid(4-5)
1771509297.2013695,implement,receive_reward,1,3000000000005,113,986,986,99,mix_mu_5_40_terminal_dependent,90,B,none,20.5,5.0,"""[5.0, -1, -1, -1, -1, -1, -1, -1, -1, -1]""",99,0,0.0,等待/保持,,RL,,PPO,B,B|gt_mean=90,0.0,,,,,,,,,,,,,,,,,,,,,,removal,1,PPO,a:\MYpython\34959_RL\codes\nexus\thesis_gapfill_patch\run_20260219_202213_305730_R30_O_10_90_PPO_S42,O_10_90,42,PPO,v1,0,0,1,wait,1,0,,,,,,,,,,,mid(4-5)
1771509297.399518,implement,receive_reward,1,3000000000022,114,986,986,99,mix_mu_5_40_terminal_dependent,90,B,none,51.099999999999994,5.0,"""[5.0, -1, -1, -1, -1, -1, -1, -1, -1, -1]""",99,0,0.0,等待/保持,,RL,,PPO,B,B|gt_mean=90,0.0,,,,,,,,,,,,,,,,,,,,,,removal,1,PPO,a:\MYpython\34959_RL\codes\nexus\thesis_gapfill_patch\run_20260219_202213_305730_R30_O_10_90_PPO_S42,O_10_90,42,PPO,v1,0,0,1,wait,1,0,,,,,,,,,,,mid(4-5)
1771509297.6178415,implement,receive_reward,1,3000000000019,114,986,986,99,mix_mu_5_40_terminal_dependent,90,B,none,31.099999999999994,5.0,"""[5.0, -1, -1, -1, -1, -1, -1, -1, -1, -1]""",99,0,0.0,等待/保持,,RL,,PPO,B,B|gt_mean=90,0.0,,,,,,,,,,,,,,,,,,,,,,removal,1,PPO,a:\MYpython\34959_RL\codes\nexus\thesis_gapfill_patch\run_20260219_202213_305730_R30_O_10_90_PPO_S42,O_10_90,42,PPO,v1,0,0,1,wait,1,0,,,,,,,,,,,mid(4-5)
1771509299.9609146,implement,receive_reward,0,3000000000028,99,984,984,2,mix_mu_5_40_terminal_dependent,90,B,none,92.0,6.0,"""[3.0, -1, -1, -1, -1, -1, -1, -1, -1, -1]""",2,0,1.0,等待/保持,,RL,,PPO,B,B|gt_mean=90,0.0,,,,,,,,,,,,,,,,,,,,,,removal,1,PPO,a:\MYpython\34959_RL\codes\nexus\thesis_gapfill_patch\run_20260219_202213_305730_R30_O_10_90_PPO_S42,O_10_90,42,PPO,v1,1,0,1,wait,1,0,,,,,,,,,,,high(6+)
1771510664.6081765,implement,receive_reward,0,3000000000012,90,949,949,1,mix_mu_5_40_terminal_dependent,90,B,none,69.0,3.0,"""[0, -1, -1, -1, -1, -1, -1, -1, -1, -1]""",1,0,1.0,等待/保持,,RL,,PPO,B,B|gt_mean=90,0.0,,,,,,,,,,,,,,,,,,,,,,removal,1,PPO,a:\MYpython\34959_RL\codes\nexus\thesis_gapfill_patch\run_20260219_202213_305730_R30_O_10_90_PPO_S42,O_10_90,42,PPO,v1,1,0,1,wait,1,0,,,,,,,,,,,low(2-3)
1771781133.0975068,implement,receive_reward,1,3000000000022,36,998,998,75,mix_mu_5_40_terminal_dependent,90,B,none,56.599999999999994,6.0,"""[1.0, -1, -1, -1, -1, -1, -1, -1, -1, -1]""",75,0,0.0,等待/保持,,RL,,PPO_NEW,B,B|gt_mean=90,0.0,,,,,,,,,,,,,,,,,,,,,,removal,1,PPO_NEW_v3,a:\MYpython\34959_RL\codes\nexus\thesis_matrix_v3_ext\run_20260223_005933_607536_R30_O_10_90_PPO_NEW_S42,O_10_90,42,PPO_NEW,v3,0,0,1,wait,1,0,,,,,,,,,,,high(6+)
1771781090.8014412,implement,receive_reward,0,3000000000001,60,998,998,1,mix_mu_5_40_terminal_dependent,90,B,none,149.0,4.0,"""[0, -1, -1, -1, -1, -1, -1, -1, -1, -1]""",1,0,1.0,等待/保持,,RL,,PPO_NEW,B,B|gt_mean=90,0.0,,,,,,,,,,,,,,,,,,,,,,removal,1,PPO_NEW_v3,a:\MYpython\34959_RL\codes\nexus\thesis_matrix_v3_ext\run_20260223_005933_607536_R30_O_10_90_PPO_NEW_S42,O_10_90,42,PPO_NEW,v3,1,0,1,wait,1,0,,,,,,,,,,,mid(4-5)
1771783132.8049796,implement,receive_reward,1,3000000000001,60,949,949,71,mix_mu_5_40_terminal_dependent,90,B,none,86.0,3.0,"""[5, -1, -1, -1, -1, -1, -1, -1, -1, -1]""",71,0,1.0,等待/保持,,RL,,PPO_NEW,B,B|gt_mean=90,0.0,,,,,,,,,,,,,,,,,,,,,,removal,1,PPO_NEW_v3,a:\MYpython\34959_RL\codes\nexus\thesis_matrix_v3_ext\run_20260223_005933_607536_R30_O_10_90_PPO_NEW_S42,O_10_90,42,PPO_NEW,v3,1,0,1,wait,1,0,,,,,,,,,,,low(2-3)
1771781090.7989347,implement,receive_reward,1,3000000000024,79,999,999,104,mix_mu_5_40_terminal_dependent,90,B,none,40.0,4.0,"""[4, -1, -1, -1, -1, -1, -1, -1, -1, -1]""",104,0,0.0,等待/保持,,RL,,PPO_NEW,B,B|gt_mean=90,0.0,,,,,,,,,,,,,,,,,,,,,,removal,1,PPO_NEW_v3,a:\MYpython\34959_RL\codes\nexus\thesis_matrix_v3_ext\run_20260223_005933_607536_R30_O_10_90_PPO_NEW_S42,O_10_90,42,PPO_NEW,v3,0,0,1,wait,1,0,,,,,,,,,,,mid(4-5)
1771782297.3626027,implement,receive_reward,0,3000000000023,92,970,970,4,mix_mu_5_40_terminal_dependent,90,B,none,52.8,5.0,"""[1.0, -1, -1, -1, -1, -1, -1, -1, -1, -1]""",4,0,0.0,等待/保持,,RL,,PPO_NEW,B,B|gt_mean=90,0.0,,,,,,,,,,,,,,,,,,,,,,removal,1,PPO_NEW_v3,a:\MYpython\34959_RL\codes\nexus\thesis_matrix_v3_ext\run_20260223_005933_607536_R30_O_10_90_PPO_NEW_S42,O_10_90,42,PPO_NEW,v3,0,0,1,wait,1,0,,,,,,,,,,,mid(4-5)
1771782297.4732103,implement,receive_reward,0,3000000000024,79,969,969,2,mix_mu_5_40_terminal_dependent,90,B,none,142.0,5.0,"""[4, -1, -1, -1, -1, -1, -1, -1, -1, -1]""",2,0,1.0,等待/保持,,RL,,PPO_NEW,B,B|gt_mean=90,0.0,,,,,,,,,,,,,,,,,,,,,,removal,1,PPO_NEW_v3,a:\MYpython\34959_RL\codes\nexus\thesis_matrix_v3_ext\run_20260223_005933_607536_R30_O_10_90_PPO_NEW_S42,O_10_90,42,PPO_NEW,v3,1,0,1,wait,1,0,,,,,,,,,,,mid(4-5)
1771782340.3238134,implement,receive_reward,1,3000000000006,24,969,969,94,mix_mu_5_40_terminal_dependent,90,B,none,45.19999999999999,3.0,"""[4, -1, -1, -1, -1, -1, -1, -1, -1, -1]""",94,0,0.0,等待/保持,,RL,,PPO_NEW,B,B|gt_mean=90,0.0,,,,,,,,,,,,,,,,,,,,,,removal,1,PPO_NEW_v3,a:\MYpython\34959_RL\codes\nexus\thesis_matrix_v3_ext\run_20260223_005933_607536_R30_O_10_90_PPO_NEW_S42,O_10_90,42,PPO_NEW,v3,0,0,1,wait,1,0,,,,,,,,,,,low(2-3)
1771782340.585946,implement,receive_reward,1,3000000000015,43,969,969,94,mix_mu_5_40_terminal_dependent,90,B,none,73.0,3.0,"""[4, -1, -1, -1, -1, -1, -1, -1, -1, -1]""",94,1,1.0,重新规划,,RL,,PPO_NEW,B,B|gt_mean=90,0.0,,,,,,,,,,,,,,,,,,,,,,removal,1,PPO_NEW_v3,a:\MYpython\34959_RL\codes\nexus\thesis_matrix_v3_ext\run_20260223_005933_607536_R30_O_10_90_PPO_NEW_S42,O_10_90,42,PPO_NEW,v3,1,1,0,remove,0,1,,,,,,,,,,,low(2-3)
1771782340.8369083,implement,receive_reward,1,3000000000029,43,969,969,94,mix_mu_5_40_terminal_dependent,90,B,none,61.0,3.0,"""[2, 4, -1, -1, -1, -1, -1, -1, -1, -1]""",94,0,1.0,等待/保持,,RL,,PPO_NEW,B,B|gt_mean=90,0.0,,,,,,,,,,,,,,,,,,,,,,insertion,1,PPO_NEW_v3,a:\MYpython\34959_RL\codes\nexus\thesis_matrix_v3_ext\run_20260223_005933_607536_R30_O_10_90_PPO_NEW_S42,O_10_90,42,PPO_NEW,v3,1,0,1,insert,0,1,,,,,,,,,,,low(2-3)
1771782341.0857,implement,receive_reward,1,3000000000015,43,969,969,94,mix_mu_5_40_terminal_dependent,90,B,none,63.5,3.0,"""[4, -1, -1, -1, -1, -1, -1, -1, -1, -1]""",94,0,0.0,等待/保持,,RL,,PPO_NEW,B,B|gt_mean=90,0.0,,,,,,,,,,,,,,,,,,,,,,removal,1,PPO_NEW_v3,a:\MYpython\34959_RL\codes\nexus\thesis_matrix_v3_ext\run_20260223_005933_607536_R30_O_10_90_PPO_NEW_S42,O_10_90,42,PPO_NEW,v3,0,0,1,wait,1,0,,,,,,,,,,,low(2-3)
1771782343.9530425,implement,receive_reward,0,3000000000024,100,968,968,1,mix_mu_5_40_terminal_dependent,90,B,none,143.0,3.0,"""[4.0, -1, -1, -1, -1, -1, -1, -1, -1, -1]""",1,0,1.0,等待/保持,,RL,,PPO_NEW,B,B|gt_mean=90,0.0,,,,,,,,,,,,,,,,,,,,,,removal,1,PPO_NEW_v3,a:\MYpython\34959_RL\codes\nexus\thesis_matrix_v3_ext\run_20260223_005933_607536_R30_O_10_90_PPO_NEW_S42,O_10_90,42,PPO_NEW,v3,1,0,1,wait,1,0,,,,,,,,,,,low(2-3)
1771782344.1802714,implement,receive_reward,0,3000000000006,109,968,968,1,mix_mu_5_40_terminal_dependent,90,B,none,139.2,3.0,"""[4.0, -1, -1, -1, -1, -1, -1, -1, -1, -1]""",1,0,1.0,等待/保持,,RL,,PPO_NEW,B,B|gt_mean=90,0.0,,,,,,,,,,,,,,,,,,,,,,removal,1,PPO_NEW_v3,a:\MYpython\34959_RL\codes\nexus\thesis_matrix_v3_ext\run_20260223_005933_607536_R30_O_10_90_PPO_NEW_S42,O_10_90,42,PPO_NEW,v3,1,0,1,wait,1,0,,,,,,,,,,,low(2-3)
1771782344.3980217,implement,receive_reward,0,3000000000002,110,968,968,1,mix_mu_5_40_terminal_dependent,90,B,none,66.1,3.0,"""[4.0, -1, -1, -1, -1, -1, -1, -1, -1, -1]""",1,0,1.0,等待/保持,,RL,,PPO_NEW,B,B|gt_mean=90,0.0,,,,,,,,,,,,,,,,,,,,,,removal,1,PPO_NEW_v3,a:\MYpython\34959_RL\codes\nexus\thesis_matrix_v3_ext\run_20260223_005933_607536_R30_O_10_90_PPO_NEW_S42,O_10_90,42,PPO_NEW,v3,1,0,1,wait,1,0,,,,,,,,,,,low(2-3)
1771782297.3500876,implement,receive_reward,0,3000000000016,82,970,970,4,mix_mu_5_40_terminal_dependent,90,B,none,72.5,5.0,"""[1.0, -1, -1, -1, -1, -1, -1, -1, -1, -1]""",4,0,0.0,等待/保持,,RL,,PPO_NEW,B,B|gt_mean=90,0.0,,,,,,,,,,,,,,,,,,,,,,removal,1,PPO_NEW_v3,a:\MYpython\34959_RL\codes\nexus\thesis_matrix_v3_ext\run_20260223_005933_607536_R30_O_10_90_PPO_NEW_S42,O_10_90,42,PPO_NEW,v3,0,0,1,wait,1,0,,,,,,,,,,,mid(4-5)
1771782344.6621614,implement,receive_reward,0,3000000000011,111,968,968,1,mix_mu_5_40_terminal_dependent,90,B,none,92.5,3.0,"""[4.0, -1, -1, -1, -1, -1, -1, -1, -1, -1]""",1,0,1.0,等待/保持,,RL,,PPO_NEW,B,B|gt_mean=90,0.0,,,,,,,,,,,,,,,,,,,,,,removal,1,PPO_NEW_v3,a:\MYpython\34959_RL\codes\nexus\thesis_matrix_v3_ext\run_20260223_005933_607536_R30_O_10_90_PPO_NEW_S42,O_10_90,42,PPO_NEW,v3,1,0,1,wait,1,0,,,,,,,,,,,low(2-3)
1771782345.1613238,implement,receive_reward,0,3000000000020,111,968,968,1,mix_mu_5_40_terminal_dependent,90,B,none,52.5,3.0,"""[4.0, -1, -1, -1, -1, -1, -1, -1, -1, -1]""",1,0,0.0,等待/保持,,RL,,PPO_NEW,B,B|gt_mean=90,0.0,,,,,,,,,,,,,,,,,,,,,,removal,1,PPO_NEW_v3,a:\MYpython\34959_RL\codes\nexus\thesis_matrix_v3_ext\run_20260223_005933_607536_R30_O_10_90_PPO_NEW_S42,O_10_90,42,PPO_NEW,v3,0,0,1,wait,1,0,,,,,,,,,,,low(2-3)
1771782345.3645947,implement,receive_reward,0,3000000000013,111,968,968,1,mix_mu_5_40_terminal_dependent,90,B,none,56.5,3.0,"""[4.0, -1, -1, -1, -1, -1, -1, -1, -1, -1]""",1,0,1.0,等待/保持,,RL,,PPO_NEW,B,B|gt_mean=90,0.0,,,,,,,,,,,,,,,,,,,,,,removal,1,PPO_NEW_v3,a:\MYpython\34959_RL\codes\nexus\thesis_matrix_v3_ext\run_20260223_005933_607536_R30_O_10_90_PPO_NEW_S42,O_10_90,42,PPO_NEW,v3,1,0,1,wait,1,0,,,,,,,,,,,low(2-3)
1771782388.3847444,implement,receive_reward,1,3000000000015,83,968,968,57,mix_mu_5_40_terminal_dependent,90,B,none,98.0,4.0,"""[2.0, -1, -1, -1, -1, -1, -1, -1, -1, -1]""",57,0,1.0,等待/保持,,RL,,PPO_NEW,B,B|gt_mean=90,0.0,,,,,,,,,,,,,,,,,,,,,,removal,1,PPO_NEW_v3,a:\MYpython\34959_RL\codes\nexus\thesis_matrix_v3_ext\run_20260223_005933_607536_R30_O_10_90_PPO_NEW_S42,O_10_90,42,PPO_NEW,v3,1,0,1,wait,1,0,,,,,,,,,,,mid(4-5)
1771782388.4132771,implement,receive_reward,1,3000000000028,99,968,968,57,mix_mu_5_40_terminal_dependent,90,B,none,36.4,4.0,"""[2.0, -1, -1, -1, -1, -1, -1, -1, -1, -1]""",57,0,0.0,等待/保持,,RL,,PPO_NEW,B,B|gt_mean=90,0.0,,,,,,,,,,,,,,,,,,,,,,removal,1,PPO_NEW_v3,a:\MYpython\34959_RL\codes\nexus\thesis_matrix_v3_ext\run_20260223_005933_607536_R30_O_10_90_PPO_NEW_S42,O_10_90,42,PPO_NEW,v3,0,0,1,wait,1,0,,,,,,,,,,,mid(4-5)
1771782388.4247928,implement,receive_reward,1,3000000000024,100,968,968,57,mix_mu_5_40_terminal_dependent,90,B,none,84.7,4.0,"""[2.0, -1, -1, -1, -1, -1, -1, -1, -1, -1]""",57,0,1.0,等待/保持,,RL,,PPO_NEW,B,B|gt_mean=90,0.0,,,,,,,,,,,,,,,,,,,,,,removal,1,PPO_NEW_v3,a:\MYpython\34959_RL\codes\nexus\thesis_matrix_v3_ext\run_20260223_005933_607536_R30_O_10_90_PPO_NEW_S42,O_10_90,42,PPO_NEW,v3,1,0,1,wait,1,0,,,,,,,,,,,mid(4-5)
1771782388.4473283,implement,receive_reward,1,3000000000025,102,968,968,57,mix_mu_5_40_terminal_dependent,90,B,none,73.5,4.0,"""[2.0, -1, -1, -1, -1, -1, -1, -1, -1, -1]""",57,0,1.0,等待/保持,,RL,,PPO_NEW,B,B|gt_mean=90,0.0,,,,,,,,,,,,,,,,,,,,,,removal,1,PPO_NEW_v3,a:\MYpython\34959_RL\codes\nexus\thesis_matrix_v3_ext\run_20260223_005933_607536_R30_O_10_90_PPO_NEW_S42,O_10_90,42,PPO_NEW,v3,1,0,1,wait,1,0,,,,,,,,,,,mid(4-5)
1771782388.6961374,implement,receive_reward,1,3000000000005,113,967,967,66,mix_mu_5_40_terminal_dependent,90,B,none,54.0,4.0,"""[7.0, -1, -1, -1, -1, -1, -1, -1, -1, -1]""",66,0,0.0,等待/保持,,RL,,PPO_NEW,B,B|gt_mean=90,0.0,,,,,,,,,,,,,,,,,,,,,,removal,1,PPO_NEW_v3,a:\MYpython\34959_RL\codes\nexus\thesis_matrix_v3_ext\run_20260223_005933_607536_R30_O_10_90_PPO_NEW_S42,O_10_90,42,PPO_NEW,v3,0,0,1,wait,1,0,,,,,,,,,,,mid(4-5)
1771782425.0245106,implement,receive_reward,0,3000000000021,70,966,966,2,mix_mu_5_40_terminal_dependent,90,B,none,107.0,4.0,"""[8.0, -1, -1, -1, -1, -1, -1, -1, -1, -1]""",2,0,1.0,等待/保持,,RL,,PPO_NEW,B,B|gt_mean=90,0.0,,,,,,,,,,,,,,,,,,,,,,removal,1,PPO_NEW_v3,a:\MYpython\34959_RL\codes\nexus\thesis_matrix_v3_ext\run_20260223_005933_607536_R30_O_10_90_PPO_NEW_S42,O_10_90,42,PPO_NEW,v3,1,0,1,wait,1,0,,,,,,,,,,,mid(4-5)
1771782506.631194,implement,receive_reward,1,3000000000007,10,966,966,85,mix_mu_5_40_terminal_dependent,90,B,none,50.0,5.0,"""[3, -1, -1, -1, -1, -1, -1, -1, -1, -1]""",85,0,0.0,等待/保持,,RL,,PPO_NEW,B,B|gt_mean=90,0.0,,,,,,,,,,,,,,,,,,,,,,removal,1,PPO_NEW_v3,a:\MYpython\34959_RL\codes\nexus\thesis_matrix_v3_ext\run_20260223_005933_607536_R30_O_10_90_PPO_NEW_S42,O_10_90,42,PPO_NEW,v3,0,0,1,wait,1,0,,,,,,,,,,,mid(4-5)
1771782344.9111981,implement,receive_reward,0,3000000000029,111,968,968,1,mix_mu_5_40_terminal_dependent,90,B,none,157.5,3.0,"""[4.0, -1, -1, -1, -1, -1, -1, -1, -1, -1]""",1,0,1.0,等待/保持,,RL,,PPO_NEW,B,B|gt_mean=90,0.0,,,,,,,,,,,,,,,,,,,,,,removal,1,PPO_NEW_v3,a:\MYpython\34959_RL\codes\nexus\thesis_matrix_v3_ext\run_20260223_005933_607536_R30_O_10_90_PPO_NEW_S42,O_10_90,42,PPO_NEW,v3,1,0,1,wait,1,0,,,,,,,,,,,low(2-3)
1771782257.507591,implement,receive_reward,1,3000000000019,36,971,971,98,mix_mu_5_40_terminal_dependent,90,B,none,13.599999999999994,6.0,"""[1.0, -1, -1, -1, -1, -1, -1, -1, -1, -1]""",98,0,0.0,等待/保持,,RL,,PPO_NEW,B,B|gt_mean=90,0.0,,,,,,,,,,,,,,,,,,,,,,removal,1,PPO_NEW_v3,a:\MYpython\34959_RL\codes\nexus\thesis_matrix_v3_ext\run_20260223_005933_607536_R30_O_10_90_PPO_NEW_S42,O_10_90,42,PPO_NEW,v3,0,0,1,wait,1,0,,,,,,,,,,,high(6+)
1771782257.2258096,implement,receive_reward,1,3000000000022,36,971,971,98,mix_mu_5_40_terminal_dependent,90,B,none,33.599999999999994,6.0,"""[1.0, -1, -1, -1, -1, -1, -1, -1, -1, -1]""",98,0,0.0,等待/保持,,RL,,PPO_NEW,B,B|gt_mean=90,0.0,,,,,,,,,,,,,,,,,,,,,,removal,1,PPO_NEW_v3,a:\MYpython\34959_RL\codes\nexus\thesis_matrix_v3_ext\run_20260223_005933_607536_R30_O_10_90_PPO_NEW_S42,O_10_90,42,PPO_NEW,v3,0,0,1,wait,1,0,,,,,,,,,,,high(6+)
1771782220.930912,implement,receive_reward,0,3000000000022,114,971,971,1,mix_mu_5_40_terminal_dependent,90,B,none,150.0,6.0,"""[8.0, -1, -1, -1, -1, -1, -1, -1, -1, -1]""",1,0,1.0,等待/保持,,RL,,PPO_NEW,B,B|gt_mean=90,0.0,,,,,,,,,,,,,,,,,,,,,,removal,1,PPO_NEW_v3,a:\MYpython\34959_RL\codes\nexus\thesis_matrix_v3_ext\run_20260223_005933_607536_R30_O_10_90_PPO_NEW_S42,O_10_90,42,PPO_NEW,v3,1,0,1,wait,1,0,,,,,,,,,,,high(6+)
1771782012.7715104,implement,receive_reward,0,3000000000004,26,977,977,3,mix_mu_5_40_terminal_dependent,90,B,none,121.0,6.0,"""[5, -1, -1, -1, -1, -1, -1, -1, -1, -1]""",3,0,1.0,等待/保持,,RL,,PPO_NEW,B,B|gt_mean=90,0.0,,,,,,,,,,,,,,,,,,,,,,removal,1,PPO_NEW_v3,a:\MYpython\34959_RL\codes\nexus\thesis_matrix_v3_ext\run_20260223_005933_607536_R30_O_10_90_PPO_NEW_S42,O_10_90,42,PPO_NEW,v3,1,0,1,wait,1,0,,,,,,,,,,,high(6+)
1771782013.0205498,implement,receive_reward,0,3000000000019,36,977,977,3,mix_mu_5_40_terminal_dependent,90,B,none,126.1,6.0,"""[5.0, -1, -1, -1, -1, -1, -1, -1, -1, -1]""",3,0,1.0,等待/保持,,RL,,PPO_NEW,B,B|gt_mean=90,0.0,,,,,,,,,,,,,,,,,,,,,,removal,1,PPO_NEW_v3,a:\MYpython\34959_RL\codes\nexus\thesis_matrix_v3_ext\run_20260223_005933_607536_R30_O_10_90_PPO_NEW_S42,O_10_90,42,PPO_NEW,v3,1,0,1,wait,1,0,,,,,,,,,,,high(6+)
1771782013.239818,implement,receive_reward,0,3000000000022,36,977,977,3,mix_mu_5_40_terminal_dependent,90,B,none,146.1,6.0,"""[5.0, -1, -1, -1, -1, -1, -1, -1, -1, -1]""",3,0,1.0,等待/保持,,RL,,PPO_NEW,B,B|gt_mean=90,0.0,,,,,,,,,,,,,,,,,,,,,,removal,1,PPO_NEW_v3,a:\MYpython\34959_RL\codes\nexus\thesis_matrix_v3_ext\run_20260223_005933_607536_R30_O_10_90_PPO_NEW_S42,O_10_90,42,PPO_NEW,v3,1,0,1,wait,1,0,,,,,,,,,,,high(6+)
1771782013.4920044,implement,receive_reward,0,3000000000026,44,977,977,3,mix_mu_5_40_terminal_dependent,90,B,none,80.0,6.0,"""[5.0, -1, -1, -1, -1, -1, -1, -1, -1, -1]""",3,0,0.0,等待/保持,,RL,,PPO_NEW,B,B|gt_mean=90,0.0,,,,,,,,,,,,,,,,,,,,,,removal,1,PPO_NEW_v3,a:\MYpython\34959_RL\codes\nexus\thesis_matrix_v3_ext\run_20260223_005933_607536_R30_O_10_90_PPO_NEW_S42,O_10_90,42,PPO_NEW,v3,0,0,1,wait,1,0,,,,,,,,,,,high(6+)
1771782013.7239296,implement,receive_reward,0,3000000000028,47,977,977,3,mix_mu_5_40_terminal_dependent,90,B,none,104.0,6.0,"""[5, -1, -1, -1, -1, -1, -1, -1, -1, -1]""",3,0,0.0,等待/保持,,RL,,PPO_NEW,B,B|gt_mean=90,0.0,,,,,,,,,,,,,,,,,,,,,,removal,1,PPO_NEW_v3,a:\MYpython\34959_RL\codes\nexus\thesis_matrix_v3_ext\run_20260223_005933_607536_R30_O_10_90_PPO_NEW_S42,O_10_90,42,PPO_NEW,v3,0,0,1,wait,1,0,,,,,,,,,,,high(6+)
1771782015.953179,implement,receive_reward,0,3000000000018,71,976,976,2,mix_mu_5_40_terminal_dependent,90,B,none,123.0,5.0,"""[9.0, -1, -1, -1, -1, -1, -1, -1, -1, -1]""",2,0,1.0,等待/保持,,RL,,PPO_NEW,B,B|gt_mean=90,0.0,,,,,,,,,,,,,,,,,,,,,,removal,1,PPO_NEW_v3,a:\MYpython\34959_RL\codes\nexus\thesis_matrix_v3_ext\run_20260223_005933_607536_R30_O_10_90_PPO_NEW_S42,O_10_90,42,PPO_NEW,v3,1,0,1,wait,1,0,,,,,,,,,,,mid(4-5)
1771782015.9576898,implement,receive_reward,0,3000000000024,79,976,976,2,mix_mu_5_40_terminal_dependent,90,B,none,154.0,5.0,"""[9, -1, -1, -1, -1, -1, -1, -1, -1, -1]""",2,0,1.0,等待/保持,,RL,,PPO_NEW,B,B|gt_mean=90,0.0,,,,,,,,,,,,,,,,,,,,,,removal,1,PPO_NEW_v3,a:\MYpython\34959_RL\codes\nexus\thesis_matrix_v3_ext\run_20260223_005933_607536_R30_O_10_90_PPO_NEW_S42,O_10_90,42,PPO_NEW,v3,1,0,1,wait,1,0,,,,,,,,,,,mid(4-5)
1771782015.9616966,implement,receive_reward,1,3000000000005,113,976,976,112,mix_mu_5_40_terminal_dependent,90,B,none,8.0,5.0,"""[7.0, -1, -1, -1, -1, -1, -1, -1, -1, -1]""",112,0,0.0,等待/保持,,RL,,PPO_NEW,B,B|gt_mean=90,0.0,,,,,,,,,,,,,,,,,,,,,,removal,1,PPO_NEW_v3,a:\MYpython\34959_RL\codes\nexus\thesis_matrix_v3_ext\run_20260223_005933_607536_R30_O_10_90_PPO_NEW_S42,O_10_90,42,PPO_NEW,v3,0,0,1,wait,1,0,,,,,,,,,,,mid(4-5)
1771782094.017671,implement,receive_reward,0,3000000000002,110,975,975,1,mix_mu_5_40_terminal_dependent,90,B,none,67.0,3.0,"""[7.0, -1, -1, -1, -1, -1, -1, -1, -1, -1]""",1,0,0.0,等待/保持,,RL,,PPO_NEW,B,B|gt_mean=90,0.0,,,,,,,,,,,,,,,,,,,,,,removal,1,PPO_NEW_v3,a:\MYpython\34959_RL\codes\nexus\thesis_matrix_v3_ext\run_20260223_005933_607536_R30_O_10_90_PPO_NEW_S42,O_10_90,42,PPO_NEW,v3,0,0,1,wait,1,0,,,,,,,,,,,low(2-3)
1771782094.0206716,implement,receive_reward,0,3000000000005,113,975,975,1,mix_mu_5_40_terminal_dependent,90,B,none,119.0,3.0,"""[7.0, -1, -1, -1, -1, -1, -1, -1, -1, -1]""",1,0,0.0,等待/保持,,RL,,PPO_NEW,B,B|gt_mean=90,0.0,,,,,,,,,,,,,,,,,,,,,,removal,1,PPO_NEW_v3,a:\MYpython\34959_RL\codes\nexus\thesis_matrix_v3_ext\run_20260223_005933_607536_R30_O_10_90_PPO_NEW_S42,O_10_90,42,PPO_NEW,v3,0,0,1,wait,1,0,,,,,,,,,,,low(2-3)
1771782094.0331912,implement,receive_reward,0,3000000000024,79,974,974,2,mix_mu_5_40_terminal_dependent,90,B,none,142.0,3.0,"""[4, -1, -1, -1, -1, -1, -1, -1, -1, -1]""",2,0,1.0,等待/保持,,RL,,PPO_NEW,B,B|gt_mean=90,0.0,,,,,,,,,,,,,,,,,,,,,,removal,1,PPO_NEW_v3,a:\MYpython\34959_RL\codes\nexus\thesis_matrix_v3_ext\run_20260223_005933_607536_R30_O_10_90_PPO_NEW_S42,O_10_90,42,PPO_NEW,v3,1,0,1,wait,1,0,,,,,,,,,,,low(2-3)
1771782172.9963257,implement,receive_reward,1,3000000000001,60,974,974,63,mix_mu_5_40_terminal_dependent,90,B,none,87.0,6.0,"""[0, -1, -1, -1, -1, -1, -1, -1, -1, -1]""",63,0,1.0,等待/保持,,RL,,PPO_NEW,B,B|gt_mean=90,0.0,,,,,,,,,,,,,,,,,,,,,,removal,1,PPO_NEW_v3,a:\MYpython\34959_RL\codes\nexus\thesis_matrix_v3_ext\run_20260223_005933_607536_R30_O_10_90_PPO_NEW_S42,O_10_90,42,PPO_NEW,v3,1,0,1,wait,1,0,,,,,,,,,,,high(6+)
1771782173.7225738,implement,receive_reward,0,3000000000006,109,972,972,4,mix_mu_5_40_terminal_dependent,90,B,none,137.0,6.0,"""[5.0, -1, -1, -1, -1, -1, -1, -1, -1, -1]""",4,0,1.0,等待/保持,,RL,,PPO_NEW,B,B|gt_mean=90,0.0,,,,,,,,,,,,,,,,,,,,,,removal,1,PPO_NEW_v3,a:\MYpython\34959_RL\codes\nexus\thesis_matrix_v3_ext\run_20260223_005933_607536_R30_O_10_90_PPO_NEW_S42,O_10_90,42,PPO_NEW,v3,1,0,1,wait,1,0,,,,,,,,,,,high(6+)
1771782173.727586,implement,receive_reward,0,3000000000005,113,972,972,4,mix_mu_5_40_terminal_dependent,90,B,none,115.5,6.0,"""[5.0, -1, -1, -1, -1, -1, -1, -1, -1, -1]""",4,0,1.0,等待/保持,,RL,,PPO_NEW,B,B|gt_mean=90,0.0,,,,,,,,,,,,,,,,,,,,,,removal,1,PPO_NEW_v3,a:\MYpython\34959_RL\codes\nexus\thesis_matrix_v3_ext\run_20260223_005933_607536_R30_O_10_90_PPO_NEW_S42,O_10_90,42,PPO_NEW,v3,1,0,1,wait,1,0,,,,,,,,,,,high(6+)
1771782173.73209,implement,receive_reward,0,3000000000022,114,972,972,4,mix_mu_5_40_terminal_dependent,90,B,none,146.1,6.0,"""[5.0, -1, -1, -1, -1, -1, -1, -1, -1, -1]""",4,0,1.0,等待/保持,,RL,,PPO_NEW,B,B|gt_mean=90,0.0,,,,,,,,,,,,,,,,,,,,,,removal,1,PPO_NEW_v3,a:\MYpython\34959_RL\codes\nexus\thesis_matrix_v3_ext\run_20260223_005933_607536_R30_O_10_90_PPO_NEW_S42,O_10_90,42,PPO_NEW,v3,1,0,1,wait,1,0,,,,,,,,,,,high(6+)
1771782173.7356079,implement,receive_reward,0,3000000000019,114,972,972,4,mix_mu_5_40_terminal_dependent,90,B,none,126.1,6.0,"""[5.0, -1, -1, -1, -1, -1, -1, -1, -1, -1]""",4,0,1.0,等待/保持,,RL,,PPO_NEW,B,B|gt_mean=90,0.0,,,,,,,,,,,,,,,,,,,,,,removal,1,PPO_NEW_v3,a:\MYpython\34959_RL\codes\nexus\thesis_matrix_v3_ext\run_20260223_005933_607536_R30_O_10_90_PPO_NEW_S42,O_10_90,42,PPO_NEW,v3,1,0,1,wait,1,0,,,,,,,,,,,high(6+)
1771782219.7586675,implement,receive_reward,0,3000000000013,111,971,971,1,mix_mu_5_40_terminal_dependent,90,B,none,58.0,6.0,"""[8.0, -1, -1, -1, -1, -1, -1, -1, -1, -1]""",1,0,0.0,等待/保持,,RL,,PPO_NEW,B,B|gt_mean=90,0.0,,,,,,,,,,,,,,,,,,,,,,removal,1,PPO_NEW_v3,a:\MYpython\34959_RL\codes\nexus\thesis_matrix_v3_ext\run_20260223_005933_607536_R30_O_10_90_PPO_NEW_S42,O_10_90,42,PPO_NEW,v3,0,0,1,wait,1,0,,,,,,,,,,,high(6+)
1771782219.9961128,implement,receive_reward,0,3000000000020,111,971,971,1,mix_mu_5_40_terminal_dependent,90,B,none,54.0,6.0,"""[8.0, -1, -1, -1, -1, -1, -1, -1, -1, -1]""",1,0,0.0,等待/保持,,RL,,PPO_NEW,B,B|gt_mean=90,0.0,,,,,,,,,,,,,,,,,,,,,,removal,1,PPO_NEW_v3,a:\MYpython\34959_RL\codes\nexus\thesis_matrix_v3_ext\run_20260223_005933_607536_R30_O_10_90_PPO_NEW_S42,O_10_90,42,PPO_NEW,v3,0,0,1,wait,1,0,,,,,,,,,,,high(6+)
1771782220.2298362,implement,receive_reward,0,3000000000029,111,971,971,1,mix_mu_5_40_terminal_dependent,90,B,none,159.0,6.0,"""[8.0, -1, -1, -1, -1, -1, -1, -1, -1, -1]""",1,0,1.0,等待/保持,,RL,,PPO_NEW,B,B|gt_mean=90,0.0,,,,,,,,,,,,,,,,,,,,,,removal,1,PPO_NEW_v3,a:\MYpython\34959_RL\codes\nexus\thesis_matrix_v3_ext\run_20260223_005933_607536_R30_O_10_90_PPO_NEW_S42,O_10_90,42,PPO_NEW,v3,1,0,1,wait,1,0,,,,,,,,,,,high(6+)
1771782220.4620812,implement,receive_reward,0,3000000000011,111,971,971,1,mix_mu_5_40_terminal_dependent,90,B,none,94.0,6.0,"""[8.0, -1, -1, -1, -1, -1, -1, -1, -1, -1]""",1,0,0.0,等待/保持,,RL,,PPO_NEW,B,B|gt_mean=90,0.0,,,,,,,,,,,,,,,,,,,,,,removal,1,PPO_NEW_v3,a:\MYpython\34959_RL\codes\nexus\thesis_matrix_v3_ext\run_20260223_005933_607536_R30_O_10_90_PPO_NEW_S42,O_10_90,42,PPO_NEW,v3,0,0,1,wait,1,0,,,,,,,,,,,high(6+)
1771782220.7120063,implement,receive_reward,0,3000000000019,114,971,971,1,mix_mu_5_40_terminal_dependent,90,B,none,130.0,6.0,"""[8.0, -1, -1, -1, -1, -1, -1, -1, -1, -1]""",1,0,1.0,等待/保持,,RL,,PPO_NEW,B,B|gt_mean=90,0.0,,,,,,,,,,,,,,,,,,,,,,removal,1,PPO_NEW_v3,a:\MYpython\34959_RL\codes\nexus\thesis_matrix_v3_ext\run_20260223_005933_607536_R30_O_10_90_PPO_NEW_S42,O_10_90,42,PPO_NEW,v3,1,0,1,wait,1,0,,,,,,,,,,,high(6+)
1771782506.8433084,implement,receive_reward,1,3000000000000,11,966,966,85,mix_mu_5_40_terminal_dependent,90,B,none,71.0,5.0,"""[3, -1, -1, -1, -1, -1, -1, -1, -1, -1]""",85,0,0.0,等待/保持,,RL,,PPO_NEW,B,B|gt_mean=90,0.0,,,,,,,,,,,,,,,,,,,,,,removal,1,PPO_NEW_v3,a:\MYpython\34959_RL\codes\nexus\thesis_matrix_v3_ext\run_20260223_005933_607536_R30_O_10_90_PPO_NEW_S42,O_10_90,42,PPO_NEW,v3,0,0,1,wait,1,0,,,,,,,,,,,mid(4-5)
1771782627.361239,implement,receive_reward,0,3000000000016,82,964,964,4,mix_mu_5_40_terminal_dependent,90,B,none,72.5,2.0,"""[1.0, -1, -1, -1, -1, -1, -1, -1, -1, -1]""",4,0,0.0,等待/保持,,RL,,PPO_NEW,B,B|gt_mean=90,0.0,,,,,,,,,,,,,,,,,,,,,,removal,1,PPO_NEW_v3,a:\MYpython\34959_RL\codes\nexus\thesis_matrix_v3_ext\run_20260223_005933_607536_R30_O_10_90_PPO_NEW_S42,O_10_90,42,PPO_NEW,v3,0,0,1,wait,1,0,,,,,,,,,,,low(2-3)
1771782627.592377,implement,receive_reward,0,3000000000023,92,964,964,4,mix_mu_5_40_terminal_dependent,90,B,none,52.8,2.0,"""[1.0, -1, -1, -1, -1, -1, -1, -1, -1, -1]""",4,0,0.0,等待/保持,,RL,,PPO_NEW,B,B|gt_mean=90,0.0,,,,,,,,,,,,,,,,,,,,,,removal,1,PPO_NEW_v3,a:\MYpython\34959_RL\codes\nexus\thesis_matrix_v3_ext\run_20260223_005933_607536_R30_O_10_90_PPO_NEW_S42,O_10_90,42,PPO_NEW,v3,0,0,1,wait,1,0,,,,,,,,,,,low(2-3)
1771782630.3865864,implement,receive_reward,0,3000000000005,26,961,961,1,mix_mu_5_40_terminal_dependent,90,B,none,117.5,4.0,"""[5, -1, -1, -1, -1, -1, -1, -1, -1, -1]""",1,0,1.0,等待/保持,,RL,,PPO_NEW,B,B|gt_mean=90,0.0,,,,,,,,,,,,,,,,,,,,,,removal,1,PPO_NEW_v3,a:\MYpython\34959_RL\codes\nexus\thesis_matrix_v3_ext\run_20260223_005933_607536_R30_O_10_90_PPO_NEW_S42,O_10_90,42,PPO_NEW,v3,1,0,1,wait,1,0,,,,,,,,,,,mid(4-5)
1771782884.7750297,implement,receive_reward,1,3000000000024,100,956,956,82,mix_mu_5_40_terminal_dependent,90,B,none,62.0,6.0,"""[4.0, -1, -1, -1, -1, -1, -1, -1, -1, -1]""",82,0,0.0,等待/保持,,RL,,PPO_NEW,B,B|gt_mean=90,0.0,,,,,,,,,,,,,,,,,,,,,,removal,1,PPO_NEW_v3,a:\MYpython\34959_RL\codes\nexus\thesis_matrix_v3_ext\run_20260223_005933_607536_R30_O_10_90_PPO_NEW_S42,O_10_90,42,PPO_NEW,v3,0,0,1,wait,1,0,,,,,,,,,,,high(6+)
1771782884.9854162,implement,receive_reward,1,3000000000006,109,956,956,82,mix_mu_5_40_terminal_dependent,90,B,none,58.19999999999999,6.0,"""[4.0, -1, -1, -1, -1, -1, -1, -1, -1, -1]""",82,0,0.0,等待/保持,,RL,,PPO_NEW,B,B|gt_mean=90,0.0,,,,,,,,,,,,,,,,,,,,,,removal,1,PPO_NEW_v3,a:\MYpython\34959_RL\codes\nexus\thesis_matrix_v3_ext\run_20260223_005933_607536_R30_O_10_90_PPO_NEW_S42,O_10_90,42,PPO_NEW,v3,0,0,1,wait,1,0,,,,,,,,,,,high(6+)
1771782885.250873,implement,receive_reward,1,3000000000029,111,956,956,82,mix_mu_5_40_terminal_dependent,90,B,none,76.5,6.0,"""[4.0, -1, -1, -1, -1, -1, -1, -1, -1, -1]""",82,0,0.0,等待/保持,,RL,,PPO_NEW,B,B|gt_mean=90,0.0,,,,,,,,,,,,,,,,,,,,,,removal,1,PPO_NEW_v3,a:\MYpython\34959_RL\codes\nexus\thesis_matrix_v3_ext\run_20260223_005933_607536_R30_O_10_90_PPO_NEW_S42,O_10_90,42,PPO_NEW,v3,0,0,1,wait,1,0,,,,,,,,,,,high(6+)
1771782922.0578556,implement,receive_reward,0,3000000000024,100,955,955,3,mix_mu_5_40_terminal_dependent,90,B,none,141.0,6.0,"""[4.0, -1, -1, -1, -1, -1, -1, -1, -1, -1]""",3,0,1.0,等待/保持,,RL,,PPO_NEW,B,B|gt_mean=90,0.0,,,,,,,,,,,,,,,,,,,,,,removal,1,PPO_NEW_v3,a:\MYpython\34959_RL\codes\nexus\thesis_matrix_v3_ext\run_20260223_005933_607536_R30_O_10_90_PPO_NEW_S42,O_10_90,42,PPO_NEW,v3,1,0,1,wait,1,0,,,,,,,,,,,high(6+)
1771782922.3019571,implement,receive_reward,0,3000000000006,109,955,955,3,mix_mu_5_40_terminal_dependent,90,B,none,137.2,6.0,"""[4.0, -1, -1, -1, -1, -1, -1, -1, -1, -1]""",3,0,1.0,等待/保持,,RL,,PPO_NEW,B,B|gt_mean=90,0.0,,,,,,,,,,,,,,,,,,,,,,removal,1,PPO_NEW_v3,a:\MYpython\34959_RL\codes\nexus\thesis_matrix_v3_ext\run_20260223_005933_607536_R30_O_10_90_PPO_NEW_S42,O_10_90,42,PPO_NEW,v3,1,0,1,wait,1,0,,,,,,,,,,,high(6+)
1771782922.5186424,implement,receive_reward,0,3000000000002,110,955,955,3,mix_mu_5_40_terminal_dependent,90,B,none,64.1,6.0,"""[4.0, -1, -1, -1, -1, -1, -1, -1, -1, -1]""",3,0,0.0,等待/保持,,RL,,PPO_NEW,B,B|gt_mean=90,0.0,,,,,,,,,,,,,,,,,,,,,,removal,1,PPO_NEW_v3,a:\MYpython\34959_RL\codes\nexus\thesis_matrix_v3_ext\run_20260223_005933_607536_R30_O_10_90_PPO_NEW_S42,O_10_90,42,PPO_NEW,v3,0,0,1,wait,1,0,,,,,,,,,,,high(6+)
1771782922.7850149,implement,receive_reward,0,3000000000011,111,955,955,3,mix_mu_5_40_terminal_dependent,90,B,none,90.5,6.0,"""[4.0, -1, -1, -1, -1, -1, -1, -1, -1, -1]""",3,0,0.0,等待/保持,,RL,,PPO_NEW,B,B|gt_mean=90,0.0,,,,,,,,,,,,,,,,,,,,,,removal,1,PPO_NEW_v3,a:\MYpython\34959_RL\codes\nexus\thesis_matrix_v3_ext\run_20260223_005933_607536_R30_O_10_90_PPO_NEW_S42,O_10_90,42,PPO_NEW,v3,0,0,1,wait,1,0,,,,,,,,,,,high(6+)
1771782922.8346157,implement,receive_reward,0,3000000000029,111,955,955,3,mix_mu_5_40_terminal_dependent,90,B,none,155.5,6.0,"""[4.0, -1, -1, -1, -1, -1, -1, -1, -1, -1]""",3,0,1.0,等待/保持,,RL,,PPO_NEW,B,B|gt_mean=90,0.0,,,,,,,,,,,,,,,,,,,,,,removal,1,PPO_NEW_v3,a:\MYpython\34959_RL\codes\nexus\thesis_matrix_v3_ext\run_20260223_005933_607536_R30_O_10_90_PPO_NEW_S42,O_10_90,42,PPO_NEW,v3,1,0,1,wait,1,0,,,,,,,,,,,high(6+)
1771782922.8366144,implement,receive_reward,0,3000000000020,111,955,955,3,mix_mu_5_40_terminal_dependent,90,B,none,50.5,6.0,"""[4.0, -1, -1, -1, -1, -1, -1, -1, -1, -1]""",3,0,0.0,等待/保持,,RL,,PPO_NEW,B,B|gt_mean=90,0.0,,,,,,,,,,,,,,,,,,,,,,removal,1,PPO_NEW_v3,a:\MYpython\34959_RL\codes\nexus\thesis_matrix_v3_ext\run_20260223_005933_607536_R30_O_10_90_PPO_NEW_S42,O_10_90,42,PPO_NEW,v3,0,0,1,wait,1,0,,,,,,,,,,,high(6+)
1771782923.0335631,implement,receive_reward,0,3000000000013,111,955,955,3,mix_mu_5_40_terminal_dependent,90,B,none,54.5,6.0,"""[4.0, -1, -1, -1, -1, -1, -1, -1, -1, -1]""",3,0,0.0,等待/保持,,RL,,PPO_NEW,B,B|gt_mean=90,0.0,,,,,,,,,,,,,,,,,,,,,,removal,1,PPO_NEW_v3,a:\MYpython\34959_RL\codes\nexus\thesis_matrix_v3_ext\run_20260223_005933_607536_R30_O_10_90_PPO_NEW_S42,O_10_90,42,PPO_NEW,v3,0,0,1,wait,1,0,,,,,,,,,,,high(6+)
1771782962.7907133,implement,receive_reward,0,3000000000018,71,954,954,2,mix_mu_5_40_terminal_dependent,90,B,none,123.0,6.0,"""[9.0, -1, -1, -1, -1, -1, -1, -1, -1, -1]""",2,0,1.0,等待/保持,,RL,,PPO_NEW,B,B|gt_mean=90,0.0,,,,,,,,,,,,,,,,,,,,,,removal,1,PPO_NEW_v3,a:\MYpython\34959_RL\codes\nexus\thesis_matrix_v3_ext\run_20260223_005933_607536_R30_O_10_90_PPO_NEW_S42,O_10_90,42,PPO_NEW,v3,1,0,1,wait,1,0,,,,,,,,,,,high(6+)
1771782962.8027897,implement,receive_reward,0,3000000000024,79,954,954,2,mix_mu_5_40_terminal_dependent,90,B,none,154.0,6.0,"""[9, -1, -1, -1, -1, -1, -1, -1, -1, -1]""",2,0,1.0,等待/保持,,RL,,PPO_NEW,B,B|gt_mean=90,0.0,,,,,,,,,,,,,,,,,,,,,,removal,1,PPO_NEW_v3,a:\MYpython\34959_RL\codes\nexus\thesis_matrix_v3_ext\run_20260223_005933_607536_R30_O_10_90_PPO_NEW_S42,O_10_90,42,PPO_NEW,v3,1,0,1,wait,1,0,,,,,,,,,,,high(6+)
1771782962.8313532,implement,receive_reward,0,3000000000012,90,953,953,2,mix_mu_5_40_terminal_dependent,90,B,none,77.0,6.0,"""[9, -1, -1, -1, -1, -1, -1, -1, -1, -1]""",2,0,0.0,等待/保持,,RL,,PPO_NEW,B,B|gt_mean=90,0.0,,,,,,,,,,,,,,,,,,,,,,removal,1,PPO_NEW_v3,a:\MYpython\34959_RL\codes\nexus\thesis_matrix_v3_ext\run_20260223_005933_607536_R30_O_10_90_PPO_NEW_S42,O_10_90,42,PPO_NEW,v3,0,0,1,wait,1,0,,,,,,,,,,,high(6+)
1771783046.1469948,implement,receive_reward,1,3000000000005,26,952,952,95,mix_mu_5_40_terminal_dependent,90,B,none,23.5,6.0,"""[5, -1, -1, -1, -1, -1, -1, -1, -1, -1]""",95,0,1.0,等待/保持,,RL,,PPO_NEW,B,B|gt_mean=90,0.0,,,,,,,,,,,,,,,,,,,,,,removal,1,PPO_NEW_v3,a:\MYpython\34959_RL\codes\nexus\thesis_matrix_v3_ext\run_20260223_005933_607536_R30_O_10_90_PPO_NEW_S42,O_10_90,42,PPO_NEW,v3,1,0,1,wait,1,0,,,,,,,,,,,high(6+)
1771783046.3969212,implement,receive_reward,1,3000000000004,26,952,952,95,mix_mu_5_40_terminal_dependent,90,B,none,29.0,6.0,"""[5, -1, -1, -1, -1, -1, -1, -1, -1, -1]""",95,0,0.0,等待/保持,,RL,,PPO_NEW,B,B|gt_mean=90,0.0,,,,,,,,,,,,,,,,,,,,,,removal,1,PPO_NEW_v3,a:\MYpython\34959_RL\codes\nexus\thesis_matrix_v3_ext\run_20260223_005933_607536_R30_O_10_90_PPO_NEW_S42,O_10_90,42,PPO_NEW,v3,0,0,1,wait,1,0,,,,,,,,,,,high(6+)
1771783046.6446528,implement,receive_reward,1,3000000000019,36,952,952,95,mix_mu_5_40_terminal_dependent,90,B,none,34.099999999999994,6.0,"""[5.0, -1, -1, -1, -1, -1, -1, -1, -1, -1]""",95,0,0.0,等待/保持,,RL,,PPO_NEW,B,B|gt_mean=90,0.0,,,,,,,,,,,,,,,,,,,,,,removal,1,PPO_NEW_v3,a:\MYpython\34959_RL\codes\nexus\thesis_matrix_v3_ext\run_20260223_005933_607536_R30_O_10_90_PPO_NEW_S42,O_10_90,42,PPO_NEW,v3,0,0,1,wait,1,0,,,,,,,,,,,high(6+)
1771783046.8617508,implement,receive_reward,1,3000000000022,36,952,952,95,mix_mu_5_40_terminal_dependent,90,B,none,54.099999999999994,6.0,"""[5.0, -1, -1, -1, -1, -1, -1, -1, -1, -1]""",95,0,0.0,等待/保持,,RL,,PPO_NEW,B,B|gt_mean=90,0.0,,,,,,,,,,,,,,,,,,,,,,removal,1,PPO_NEW_v3,a:\MYpython\34959_RL\codes\nexus\thesis_matrix_v3_ext\run_20260223_005933_607536_R30_O_10_90_PPO_NEW_S42,O_10_90,42,PPO_NEW,v3,0,0,1,wait,1,0,,,,,,,,,,,high(6+)
1771783129.8079958,implement,receive_reward,0,3000000000016,82,951,951,4,mix_mu_5_40_terminal_dependent,90,B,none,72.28,4.0,"""[0.0, -1, -1, -1, -1, -1, -1, -1, -1, -1]""",4,0,0.0,等待/保持,,RL,,PPO_NEW,B,B|gt_mean=90,0.0,,,,,,,,,,,,,,,,,,,,,,removal,1,PPO_NEW_v3,a:\MYpython\34959_RL\codes\nexus\thesis_matrix_v3_ext\run_20260223_005933_607536_R30_O_10_90_PPO_NEW_S42,O_10_90,42,PPO_NEW,v3,0,0,1,wait,1,0,,,,,,,,,,,mid(4-5)
1771783130.0020375,implement,receive_reward,0,3000000000015,83,951,951,4,mix_mu_5_40_terminal_dependent,90,B,none,150.5,4.0,"""[0.0, -1, -1, -1, -1, -1, -1, -1, -1, -1]""",4,0,1.0,等待/保持,,RL,,PPO_NEW,B,B|gt_mean=90,0.0,,,,,,,,,,,,,,,,,,,,,,removal,1,PPO_NEW_v3,a:\MYpython\34959_RL\codes\nexus\thesis_matrix_v3_ext\run_20260223_005933_607536_R30_O_10_90_PPO_NEW_S42,O_10_90,42,PPO_NEW,v3,1,0,1,wait,1,0,,,,,,,,,,,mid(4-5)
1771783130.267761,implement,receive_reward,0,3000000000012,90,951,951,4,mix_mu_5_40_terminal_dependent,90,B,none,66.0,4.0,"""[0, -1, -1, -1, -1, -1, -1, -1, -1, -1]""",4,0,0.0,等待/保持,,RL,,PPO_NEW,B,B|gt_mean=90,0.0,,,,,,,,,,,,,,,,,,,,,,removal,1,PPO_NEW_v3,a:\MYpython\34959_RL\codes\nexus\thesis_matrix_v3_ext\run_20260223_005933_607536_R30_O_10_90_PPO_NEW_S42,O_10_90,42,PPO_NEW,v3,0,0,1,wait,1,0,,,,,,,,,,,mid(4-5)
1771783132.790959,implement,receive_reward,0,3000000000016,82,949,949,1,mix_mu_5_40_terminal_dependent,90,B,none,75.28,3.0,"""[0.0, -1, -1, -1, -1, -1, -1, -1, -1, -1]""",1,0,1.0,等待/保持,,RL,,PPO_NEW,B,B|gt_mean=90,0.0,,,,,,,,,,,,,,,,,,,,,,removal,1,PPO_NEW_v3,a:\MYpython\34959_RL\codes\nexus\thesis_matrix_v3_ext\run_20260223_005933_607536_R30_O_10_90_PPO_NEW_S42,O_10_90,42,PPO_NEW,v3,1,0,1,wait,1,0,,,,,,,,,,,low(2-3)
1771782840.5051491,implement,receive_reward,0,3000000000027,102,956,956,2,mix_mu_5_40_terminal_dependent,90,B,none,71.0,5.0,"""[6.0, -1, -1, -1, -1, -1, -1, -1, -1, -1]""",2,0,0.0,等待/保持,,RL,,PPO_NEW,B,B|gt_mean=90,0.0,,,,,,,,,,,,,,,,,,,,,,removal,1,PPO_NEW_v3,a:\MYpython\34959_RL\codes\nexus\thesis_matrix_v3_ext\run_20260223_005933_607536_R30_O_10_90_PPO_NEW_S42,O_10_90,42,PPO_NEW,v3,0,0,1,wait,1,0,,,,,,,,,,,mid(4-5)
1771782012.53647,implement,receive_reward,0,3000000000005,26,977,977,3,mix_mu_5_40_terminal_dependent,90,B,none,115.5,6.0,"""[5, -1, -1, -1, -1, -1, -1, -1, -1, -1]""",3,0,0.0,等待/保持,,RL,,PPO_NEW,B,B|gt_mean=90,0.0,,,,,,,,,,,,,,,,,,,,,,removal,1,PPO_NEW_v3,a:\MYpython\34959_RL\codes\nexus\thesis_matrix_v3_ext\run_20260223_005933_607536_R30_O_10_90_PPO_NEW_S42,O_10_90,42,PPO_NEW,v3,0,0,1,wait,1,0,,,,,,,,,,,high(6+)
1771782840.270863,implement,receive_reward,0,3000000000025,102,956,956,2,mix_mu_5_40_terminal_dependent,90,B,none,130.0,5.0,"""[6.0, -1, -1, -1, -1, -1, -1, -1, -1, -1]""",2,0,1.0,等待/保持,,RL,,PPO_NEW,B,B|gt_mean=90,0.0,,,,,,,,,,,,,,,,,,,,,,removal,1,PPO_NEW_v3,a:\MYpython\34959_RL\codes\nexus\thesis_matrix_v3_ext\run_20260223_005933_607536_R30_O_10_90_PPO_NEW_S42,O_10_90,42,PPO_NEW,v3,1,0,1,wait,1,0,,,,,,,,,,,mid(4-5)
1771782797.4117444,implement,receive_reward,1,3000000000019,36,958,958,102,mix_mu_5_40_terminal_dependent,90,B,none,9.599999999999994,6.0,"""[1.0, -1, -1, -1, -1, -1, -1, -1, -1, -1]""",102,0,0.0,等待/保持,,RL,,PPO_NEW,B,B|gt_mean=90,0.0,,,,,,,,,,,,,,,,,,,,,,removal,1,PPO_NEW_v3,a:\MYpython\34959_RL\codes\nexus\thesis_matrix_v3_ext\run_20260223_005933_607536_R30_O_10_90_PPO_NEW_S42,O_10_90,42,PPO_NEW,v3,0,0,1,wait,1,0,,,,,,,,,,,high(6+)
1771782630.6178403,implement,receive_reward,0,3000000000004,26,961,961,1,mix_mu_5_40_terminal_dependent,90,B,none,123.0,4.0,"""[5, -1, -1, -1, -1, -1, -1, -1, -1, -1]""",1,0,1.0,等待/保持,,RL,,PPO_NEW,B,B|gt_mean=90,0.0,,,,,,,,,,,,,,,,,,,,,,removal,1,PPO_NEW_v3,a:\MYpython\34959_RL\codes\nexus\thesis_matrix_v3_ext\run_20260223_005933_607536_R30_O_10_90_PPO_NEW_S42,O_10_90,42,PPO_NEW,v3,1,0,1,wait,1,0,,,,,,,,,,,mid(4-5)
1771782630.8669236,implement,receive_reward,0,3000000000019,36,961,961,1,mix_mu_5_40_terminal_dependent,90,B,none,128.1,4.0,"""[5.0, -1, -1, -1, -1, -1, -1, -1, -1, -1]""",1,0,1.0,等待/保持,,RL,,PPO_NEW,B,B|gt_mean=90,0.0,,,,,,,,,,,,,,,,,,,,,,removal,1,PPO_NEW_v3,a:\MYpython\34959_RL\codes\nexus\thesis_matrix_v3_ext\run_20260223_005933_607536_R30_O_10_90_PPO_NEW_S42,O_10_90,42,PPO_NEW,v3,1,0,1,wait,1,0,,,,,,,,,,,mid(4-5)
1771782631.0853984,implement,receive_reward,0,3000000000022,36,961,961,1,mix_mu_5_40_terminal_dependent,90,B,none,148.1,4.0,"""[5.0, -1, -1, -1, -1, -1, -1, -1, -1, -1]""",1,0,1.0,等待/保持,,RL,,PPO_NEW,B,B|gt_mean=90,0.0,,,,,,,,,,,,,,,,,,,,,,removal,1,PPO_NEW_v3,a:\MYpython\34959_RL\codes\nexus\thesis_matrix_v3_ext\run_20260223_005933_607536_R30_O_10_90_PPO_NEW_S42,O_10_90,42,PPO_NEW,v3,1,0,1,wait,1,0,,,,,,,,,,,mid(4-5)
1771782631.3339279,implement,receive_reward,0,3000000000026,44,961,961,1,mix_mu_5_40_terminal_dependent,90,B,none,82.0,4.0,"""[5.0, -1, -1, -1, -1, -1, -1, -1, -1, -1]""",1,0,1.0,等待/保持,,RL,,PPO_NEW,B,B|gt_mean=90,0.0,,,,,,,,,,,,,,,,,,,,,,removal,1,PPO_NEW_v3,a:\MYpython\34959_RL\codes\nexus\thesis_matrix_v3_ext\run_20260223_005933_607536_R30_O_10_90_PPO_NEW_S42,O_10_90,42,PPO_NEW,v3,1,0,1,wait,1,0,,,,,,,,,,,mid(4-5)
1771782631.5541413,implement,receive_reward,0,3000000000028,47,961,961,1,mix_mu_5_40_terminal_dependent,90,B,none,106.0,4.0,"""[5, -1, -1, -1, -1, -1, -1, -1, -1, -1]""",1,0,1.0,等待/保持,,RL,,PPO_NEW,B,B|gt_mean=90,0.0,,,,,,,,,,,,,,,,,,,,,,removal,1,PPO_NEW_v3,a:\MYpython\34959_RL\codes\nexus\thesis_matrix_v3_ext\run_20260223_005933_607536_R30_O_10_90_PPO_NEW_S42,O_10_90,42,PPO_NEW,v3,1,0,1,wait,1,0,,,,,,,,,,,mid(4-5)
1771782671.9722564,implement,receive_reward,1,3000000000029,43,961,961,36,mix_mu_5_40_terminal_dependent,90,B,none,109.5,6.0,"""[2, -1, -1, -1, -1, -1, -1, -1, -1, -1]""",36,0,1.0,等待/保持,,RL,,PPO_NEW,B,B|gt_mean=90,0.0,,,,,,,,,,,,,,,,,,,,,,removal,1,PPO_NEW_v3,a:\MYpython\34959_RL\codes\nexus\thesis_matrix_v3_ext\run_20260223_005933_607536_R30_O_10_90_PPO_NEW_S42,O_10_90,42,PPO_NEW,v3,1,0,1,wait,1,0,,,,,,,,,,,high(6+)
1771782672.232813,implement,receive_reward,1,3000000000015,43,961,961,36,mix_mu_5_40_terminal_dependent,90,B,none,119.0,6.0,"""[2, -1, -1, -1, -1, -1, -1, -1, -1, -1]""",36,0,1.0,等待/保持,,RL,,PPO_NEW,B,B|gt_mean=90,0.0,,,,,,,,,,,,,,,,,,,,,,removal,1,PPO_NEW_v3,a:\MYpython\34959_RL\codes\nexus\thesis_matrix_v3_ext\run_20260223_005933_607536_R30_O_10_90_PPO_NEW_S42,O_10_90,42,PPO_NEW,v3,1,0,1,wait,1,0,,,,,,,,,,,high(6+)
1771782672.4808645,implement,receive_reward,1,3000000000026,44,961,961,36,mix_mu_5_40_terminal_dependent,90,B,none,30.5,6.0,"""[2.0, -1, -1, -1, -1, -1, -1, -1, -1, -1]""",36,0,0.0,等待/保持,,RL,,PPO_NEW,B,B|gt_mean=90,0.0,,,,,,,,,,,,,,,,,,,,,,removal,1,PPO_NEW_v3,a:\MYpython\34959_RL\codes\nexus\thesis_matrix_v3_ext\run_20260223_005933_607536_R30_O_10_90_PPO_NEW_S42,O_10_90,42,PPO_NEW,v3,0,0,1,wait,1,0,,,,,,,,,,,high(6+)
1771782714.4587274,implement,receive_reward,0,3000000000002,110,960,960,2,mix_mu_5_40_terminal_dependent,90,B,none,66.0,5.0,"""[7.0, -1, -1, -1, -1, -1, -1, -1, -1, -1]""",2,0,0.0,等待/保持,,RL,,PPO_NEW,B,B|gt_mean=90,0.0,,,,,,,,,,,,,,,,,,,,,,removal,1,PPO_NEW_v3,a:\MYpython\34959_RL\codes\nexus\thesis_matrix_v3_ext\run_20260223_005933_607536_R30_O_10_90_PPO_NEW_S42,O_10_90,42,PPO_NEW,v3,0,0,1,wait,1,0,,,,,,,,,,,mid(4-5)
1771782714.588846,implement,receive_reward,0,3000000000005,113,960,960,2,mix_mu_5_40_terminal_dependent,90,B,none,118.0,5.0,"""[7.0, -1, -1, -1, -1, -1, -1, -1, -1, -1]""",2,0,1.0,等待/保持,,RL,,PPO_NEW,B,B|gt_mean=90,0.0,,,,,,,,,,,,,,,,,,,,,,removal,1,PPO_NEW_v3,a:\MYpython\34959_RL\codes\nexus\thesis_matrix_v3_ext\run_20260223_005933_607536_R30_O_10_90_PPO_NEW_S42,O_10_90,42,PPO_NEW,v3,1,0,1,wait,1,0,,,,,,,,,,,mid(4-5)
1771782714.9644172,implement,receive_reward,0,3000000000012,90,959,959,2,mix_mu_5_40_terminal_dependent,90,B,none,77.0,5.0,"""[9, -1, -1, -1, -1, -1, -1, -1, -1, -1]""",2,0,0.0,等待/保持,,RL,,PPO_NEW,B,B|gt_mean=90,0.0,,,,,,,,,,,,,,,,,,,,,,removal,1,PPO_NEW_v3,a:\MYpython\34959_RL\codes\nexus\thesis_matrix_v3_ext\run_20260223_005933_607536_R30_O_10_90_PPO_NEW_S42,O_10_90,42,PPO_NEW,v3,0,0,1,wait,1,0,,,,,,,,,,,mid(4-5)
1771782757.04473,implement,receive_reward,1,3000000000007,10,959,959,92,mix_mu_5_40_terminal_dependent,90,B,none,43.0,5.0,"""[3, -1, -1, -1, -1, -1, -1, -1, -1, -1]""",92,0,0.0,等待/保持,,RL,,PPO_NEW,B,B|gt_mean=90,0.0,,,,,,,,,,,,,,,,,,,,,,removal,1,PPO_NEW_v3,a:\MYpython\34959_RL\codes\nexus\thesis_matrix_v3_ext\run_20260223_005933_607536_R30_O_10_90_PPO_NEW_S42,O_10_90,42,PPO_NEW,v3,0,0,1,wait,1,0,,,,,,,,,,,mid(4-5)
1771782757.2527883,implement,receive_reward,1,3000000000000,11,959,959,92,mix_mu_5_40_terminal_dependent,90,B,none,64.0,5.0,"""[3, -1, -1, -1, -1, -1, -1, -1, -1, -1]""",92,0,0.0,等待/保持,,RL,,PPO_NEW,B,B|gt_mean=90,0.0,,,,,,,,,,,,,,,,,,,,,,removal,1,PPO_NEW_v3,a:\MYpython\34959_RL\codes\nexus\thesis_matrix_v3_ext\run_20260223_005933_607536_R30_O_10_90_PPO_NEW_S42,O_10_90,42,PPO_NEW,v3,0,0,1,wait,1,0,,,,,,,,,,,mid(4-5)
1771782760.8934333,implement,receive_reward,0,3000000000003,3,958,958,4,mix_mu_5_40_terminal_dependent,90,B,none,48.0,6.0,"""[3, -1, -1, -1, -1, -1, -1, -1, -1, -1]""",4,0,0.0,等待/保持,,RL,,PPO_NEW,B,B|gt_mean=90,0.0,,,,,,,,,,,,,,,,,,,,,,removal,1,PPO_NEW_v3,a:\MYpython\34959_RL\codes\nexus\thesis_matrix_v3_ext\run_20260223_005933_607536_R30_O_10_90_PPO_NEW_S42,O_10_90,42,PPO_NEW,v3,0,0,1,wait,1,0,,,,,,,,,,,high(6+)
1771782761.1258836,implement,receive_reward,0,3000000000008,6,958,958,4,mix_mu_5_40_terminal_dependent,90,B,none,91.0,6.0,"""[3, -1, -1, -1, -1, -1, -1, -1, -1, -1]""",4,0,0.0,等待/保持,,RL,,PPO_NEW,B,B|gt_mean=90,0.0,,,,,,,,,,,,,,,,,,,,,,removal,1,PPO_NEW_v3,a:\MYpython\34959_RL\codes\nexus\thesis_matrix_v3_ext\run_20260223_005933_607536_R30_O_10_90_PPO_NEW_S42,O_10_90,42,PPO_NEW,v3,0,0,1,wait,1,0,,,,,,,,,,,high(6+)
1771782761.373998,implement,receive_reward,0,3000000000014,7,958,958,4,mix_mu_5_40_terminal_dependent,90,B,none,81.0,6.0,"""[3, -1, -1, -1, -1, -1, -1, -1, -1, -1]""",4,0,0.0,等待/保持,,RL,,PPO_NEW,B,B|gt_mean=90,0.0,,,,,,,,,,,,,,,,,,,,,,removal,1,PPO_NEW_v3,a:\MYpython\34959_RL\codes\nexus\thesis_matrix_v3_ext\run_20260223_005933_607536_R30_O_10_90_PPO_NEW_S42,O_10_90,42,PPO_NEW,v3,0,0,1,wait,1,0,,,,,,,,,,,high(6+)
1771782761.6250882,implement,receive_reward,0,3000000000009,8,958,958,4,mix_mu_5_40_terminal_dependent,90,B,none,131.0,6.0,"""[3, -1, -1, -1, -1, -1, -1, -1, -1, -1]""",4,0,1.0,等待/保持,,RL,,PPO_NEW,B,B|gt_mean=90,0.0,,,,,,,,,,,,,,,,,,,,,,removal,1,PPO_NEW_v3,a:\MYpython\34959_RL\codes\nexus\thesis_matrix_v3_ext\run_20260223_005933_607536_R30_O_10_90_PPO_NEW_S42,O_10_90,42,PPO_NEW,v3,1,0,1,wait,1,0,,,,,,,,,,,high(6+)
1771782761.9198716,implement,receive_reward,0,3000000000007,10,958,958,4,mix_mu_5_40_terminal_dependent,90,B,none,131.0,6.0,"""[3, -1, -1, -1, -1, -1, -1, -1, -1, -1]""",4,0,1.0,等待/保持,,RL,,PPO_NEW,B,B|gt_mean=90,0.0,,,,,,,,,,,,,,,,,,,,,,removal,1,PPO_NEW_v3,a:\MYpython\34959_RL\codes\nexus\thesis_matrix_v3_ext\run_20260223_005933_607536_R30_O_10_90_PPO_NEW_S42,O_10_90,42,PPO_NEW,v3,1,0,1,wait,1,0,,,,,,,,,,,high(6+)
1771782762.154457,implement,receive_reward,0,3000000000000,11,958,958,4,mix_mu_5_40_terminal_dependent,90,B,none,152.0,6.0,"""[3, -1, -1, -1, -1, -1, -1, -1, -1, -1]""",4,0,1.0,等待/保持,,RL,,PPO_NEW,B,B|gt_mean=90,0.0,,,,,,,,,,,,,,,,,,,,,,removal,1,PPO_NEW_v3,a:\MYpython\34959_RL\codes\nexus\thesis_matrix_v3_ext\run_20260223_005933_607536_R30_O_10_90_PPO_NEW_S42,O_10_90,42,PPO_NEW,v3,1,0,1,wait,1,0,,,,,,,,,,,high(6+)
1771782762.2947292,implement,receive_reward,0,3000000000028,47,958,958,4,mix_mu_5_40_terminal_dependent,90,B,none,90.0,6.0,"""[3, -1, -1, -1, -1, -1, -1, -1, -1, -1]""",4,0,0.0,等待/保持,,RL,,PPO_NEW,B,B|gt_mean=90,0.0,,,,,,,,,,,,,,,,,,,,,,removal,1,PPO_NEW_v3,a:\MYpython\34959_RL\codes\nexus\thesis_matrix_v3_ext\run_20260223_005933_607536_R30_O_10_90_PPO_NEW_S42,O_10_90,42,PPO_NEW,v3,0,0,1,wait,1,0,,,,,,,,,,,high(6+)
1771782797.2679207,implement,receive_reward,1,3000000000022,36,958,958,102,mix_mu_5_40_terminal_dependent,90,B,none,29.599999999999994,6.0,"""[1.0, -1, -1, -1, -1, -1, -1, -1, -1, -1]""",102,0,0.0,等待/保持,,RL,,PPO_NEW,B,B|gt_mean=90,0.0,,,,,,,,,,,,,,,,,,,,,,removal,1,PPO_NEW_v3,a:\MYpython\34959_RL\codes\nexus\thesis_matrix_v3_ext\run_20260223_005933_607536_R30_O_10_90_PPO_NEW_S42,O_10_90,42,PPO_NEW,v3,0,0,1,wait,1,0,,,,,,,,,,,high(6+)
1771782797.5824323,implement,receive_reward,0,3000000000001,60,957,957,1,mix_mu_5_40_terminal_dependent,90,B,none,149.0,6.0,"""[0, -1, -1, -1, -1, -1, -1, -1, -1, -1]""",1,0,1.0,等待/保持,,RL,,PPO_NEW,B,B|gt_mean=90,0.0,,,,,,,,,,,,,,,,,,,,,,removal,1,PPO_NEW_v3,a:\MYpython\34959_RL\codes\nexus\thesis_matrix_v3_ext\run_20260223_005933_607536_R30_O_10_90_PPO_NEW_S42,O_10_90,42,PPO_NEW,v3,1,0,1,wait,1,0,,,,,,,,,,,high(6+)
1771783132.7964683,implement,receive_reward,0,3000000000015,83,949,949,1,mix_mu_5_40_terminal_dependent,90,B,none,153.5,3.0,"""[0.0, -1, -1, -1, -1, -1, -1, -1, -1, -1]""",1,0,1.0,等待/保持,,RL,,PPO_NEW,B,B|gt_mean=90,0.0,,,,,,,,,,,,,,,,,,,,,,removal,1,PPO_NEW_v3,a:\MYpython\34959_RL\codes\nexus\thesis_matrix_v3_ext\run_20260223_005933_607536_R30_O_10_90_PPO_NEW_S42,O_10_90,42,PPO_NEW,v3,1,0,1,wait,1,0,,,,,,,,,,,low(2-3)
1771781974.0330222,implement,receive_reward,1,3000000000028,47,978,978,52,mix_mu_5_40_terminal_dependent,90,B,none,55.0,6.0,"""[5, -1, -1, -1, -1, -1, -1, -1, -1, -1]""",52,0,0.0,等待/保持,,RL,,PPO_NEW,B,B|gt_mean=90,0.0,,,,,,,,,,,,,,,,,,,,,,removal,1,PPO_NEW_v3,a:\MYpython\34959_RL\codes\nexus\thesis_matrix_v3_ext\run_20260223_005933_607536_R30_O_10_90_PPO_NEW_S42,O_10_90,42,PPO_NEW,v3,0,0,1,wait,1,0,,,,,,,,,,,high(6+)
1771781973.5507343,implement,receive_reward,1,3000000000019,36,978,978,52,mix_mu_5_40_terminal_dependent,90,B,none,77.1,6.0,"""[5.0, -1, -1, -1, -1, -1, -1, -1, -1, -1]""",52,0,0.0,等待/保持,,RL,,PPO_NEW,B,B|gt_mean=90,0.0,,,,,,,,,,,,,,,,,,,,,,removal,1,PPO_NEW_v3,a:\MYpython\34959_RL\codes\nexus\thesis_matrix_v3_ext\run_20260223_005933_607536_R30_O_10_90_PPO_NEW_S42,O_10_90,42,PPO_NEW,v3,0,0,1,wait,1,0,,,,,,,,,,,high(6+)
1771781312.8835251,implement,receive_reward,0,3000000000008,6,994,994,1,mix_mu_5_40_terminal_dependent,90,B,none,94.0,4.0,"""[3, -1, -1, -1, -1, -1, -1, -1, -1, -1]""",1,0,1.0,等待/保持,,RL,,PPO_NEW,B,B|gt_mean=90,0.0,,,,,,,,,,,,,,,,,,,,,,removal,1,PPO_NEW_v3,a:\MYpython\34959_RL\codes\nexus\thesis_matrix_v3_ext\run_20260223_005933_607536_R30_O_10_90_PPO_NEW_S42,O_10_90,42,PPO_NEW,v3,1,0,1,wait,1,0,,,,,,,,,,,mid(4-5)
1771781313.1335363,implement,receive_reward,0,3000000000014,7,994,994,1,mix_mu_5_40_terminal_dependent,90,B,none,84.0,4.0,"""[3, -1, -1, -1, -1, -1, -1, -1, -1, -1]""",1,0,1.0,等待/保持,,RL,,PPO_NEW,B,B|gt_mean=90,0.0,,,,,,,,,,,,,,,,,,,,,,removal,1,PPO_NEW_v3,a:\MYpython\34959_RL\codes\nexus\thesis_matrix_v3_ext\run_20260223_005933_607536_R30_O_10_90_PPO_NEW_S42,O_10_90,42,PPO_NEW,v3,1,0,1,wait,1,0,,,,,,,,,,,mid(4-5)
1771781313.3956373,implement,receive_reward,0,3000000000009,8,994,994,1,mix_mu_5_40_terminal_dependent,90,B,none,134.0,4.0,"""[3, -1, -1, -1, -1, -1, -1, -1, -1, -1]""",1,0,1.0,等待/保持,,RL,,PPO_NEW,B,B|gt_mean=90,0.0,,,,,,,,,,,,,,,,,,,,,,removal,1,PPO_NEW_v3,a:\MYpython\34959_RL\codes\nexus\thesis_matrix_v3_ext\run_20260223_005933_607536_R30_O_10_90_PPO_NEW_S42,O_10_90,42,PPO_NEW,v3,1,0,1,wait,1,0,,,,,,,,,,,mid(4-5)
1771781313.645578,implement,receive_reward,0,3000000000007,10,994,994,1,mix_mu_5_40_terminal_dependent,90,B,none,134.0,4.0,"""[3, -1, -1, -1, -1, -1, -1, -1, -1, -1]""",1,0,1.0,等待/保持,,RL,,PPO_NEW,B,B|gt_mean=90,0.0,,,,,,,,,,,,,,,,,,,,,,removal,1,PPO_NEW_v3,a:\MYpython\34959_RL\codes\nexus\thesis_matrix_v3_ext\run_20260223_005933_607536_R30_O_10_90_PPO_NEW_S42,O_10_90,42,PPO_NEW,v3,1,0,1,wait,1,0,,,,,,,,,,,mid(4-5)
1771781313.866033,implement,receive_reward,0,3000000000000,11,994,994,1,mix_mu_5_40_terminal_dependent,90,B,none,155.0,4.0,"""[3, -1, -1, -1, -1, -1, -1, -1, -1, -1]""",1,0,1.0,等待/保持,,RL,,PPO_NEW,B,B|gt_mean=90,0.0,,,,,,,,,,,,,,,,,,,,,,removal,1,PPO_NEW_v3,a:\MYpython\34959_RL\codes\nexus\thesis_matrix_v3_ext\run_20260223_005933_607536_R30_O_10_90_PPO_NEW_S42,O_10_90,42,PPO_NEW,v3,1,0,1,wait,1,0,,,,,,,,,,,mid(4-5)
1771781314.0985367,implement,receive_reward,0,3000000000028,47,994,994,1,mix_mu_5_40_terminal_dependent,90,B,none,93.0,4.0,"""[3, -1, -1, -1, -1, -1, -1, -1, -1, -1]""",1,0,1.0,等待/保持,,RL,,PPO_NEW,B,B|gt_mean=90,0.0,,,,,,,,,,,,,,,,,,,,,,removal,1,PPO_NEW_v3,a:\MYpython\34959_RL\codes\nexus\thesis_matrix_v3_ext\run_20260223_005933_607536_R30_O_10_90_PPO_NEW_S42,O_10_90,42,PPO_NEW,v3,1,0,1,wait,1,0,,,,,,,,,,,mid(4-5)
1771781318.3771644,implement,receive_reward,0,3000000000003,3,993,993,4,mix_mu_5_40_terminal_dependent,90,B,none,42.0,5.0,"""[0, -1, -1, -1, -1, -1, -1, -1, -1, -1]""",4,0,0.0,等待/保持,,RL,,PPO_NEW,B,B|gt_mean=90,0.0,,,,,,,,,,,,,,,,,,,,,,removal,1,PPO_NEW_v3,a:\MYpython\34959_RL\codes\nexus\thesis_matrix_v3_ext\run_20260223_005933_607536_R30_O_10_90_PPO_NEW_S42,O_10_90,42,PPO_NEW,v3,0,0,1,wait,1,0,,,,,,,,,,,mid(4-5)
1771781318.421321,implement,receive_reward,0,3000000000008,6,993,993,4,mix_mu_5_40_terminal_dependent,90,B,none,85.0,5.0,"""[0, -1, -1, -1, -1, -1, -1, -1, -1, -1]""",4,0,1.0,等待/保持,,RL,,PPO_NEW,B,B|gt_mean=90,0.0,,,,,,,,,,,,,,,,,,,,,,removal,1,PPO_NEW_v3,a:\MYpython\34959_RL\codes\nexus\thesis_matrix_v3_ext\run_20260223_005933_607536_R30_O_10_90_PPO_NEW_S42,O_10_90,42,PPO_NEW,v3,1,0,1,wait,1,0,,,,,,,,,,,mid(4-5)
1771781318.4248273,implement,receive_reward,0,3000000000014,7,993,993,4,mix_mu_5_40_terminal_dependent,90,B,none,75.0,5.0,"""[0, -1, -1, -1, -1, -1, -1, -1, -1, -1]""",4,0,0.0,等待/保持,,RL,,PPO_NEW,B,B|gt_mean=90,0.0,,,,,,,,,,,,,,,,,,,,,,removal,1,PPO_NEW_v3,a:\MYpython\34959_RL\codes\nexus\thesis_matrix_v3_ext\run_20260223_005933_607536_R30_O_10_90_PPO_NEW_S42,O_10_90,42,PPO_NEW,v3,0,0,1,wait,1,0,,,,,,,,,,,mid(4-5)
1771781312.6175227,implement,receive_reward,0,3000000000003,3,994,994,1,mix_mu_5_40_terminal_dependent,90,B,none,51.0,4.0,"""[3, -1, -1, -1, -1, -1, -1, -1, -1, -1]""",1,0,0.0,等待/保持,,RL,,PPO_NEW,B,B|gt_mean=90,0.0,,,,,,,,,,,,,,,,,,,,,,removal,1,PPO_NEW_v3,a:\MYpython\34959_RL\codes\nexus\thesis_matrix_v3_ext\run_20260223_005933_607536_R30_O_10_90_PPO_NEW_S42,O_10_90,42,PPO_NEW,v3,0,0,1,wait,1,0,,,,,,,,,,,mid(4-5)
1771781318.4353414,implement,receive_reward,0,3000000000009,8,993,993,4,mix_mu_5_40_terminal_dependent,90,B,none,125.0,5.0,"""[0, -1, -1, -1, -1, -1, -1, -1, -1, -1]""",4,0,1.0,等待/保持,,RL,,PPO_NEW,B,B|gt_mean=90,0.0,,,,,,,,,,,,,,,,,,,,,,removal,1,PPO_NEW_v3,a:\MYpython\34959_RL\codes\nexus\thesis_matrix_v3_ext\run_20260223_005933_607536_R30_O_10_90_PPO_NEW_S42,O_10_90,42,PPO_NEW,v3,1,0,1,wait,1,0,,,,,,,,,,,mid(4-5)
1771781318.6651437,implement,receive_reward,0,3000000000000,11,993,993,4,mix_mu_5_40_terminal_dependent,90,B,none,146.0,5.0,"""[0, -1, -1, -1, -1, -1, -1, -1, -1, -1]""",4,0,1.0,等待/保持,,RL,,PPO_NEW,B,B|gt_mean=90,0.0,,,,,,,,,,,,,,,,,,,,,,removal,1,PPO_NEW_v3,a:\MYpython\34959_RL\codes\nexus\thesis_matrix_v3_ext\run_20260223_005933_607536_R30_O_10_90_PPO_NEW_S42,O_10_90,42,PPO_NEW,v3,1,0,1,wait,1,0,,,,,,,,,,,mid(4-5)
1771781318.7816749,implement,receive_reward,0,3000000000013,16,993,993,4,mix_mu_5_40_terminal_dependent,90,B,none,38.5,5.0,"""[0, -1, -1, -1, -1, -1, -1, -1, -1, -1]""",4,0,0.0,等待/保持,,RL,,PPO_NEW,B,B|gt_mean=90,0.0,,,,,,,,,,,,,,,,,,,,,,removal,1,PPO_NEW_v3,a:\MYpython\34959_RL\codes\nexus\thesis_matrix_v3_ext\run_20260223_005933_607536_R30_O_10_90_PPO_NEW_S42,O_10_90,42,PPO_NEW,v3,0,0,1,wait,1,0,,,,,,,,,,,mid(4-5)
1771781318.783696,implement,receive_reward,0,3000000000011,18,993,993,4,mix_mu_5_40_terminal_dependent,90,B,none,74.5,5.0,"""[0, -1, -1, -1, -1, -1, -1, -1, -1, -1]""",4,0,0.0,等待/保持,,RL,,PPO_NEW,B,B|gt_mean=90,0.0,,,,,,,,,,,,,,,,,,,,,,removal,1,PPO_NEW_v3,a:\MYpython\34959_RL\codes\nexus\thesis_matrix_v3_ext\run_20260223_005933_607536_R30_O_10_90_PPO_NEW_S42,O_10_90,42,PPO_NEW,v3,0,0,1,wait,1,0,,,,,,,,,,,mid(4-5)
1771781318.7857034,implement,receive_reward,0,3000000000002,18,993,993,4,mix_mu_5_40_terminal_dependent,90,B,none,48.1,5.0,"""[0, -1, -1, -1, -1, -1, -1, -1, -1, -1]""",4,0,0.0,等待/保持,,RL,,PPO_NEW,B,B|gt_mean=90,0.0,,,,,,,,,,,,,,,,,,,,,,removal,1,PPO_NEW_v3,a:\MYpython\34959_RL\codes\nexus\thesis_matrix_v3_ext\run_20260223_005933_607536_R30_O_10_90_PPO_NEW_S42,O_10_90,42,PPO_NEW,v3,0,0,1,wait,1,0,,,,,,,,,,,mid(4-5)
1771781318.7877033,implement,receive_reward,0,3000000000017,20,993,993,4,mix_mu_5_40_terminal_dependent,90,B,none,73.0,5.0,"""[0, -1, -1, -1, -1, -1, -1, -1, -1, -1]""",4,0,0.0,等待/保持,,RL,,PPO_NEW,B,B|gt_mean=90,0.0,,,,,,,,,,,,,,,,,,,,,,removal,1,PPO_NEW_v3,a:\MYpython\34959_RL\codes\nexus\thesis_matrix_v3_ext\run_20260223_005933_607536_R30_O_10_90_PPO_NEW_S42,O_10_90,42,PPO_NEW,v3,0,0,1,wait,1,0,,,,,,,,,,,mid(4-5)
1771781318.7887073,implement,receive_reward,0,3000000000006,24,993,993,4,mix_mu_5_40_terminal_dependent,90,B,none,121.19999999999999,5.0,"""[0, -1, -1, -1, -1, -1, -1, -1, -1, -1]""",4,0,1.0,等待/保持,,RL,,PPO_NEW,B,B|gt_mean=90,0.0,,,,,,,,,,,,,,,,,,,,,,removal,1,PPO_NEW_v3,a:\MYpython\34959_RL\codes\nexus\thesis_matrix_v3_ext\run_20260223_005933_607536_R30_O_10_90_PPO_NEW_S42,O_10_90,42,PPO_NEW,v3,1,0,1,wait,1,0,,,,,,,,,,,mid(4-5)
1771781318.7907045,implement,receive_reward,0,3000000000004,26,993,993,4,mix_mu_5_40_terminal_dependent,90,B,none,103.0,5.0,"""[0, -1, -1, -1, -1, -1, -1, -1, -1, -1]""",4,0,1.0,等待/保持,,RL,,PPO_NEW,B,B|gt_mean=90,0.0,,,,,,,,,,,,,,,,,,,,,,removal,1,PPO_NEW_v3,a:\MYpython\34959_RL\codes\nexus\thesis_matrix_v3_ext\run_20260223_005933_607536_R30_O_10_90_PPO_NEW_S42,O_10_90,42,PPO_NEW,v3,1,0,1,wait,1,0,,,,,,,,,,,mid(4-5)
1771781318.79321,implement,receive_reward,0,3000000000005,26,993,993,4,mix_mu_5_40_terminal_dependent,90,B,none,97.5,5.0,"""[0, -1, -1, -1, -1, -1, -1, -1, -1, -1]""",4,0,1.0,等待/保持,,RL,,PPO_NEW,B,B|gt_mean=90,0.0,,,,,,,,,,,,,,,,,,,,,,removal,1,PPO_NEW_v3,a:\MYpython\34959_RL\codes\nexus\thesis_matrix_v3_ext\run_20260223_005933_607536_R30_O_10_90_PPO_NEW_S42,O_10_90,42,PPO_NEW,v3,1,0,1,wait,1,0,,,,,,,,,,,mid(4-5)
1771781318.796224,implement,receive_reward,0,3000000000010,28,993,993,4,mix_mu_5_40_terminal_dependent,90,B,none,128.0,5.0,"""[0, -1, -1, -1, -1, -1, -1, -1, -1, -1]""",4,0,1.0,等待/保持,,RL,,PPO_NEW,B,B|gt_mean=90,0.0,,,,,,,,,,,,,,,,,,,,,,removal,1,PPO_NEW_v3,a:\MYpython\34959_RL\codes\nexus\thesis_matrix_v3_ext\run_20260223_005933_607536_R30_O_10_90_PPO_NEW_S42,O_10_90,42,PPO_NEW,v3,1,0,1,wait,1,0,,,,,,,,,,,mid(4-5)
1771781318.4383464,implement,receive_reward,0,3000000000007,10,993,993,4,mix_mu_5_40_terminal_dependent,90,B,none,125.0,5.0,"""[0, -1, -1, -1, -1, -1, -1, -1, -1, -1]""",4,0,1.0,等待/保持,,RL,,PPO_NEW,B,B|gt_mean=90,0.0,,,,,,,,,,,,,,,,,,,,,,removal,1,PPO_NEW_v3,a:\MYpython\34959_RL\codes\nexus\thesis_matrix_v3_ext\run_20260223_005933_607536_R30_O_10_90_PPO_NEW_S42,O_10_90,42,PPO_NEW,v3,1,0,1,wait,1,0,,,,,,,,,,,mid(4-5)
1771781230.636576,implement,receive_reward,0,3000000000016,38,995,995,2,mix_mu_5_40_terminal_dependent,90,B,none,93.0,5.0,"""[7.0, -1, -1, -1, -1, -1, -1, -1, -1, -1]""",2,0,0.0,等待/保持,,RL,,PPO_NEW,B,B|gt_mean=90,0.0,,,,,,,,,,,,,,,,,,,,,,removal,1,PPO_NEW_v3,a:\MYpython\34959_RL\codes\nexus\thesis_matrix_v3_ext\run_20260223_005933_607536_R30_O_10_90_PPO_NEW_S42,O_10_90,42,PPO_NEW,v3,0,0,1,wait,1,0,,,,,,,,,,,mid(4-5)
1771781230.634566,implement,receive_reward,1,3000000000022,114,996,996,70,mix_mu_5_40_terminal_dependent,90,B,none,81.0,5.0,"""[8.0, -1, -1, -1, -1, -1, -1, -1, -1, -1]""",70,0,1.0,等待/保持,,RL,,PPO_NEW,B,B|gt_mean=90,0.0,,,,,,,,,,,,,,,,,,,,,,removal,1,PPO_NEW_v3,a:\MYpython\34959_RL\codes\nexus\thesis_matrix_v3_ext\run_20260223_005933_607536_R30_O_10_90_PPO_NEW_S42,O_10_90,42,PPO_NEW,v3,1,0,1,wait,1,0,,,,,,,,,,,mid(4-5)
1771781230.62055,implement,receive_reward,1,3000000000019,114,996,996,70,mix_mu_5_40_terminal_dependent,90,B,none,61.0,5.0,"""[8.0, -1, -1, -1, -1, -1, -1, -1, -1, -1]""",70,0,0.0,等待/保持,,RL,,PPO_NEW,B,B|gt_mean=90,0.0,,,,,,,,,,,,,,,,,,,,,,removal,1,PPO_NEW_v3,a:\MYpython\34959_RL\codes\nexus\thesis_matrix_v3_ext\run_20260223_005933_607536_R30_O_10_90_PPO_NEW_S42,O_10_90,42,PPO_NEW,v3,0,0,1,wait,1,0,,,,,,,,,,,mid(4-5)
1771781133.3159971,implement,receive_reward,1,3000000000019,36,998,998,75,mix_mu_5_40_terminal_dependent,90,B,none,36.599999999999994,6.0,"""[1.0, -1, -1, -1, -1, -1, -1, -1, -1, -1]""",75,0,0.0,等待/保持,,RL,,PPO_NEW,B,B|gt_mean=90,0.0,,,,,,,,,,,,,,,,,,,,,,removal,1,PPO_NEW_v3,a:\MYpython\34959_RL\codes\nexus\thesis_matrix_v3_ext\run_20260223_005933_607536_R30_O_10_90_PPO_NEW_S42,O_10_90,42,PPO_NEW,v3,0,0,1,wait,1,0,,,,,,,,,,,high(6+)
1771781134.8646421,implement,receive_reward,0,3000000000016,82,997,997,3,mix_mu_5_40_terminal_dependent,90,B,none,73.28,6.0,"""[0.0, -1, -1, -1, -1, -1, -1, -1, -1, -1]""",3,0,0.0,等待/保持,,RL,,PPO_NEW,B,B|gt_mean=90,0.0,,,,,,,,,,,,,,,,,,,,,,removal,1,PPO_NEW_v3,a:\MYpython\34959_RL\codes\nexus\thesis_matrix_v3_ext\run_20260223_005933_607536_R30_O_10_90_PPO_NEW_S42,O_10_90,42,PPO_NEW,v3,0,0,1,wait,1,0,,,,,,,,,,,high(6+)
1771781134.8726494,implement,receive_reward,0,3000000000015,83,997,997,3,mix_mu_5_40_terminal_dependent,90,B,none,151.5,6.0,"""[0.0, -1, -1, -1, -1, -1, -1, -1, -1, -1]""",3,0,1.0,等待/保持,,RL,,PPO_NEW,B,B|gt_mean=90,0.0,,,,,,,,,,,,,,,,,,,,,,removal,1,PPO_NEW_v3,a:\MYpython\34959_RL\codes\nexus\thesis_matrix_v3_ext\run_20260223_005933_607536_R30_O_10_90_PPO_NEW_S42,O_10_90,42,PPO_NEW,v3,1,0,1,wait,1,0,,,,,,,,,,,high(6+)
1771781139.336447,implement,receive_reward,0,3000000000012,90,997,997,3,mix_mu_5_40_terminal_dependent,90,B,none,67.0,6.0,"""[0, -1, -1, -1, -1, -1, -1, -1, -1, -1]""",3,0,0.0,等待/保持,,RL,,PPO_NEW,B,B|gt_mean=90,0.0,,,,,,,,,,,,,,,,,,,,,,removal,1,PPO_NEW_v3,a:\MYpython\34959_RL\codes\nexus\thesis_matrix_v3_ext\run_20260223_005933_607536_R30_O_10_90_PPO_NEW_S42,O_10_90,42,PPO_NEW,v3,0,0,1,wait,1,0,,,,,,,,,,,high(6+)
1771781178.445514,implement,receive_reward,1,3000000000005,113,997,997,111,mix_mu_5_40_terminal_dependent,90,B,none,9.0,4.0,"""[7.0, -1, -1, -1, -1, -1, -1, -1, -1, -1]""",111,0,0.0,等待/保持,,RL,,PPO_NEW,B,B|gt_mean=90,0.0,,,,,,,,,,,,,,,,,,,,,,removal,1,PPO_NEW_v3,a:\MYpython\34959_RL\codes\nexus\thesis_matrix_v3_ext\run_20260223_005933_607536_R30_O_10_90_PPO_NEW_S42,O_10_90,42,PPO_NEW,v3,0,0,1,wait,1,0,,,,,,,,,,,mid(4-5)
1771781184.1320646,implement,receive_reward,0,3000000000003,3,996,996,4,mix_mu_5_40_terminal_dependent,90,B,none,42.0,4.0,"""[0, -1, -1, -1, -1, -1, -1, -1, -1, -1]""",4,0,0.0,等待/保持,,RL,,PPO_NEW,B,B|gt_mean=90,0.0,,,,,,,,,,,,,,,,,,,,,,removal,1,PPO_NEW_v3,a:\MYpython\34959_RL\codes\nexus\thesis_matrix_v3_ext\run_20260223_005933_607536_R30_O_10_90_PPO_NEW_S42,O_10_90,42,PPO_NEW,v3,0,0,1,wait,1,0,,,,,,,,,,,mid(4-5)
1771781184.3118346,implement,receive_reward,0,3000000000008,6,996,996,4,mix_mu_5_40_terminal_dependent,90,B,none,85.0,4.0,"""[0, -1, -1, -1, -1, -1, -1, -1, -1, -1]""",4,0,1.0,等待/保持,,RL,,PPO_NEW,B,B|gt_mean=90,0.0,,,,,,,,,,,,,,,,,,,,,,removal,1,PPO_NEW_v3,a:\MYpython\34959_RL\codes\nexus\thesis_matrix_v3_ext\run_20260223_005933_607536_R30_O_10_90_PPO_NEW_S42,O_10_90,42,PPO_NEW,v3,1,0,1,wait,1,0,,,,,,,,,,,mid(4-5)
1771781184.5615351,implement,receive_reward,0,3000000000014,7,996,996,4,mix_mu_5_40_terminal_dependent,90,B,none,75.0,4.0,"""[0, -1, -1, -1, -1, -1, -1, -1, -1, -1]""",4,0,1.0,等待/保持,,RL,,PPO_NEW,B,B|gt_mean=90,0.0,,,,,,,,,,,,,,,,,,,,,,removal,1,PPO_NEW_v3,a:\MYpython\34959_RL\codes\nexus\thesis_matrix_v3_ext\run_20260223_005933_607536_R30_O_10_90_PPO_NEW_S42,O_10_90,42,PPO_NEW,v3,1,0,1,wait,1,0,,,,,,,,,,,mid(4-5)
1771781184.8291574,implement,receive_reward,0,3000000000009,8,996,996,4,mix_mu_5_40_terminal_dependent,90,B,none,125.0,4.0,"""[0, -1, -1, -1, -1, -1, -1, -1, -1, -1]""",4,0,1.0,等待/保持,,RL,,PPO_NEW,B,B|gt_mean=90,0.0,,,,,,,,,,,,,,,,,,,,,,removal,1,PPO_NEW_v3,a:\MYpython\34959_RL\codes\nexus\thesis_matrix_v3_ext\run_20260223_005933_607536_R30_O_10_90_PPO_NEW_S42,O_10_90,42,PPO_NEW,v3,1,0,1,wait,1,0,,,,,,,,,,,mid(4-5)
1771781185.0803945,implement,receive_reward,0,3000000000007,10,996,996,4,mix_mu_5_40_terminal_dependent,90,B,none,125.0,4.0,"""[0, -1, -1, -1, -1, -1, -1, -1, -1, -1]""",4,0,1.0,等待/保持,,RL,,PPO_NEW,B,B|gt_mean=90,0.0,,,,,,,,,,,,,,,,,,,,,,removal,1,PPO_NEW_v3,a:\MYpython\34959_RL\codes\nexus\thesis_matrix_v3_ext\run_20260223_005933_607536_R30_O_10_90_PPO_NEW_S42,O_10_90,42,PPO_NEW,v3,1,0,1,wait,1,0,,,,,,,,,,,mid(4-5)
1771781185.282989,implement,receive_reward,0,3000000000000,11,996,996,4,mix_mu_5_40_terminal_dependent,90,B,none,146.0,4.0,"""[0, -1, -1, -1, -1, -1, -1, -1, -1, -1]""",4,0,1.0,等待/保持,,RL,,PPO_NEW,B,B|gt_mean=90,0.0,,,,,,,,,,,,,,,,,,,,,,removal,1,PPO_NEW_v3,a:\MYpython\34959_RL\codes\nexus\thesis_matrix_v3_ext\run_20260223_005933_607536_R30_O_10_90_PPO_NEW_S42,O_10_90,42,PPO_NEW,v3,1,0,1,wait,1,0,,,,,,,,,,,mid(4-5)
1771781185.5336514,implement,receive_reward,0,3000000000013,16,996,996,4,mix_mu_5_40_terminal_dependent,90,B,none,38.5,4.0,"""[0, -1, -1, -1, -1, -1, -1, -1, -1, -1]""",4,0,0.0,等待/保持,,RL,,PPO_NEW,B,B|gt_mean=90,0.0,,,,,,,,,,,,,,,,,,,,,,removal,1,PPO_NEW_v3,a:\MYpython\34959_RL\codes\nexus\thesis_matrix_v3_ext\run_20260223_005933_607536_R30_O_10_90_PPO_NEW_S42,O_10_90,42,PPO_NEW,v3,0,0,1,wait,1,0,,,,,,,,,,,mid(4-5)
1771781185.73682,implement,receive_reward,0,3000000000011,18,996,996,4,mix_mu_5_40_terminal_dependent,90,B,none,74.5,4.0,"""[0, -1, -1, -1, -1, -1, -1, -1, -1, -1]""",4,0,1.0,等待/保持,,RL,,PPO_NEW,B,B|gt_mean=90,0.0,,,,,,,,,,,,,,,,,,,,,,removal,1,PPO_NEW_v3,a:\MYpython\34959_RL\codes\nexus\thesis_matrix_v3_ext\run_20260223_005933_607536_R30_O_10_90_PPO_NEW_S42,O_10_90,42,PPO_NEW,v3,1,0,1,wait,1,0,,,,,,,,,,,mid(4-5)
1771781185.9843652,implement,receive_reward,0,3000000000002,18,996,996,4,mix_mu_5_40_terminal_dependent,90,B,none,48.1,4.0,"""[0, -1, -1, -1, -1, -1, -1, -1, -1, -1]""",4,0,0.0,等待/保持,,RL,,PPO_NEW,B,B|gt_mean=90,0.0,,,,,,,,,,,,,,,,,,,,,,removal,1,PPO_NEW_v3,a:\MYpython\34959_RL\codes\nexus\thesis_matrix_v3_ext\run_20260223_005933_607536_R30_O_10_90_PPO_NEW_S42,O_10_90,42,PPO_NEW,v3,0,0,1,wait,1,0,,,,,,,,,,,mid(4-5)
1771781186.2346497,implement,receive_reward,0,3000000000017,20,996,996,4,mix_mu_5_40_terminal_dependent,90,B,none,73.0,4.0,"""[0, -1, -1, -1, -1, -1, -1, -1, -1, -1]""",4,0,1.0,等待/保持,,RL,,PPO_NEW,B,B|gt_mean=90,0.0,,,,,,,,,,,,,,,,,,,,,,removal,1,PPO_NEW_v3,a:\MYpython\34959_RL\codes\nexus\thesis_matrix_v3_ext\run_20260223_005933_607536_R30_O_10_90_PPO_NEW_S42,O_10_90,42,PPO_NEW,v3,1,0,1,wait,1,0,,,,,,,,,,,mid(4-5)
1771781186.5340827,implement,receive_reward,0,3000000000006,24,996,996,4,mix_mu_5_40_terminal_dependent,90,B,none,121.19999999999999,4.0,"""[0, -1, -1, -1, -1, -1, -1, -1, -1, -1]""",4,0,1.0,等待/保持,,RL,,PPO_NEW,B,B|gt_mean=90,0.0,,,,,,,,,,,,,,,,,,,,,,removal,1,PPO_NEW_v3,a:\MYpython\34959_RL\codes\nexus\thesis_matrix_v3_ext\run_20260223_005933_607536_R30_O_10_90_PPO_NEW_S42,O_10_90,42,PPO_NEW,v3,1,0,1,wait,1,0,,,,,,,,,,,mid(4-5)
1771781186.769849,implement,receive_reward,0,3000000000004,26,996,996,4,mix_mu_5_40_terminal_dependent,90,B,none,103.0,4.0,"""[0, -1, -1, -1, -1, -1, -1, -1, -1, -1]""",4,0,1.0,等待/保持,,RL,,PPO_NEW,B,B|gt_mean=90,0.0,,,,,,,,,,,,,,,,,,,,,,removal,1,PPO_NEW_v3,a:\MYpython\34959_RL\codes\nexus\thesis_matrix_v3_ext\run_20260223_005933_607536_R30_O_10_90_PPO_NEW_S42,O_10_90,42,PPO_NEW,v3,1,0,1,wait,1,0,,,,,,,,,,,mid(4-5)
1771781187.006561,implement,receive_reward,0,3000000000005,26,996,996,4,mix_mu_5_40_terminal_dependent,90,B,none,97.5,4.0,"""[0, -1, -1, -1, -1, -1, -1, -1, -1, -1]""",4,0,1.0,等待/保持,,RL,,PPO_NEW,B,B|gt_mean=90,0.0,,,,,,,,,,,,,,,,,,,,,,removal,1,PPO_NEW_v3,a:\MYpython\34959_RL\codes\nexus\thesis_matrix_v3_ext\run_20260223_005933_607536_R30_O_10_90_PPO_NEW_S42,O_10_90,42,PPO_NEW,v3,1,0,1,wait,1,0,,,,,,,,,,,mid(4-5)
1771781187.255714,implement,receive_reward,0,3000000000010,28,996,996,4,mix_mu_5_40_terminal_dependent,90,B,none,128.0,4.0,"""[0, -1, -1, -1, -1, -1, -1, -1, -1, -1]""",4,0,1.0,等待/保持,,RL,,PPO_NEW,B,B|gt_mean=90,0.0,,,,,,,,,,,,,,,,,,,,,,removal,1,PPO_NEW_v3,a:\MYpython\34959_RL\codes\nexus\thesis_matrix_v3_ext\run_20260223_005933_607536_R30_O_10_90_PPO_NEW_S42,O_10_90,42,PPO_NEW,v3,1,0,1,wait,1,0,,,,,,,,,,,mid(4-5)
1771781188.3404498,implement,receive_reward,1,3000000000029,111,996,996,70,mix_mu_5_40_terminal_dependent,90,B,none,90.0,4.0,"""[8.0, -1, -1, -1, -1, -1, -1, -1, -1, -1]""",70,0,1.0,等待/保持,,RL,,PPO_NEW,B,B|gt_mean=90,0.0,,,,,,,,,,,,,,,,,,,,,,removal,1,PPO_NEW_v3,a:\MYpython\34959_RL\codes\nexus\thesis_matrix_v3_ext\run_20260223_005933_607536_R30_O_10_90_PPO_NEW_S42,O_10_90,42,PPO_NEW,v3,1,0,1,wait,1,0,,,,,,,,,,,mid(4-5)
1771781230.5909476,implement,receive_reward,1,3000000000011,111,996,996,70,mix_mu_5_40_terminal_dependent,90,B,none,25.0,5.0,"""[8.0, -1, -1, -1, -1, -1, -1, -1, -1, -1]""",70,0,0.0,等待/保持,,RL,,PPO_NEW,B,B|gt_mean=90,0.0,,,,,,,,,,,,,,,,,,,,,,removal,1,PPO_NEW_v3,a:\MYpython\34959_RL\codes\nexus\thesis_matrix_v3_ext\run_20260223_005933_607536_R30_O_10_90_PPO_NEW_S42,O_10_90,42,PPO_NEW,v3,0,0,1,wait,1,0,,,,,,,,,,,mid(4-5)
1771781318.797223,implement,receive_reward,1,3000000000015,83,993,993,87,mix_mu_5_40_terminal_dependent,90,B,none,67.5,5.0,"""[0.0, -1, -1, -1, -1, -1, -1, -1, -1, -1]""",87,0,0.0,等待/保持,,RL,,PPO_NEW,B,B|gt_mean=90,0.0,,,,,,,,,,,,,,,,,,,,,,removal,1,PPO_NEW_v3,a:\MYpython\34959_RL\codes\nexus\thesis_matrix_v3_ext\run_20260223_005933_607536_R30_O_10_90_PPO_NEW_S42,O_10_90,42,PPO_NEW,v3,0,0,1,wait,1,0,,,,,,,,,,,mid(4-5)
1771781432.5598278,implement,receive_reward,0,3000000000021,70,990,990,3,mix_mu_5_40_terminal_dependent,90,B,none,106.0,6.0,"""[8.0, -1, -1, -1, -1, -1, -1, -1, -1, -1]""",3,0,1.0,等待/保持,,RL,,PPO_NEW,B,B|gt_mean=90,0.0,,,,,,,,,,,,,,,,,,,,,,removal,1,PPO_NEW_v3,a:\MYpython\34959_RL\codes\nexus\thesis_matrix_v3_ext\run_20260223_005933_607536_R30_O_10_90_PPO_NEW_S42,O_10_90,42,PPO_NEW,v3,1,0,1,wait,1,0,,,,,,,,,,,high(6+)
1771781473.427246,implement,receive_reward,1,3000000000022,36,990,990,86,mix_mu_5_40_terminal_dependent,90,B,none,45.599999999999994,5.0,"""[1.0, -1, -1, -1, -1, -1, -1, -1, -1, -1]""",86,0,0.0,等待/保持,,RL,,PPO_NEW,B,B|gt_mean=90,0.0,,,,,,,,,,,,,,,,,,,,,,removal,1,PPO_NEW_v3,a:\MYpython\34959_RL\codes\nexus\thesis_matrix_v3_ext\run_20260223_005933_607536_R30_O_10_90_PPO_NEW_S42,O_10_90,42,PPO_NEW,v3,0,0,1,wait,1,0,,,,,,,,,,,mid(4-5)
1771781473.651532,implement,receive_reward,1,3000000000019,36,990,990,86,mix_mu_5_40_terminal_dependent,90,B,none,25.599999999999994,5.0,"""[1.0, -1, -1, -1, -1, -1, -1, -1, -1, -1]""",86,0,0.0,等待/保持,,RL,,PPO_NEW,B,B|gt_mean=90,0.0,,,,,,,,,,,,,,,,,,,,,,removal,1,PPO_NEW_v3,a:\MYpython\34959_RL\codes\nexus\thesis_matrix_v3_ext\run_20260223_005933_607536_R30_O_10_90_PPO_NEW_S42,O_10_90,42,PPO_NEW,v3,0,0,1,wait,1,0,,,,,,,,,,,mid(4-5)
1771781726.885597,implement,receive_reward,1,3000000000001,60,983,983,101,mix_mu_5_40_terminal_dependent,90,B,none,56.0,5.0,"""[5, -1, -1, -1, -1, -1, -1, -1, -1, -1]""",101,0,0.0,等待/保持,,RL,,PPO_NEW,B,B|gt_mean=90,0.0,,,,,,,,,,,,,,,,,,,,,,removal,1,PPO_NEW_v3,a:\MYpython\34959_RL\codes\nexus\thesis_matrix_v3_ext\run_20260223_005933_607536_R30_O_10_90_PPO_NEW_S42,O_10_90,42,PPO_NEW,v3,0,0,1,wait,1,0,,,,,,,,,,,mid(4-5)
1771781768.943643,implement,receive_reward,0,3000000000020,34,982,982,2,mix_mu_5_40_terminal_dependent,90,B,none,36.0,5.0,"""[1.0, -1, -1, -1, -1, -1, -1, -1, -1, -1]""",2,0,0.0,等待/保持,,RL,,PPO_NEW,B,B|gt_mean=90,0.0,,,,,,,,,,,,,,,,,,,,,,removal,1,PPO_NEW_v3,a:\MYpython\34959_RL\codes\nexus\thesis_matrix_v3_ext\run_20260223_005933_607536_R30_O_10_90_PPO_NEW_S42,O_10_90,42,PPO_NEW,v3,0,0,1,wait,1,0,,,,,,,,,,,mid(4-5)
1771781768.947645,implement,receive_reward,0,3000000000022,36,982,982,2,mix_mu_5_40_terminal_dependent,90,B,none,129.6,5.0,"""[1.0, -1, -1, -1, -1, -1, -1, -1, -1, -1]""",2,0,1.0,等待/保持,,RL,,PPO_NEW,B,B|gt_mean=90,0.0,,,,,,,,,,,,,,,,,,,,,,removal,1,PPO_NEW_v3,a:\MYpython\34959_RL\codes\nexus\thesis_matrix_v3_ext\run_20260223_005933_607536_R30_O_10_90_PPO_NEW_S42,O_10_90,42,PPO_NEW,v3,1,0,1,wait,1,0,,,,,,,,,,,mid(4-5)
1771781769.2516677,implement,receive_reward,0,3000000000019,36,982,982,2,mix_mu_5_40_terminal_dependent,90,B,none,109.6,5.0,"""[1.0, -1, -1, -1, -1, -1, -1, -1, -1, -1]""",2,0,1.0,等待/保持,,RL,,PPO_NEW,B,B|gt_mean=90,0.0,,,,,,,,,,,,,,,,,,,,,,removal,1,PPO_NEW_v3,a:\MYpython\34959_RL\codes\nexus\thesis_matrix_v3_ext\run_20260223_005933_607536_R30_O_10_90_PPO_NEW_S42,O_10_90,42,PPO_NEW,v3,1,0,1,wait,1,0,,,,,,,,,,,mid(4-5)
1771781769.5000508,implement,receive_reward,0,3000000000016,38,982,982,2,mix_mu_5_40_terminal_dependent,90,B,none,74.5,5.0,"""[1.0, -1, -1, -1, -1, -1, -1, -1, -1, -1]""",2,0,1.0,等待/保持,,RL,,PPO_NEW,B,B|gt_mean=90,0.0,,,,,,,,,,,,,,,,,,,,,,removal,1,PPO_NEW_v3,a:\MYpython\34959_RL\codes\nexus\thesis_matrix_v3_ext\run_20260223_005933_607536_R30_O_10_90_PPO_NEW_S42,O_10_90,42,PPO_NEW,v3,1,0,1,wait,1,0,,,,,,,,,,,mid(4-5)
1771781769.515407,implement,receive_reward,1,3000000000001,60,982,982,60,mix_mu_5_40_terminal_dependent,90,B,none,97.0,5.0,"""[5, -1, -1, -1, -1, -1, -1, -1, -1, -1]""",60,0,1.0,等待/保持,,RL,,PPO_NEW,B,B|gt_mean=90,0.0,,,,,,,,,,,,,,,,,,,,,,removal,1,PPO_NEW_v3,a:\MYpython\34959_RL\codes\nexus\thesis_matrix_v3_ext\run_20260223_005933_607536_R30_O_10_90_PPO_NEW_S42,O_10_90,42,PPO_NEW,v3,1,0,1,wait,1,0,,,,,,,,,,,mid(4-5)
1771781809.5477993,implement,receive_reward,0,3000000000016,38,981,981,4,mix_mu_5_40_terminal_dependent,90,B,none,91.0,4.0,"""[7.0, -1, -1, -1, -1, -1, -1, -1, -1, -1]""",4,0,1.0,等待/保持,,RL,,PPO_NEW,B,B|gt_mean=90,0.0,,,,,,,,,,,,,,,,,,,,,,removal,1,PPO_NEW_v3,a:\MYpython\34959_RL\codes\nexus\thesis_matrix_v3_ext\run_20260223_005933_607536_R30_O_10_90_PPO_NEW_S42,O_10_90,42,PPO_NEW,v3,1,0,1,wait,1,0,,,,,,,,,,,mid(4-5)
1771781846.728304,implement,receive_reward,1,3000000000005,113,981,981,85,mix_mu_5_40_terminal_dependent,90,B,none,35.0,5.0,"""[7.0, -1, -1, -1, -1, -1, -1, -1, -1, -1]""",85,0,0.0,等待/保持,,RL,,PPO_NEW,B,B|gt_mean=90,0.0,,,,,,,,,,,,,,,,,,,,,,removal,1,PPO_NEW_v3,a:\MYpython\34959_RL\codes\nexus\thesis_matrix_v3_ext\run_20260223_005933_607536_R30_O_10_90_PPO_NEW_S42,O_10_90,42,PPO_NEW,v3,0,0,1,wait,1,0,,,,,,,,,,,mid(4-5)
1771781851.089029,implement,receive_reward,0,3000000000003,3,980,980,1,mix_mu_5_40_terminal_dependent,90,B,none,51.0,3.0,"""[3, -1, -1, -1, -1, -1, -1, -1, -1, -1]""",1,0,0.0,等待/保持,,RL,,PPO_NEW,B,B|gt_mean=90,0.0,,,,,,,,,,,,,,,,,,,,,,removal,1,PPO_NEW_v3,a:\MYpython\34959_RL\codes\nexus\thesis_matrix_v3_ext\run_20260223_005933_607536_R30_O_10_90_PPO_NEW_S42,O_10_90,42,PPO_NEW,v3,0,0,1,wait,1,0,,,,,,,,,,,low(2-3)
1771781851.359659,implement,receive_reward,0,3000000000008,6,980,980,1,mix_mu_5_40_terminal_dependent,90,B,none,94.0,3.0,"""[3, -1, -1, -1, -1, -1, -1, -1, -1, -1]""",1,0,0.0,等待/保持,,RL,,PPO_NEW,B,B|gt_mean=90,0.0,,,,,,,,,,,,,,,,,,,,,,removal,1,PPO_NEW_v3,a:\MYpython\34959_RL\codes\nexus\thesis_matrix_v3_ext\run_20260223_005933_607536_R30_O_10_90_PPO_NEW_S42,O_10_90,42,PPO_NEW,v3,0,0,1,wait,1,0,,,,,,,,,,,low(2-3)
1771781851.57691,implement,receive_reward,0,3000000000014,7,980,980,1,mix_mu_5_40_terminal_dependent,90,B,none,84.0,3.0,"""[3, -1, -1, -1, -1, -1, -1, -1, -1, -1]""",1,0,0.0,等待/保持,,RL,,PPO_NEW,B,B|gt_mean=90,0.0,,,,,,,,,,,,,,,,,,,,,,removal,1,PPO_NEW_v3,a:\MYpython\34959_RL\codes\nexus\thesis_matrix_v3_ext\run_20260223_005933_607536_R30_O_10_90_PPO_NEW_S42,O_10_90,42,PPO_NEW,v3,0,0,1,wait,1,0,,,,,,,,,,,low(2-3)
1771781851.8268013,implement,receive_reward,0,3000000000009,8,980,980,1,mix_mu_5_40_terminal_dependent,90,B,none,134.0,3.0,"""[3, -1, -1, -1, -1, -1, -1, -1, -1, -1]""",1,0,1.0,等待/保持,,RL,,PPO_NEW,B,B|gt_mean=90,0.0,,,,,,,,,,,,,,,,,,,,,,removal,1,PPO_NEW_v3,a:\MYpython\34959_RL\codes\nexus\thesis_matrix_v3_ext\run_20260223_005933_607536_R30_O_10_90_PPO_NEW_S42,O_10_90,42,PPO_NEW,v3,1,0,1,wait,1,0,,,,,,,,,,,low(2-3)
1771781852.124674,implement,receive_reward,0,3000000000007,10,980,980,1,mix_mu_5_40_terminal_dependent,90,B,none,134.0,3.0,"""[3, -1, -1, -1, -1, -1, -1, -1, -1, -1]""",1,0,1.0,等待/保持,,RL,,PPO_NEW,B,B|gt_mean=90,0.0,,,,,,,,,,,,,,,,,,,,,,removal,1,PPO_NEW_v3,a:\MYpython\34959_RL\codes\nexus\thesis_matrix_v3_ext\run_20260223_005933_607536_R30_O_10_90_PPO_NEW_S42,O_10_90,42,PPO_NEW,v3,1,0,1,wait,1,0,,,,,,,,,,,low(2-3)
1771781852.358957,implement,receive_reward,0,3000000000000,11,980,980,1,mix_mu_5_40_terminal_dependent,90,B,none,155.0,3.0,"""[3, -1, -1, -1, -1, -1, -1, -1, -1, -1]""",1,0,1.0,等待/保持,,RL,,PPO_NEW,B,B|gt_mean=90,0.0,,,,,,,,,,,,,,,,,,,,,,removal,1,PPO_NEW_v3,a:\MYpython\34959_RL\codes\nexus\thesis_matrix_v3_ext\run_20260223_005933_607536_R30_O_10_90_PPO_NEW_S42,O_10_90,42,PPO_NEW,v3,1,0,1,wait,1,0,,,,,,,,,,,low(2-3)
1771781852.6103077,implement,receive_reward,0,3000000000028,47,980,980,1,mix_mu_5_40_terminal_dependent,90,B,none,93.0,3.0,"""[3, -1, -1, -1, -1, -1, -1, -1, -1, -1]""",1,0,0.0,等待/保持,,RL,,PPO_NEW,B,B|gt_mean=90,0.0,,,,,,,,,,,,,,,,,,,,,,removal,1,PPO_NEW_v3,a:\MYpython\34959_RL\codes\nexus\thesis_matrix_v3_ext\run_20260223_005933_607536_R30_O_10_90_PPO_NEW_S42,O_10_90,42,PPO_NEW,v3,0,0,1,wait,1,0,,,,,,,,,,,low(2-3)
1771781890.9884782,implement,receive_reward,1,3000000000022,36,980,980,97,mix_mu_5_40_terminal_dependent,90,B,none,34.599999999999994,6.0,"""[1.0, -1, -1, -1, -1, -1, -1, -1, -1, -1]""",97,0,0.0,等待/保持,,RL,,PPO_NEW,B,B|gt_mean=90,0.0,,,,,,,,,,,,,,,,,,,,,,removal,1,PPO_NEW_v3,a:\MYpython\34959_RL\codes\nexus\thesis_matrix_v3_ext\run_20260223_005933_607536_R30_O_10_90_PPO_NEW_S42,O_10_90,42,PPO_NEW,v3,0,0,1,wait,1,0,,,,,,,,,,,high(6+)
1771781891.2465446,implement,receive_reward,1,3000000000019,36,980,980,97,mix_mu_5_40_terminal_dependent,90,B,none,14.599999999999994,6.0,"""[1.0, -1, -1, -1, -1, -1, -1, -1, -1, -1]""",97,0,0.0,等待/保持,,RL,,PPO_NEW,B,B|gt_mean=90,0.0,,,,,,,,,,,,,,,,,,,,,,removal,1,PPO_NEW_v3,a:\MYpython\34959_RL\codes\nexus\thesis_matrix_v3_ext\run_20260223_005933_607536_R30_O_10_90_PPO_NEW_S42,O_10_90,42,PPO_NEW,v3,0,0,1,wait,1,0,,,,,,,,,,,high(6+)
1771781933.5360692,implement,receive_reward,0,3000000000021,70,979,979,2,mix_mu_5_40_terminal_dependent,90,B,none,98.5,6.0,"""[1.0, -1, -1, -1, -1, -1, -1, -1, -1, -1]""",2,0,0.0,等待/保持,,RL,,PPO_NEW,B,B|gt_mean=90,0.0,,,,,,,,,,,,,,,,,,,,,,removal,1,PPO_NEW_v3,a:\MYpython\34959_RL\codes\nexus\thesis_matrix_v3_ext\run_20260223_005933_607536_R30_O_10_90_PPO_NEW_S42,O_10_90,42,PPO_NEW,v3,0,0,1,wait,1,0,,,,,,,,,,,high(6+)
1771781933.7528758,implement,receive_reward,0,3000000000018,71,979,979,2,mix_mu_5_40_terminal_dependent,90,B,none,106.5,6.0,"""[1.0, -1, -1, -1, -1, -1, -1, -1, -1, -1]""",2,0,0.0,等待/保持,,RL,,PPO_NEW,B,B|gt_mean=90,0.0,,,,,,,,,,,,,,,,,,,,,,removal,1,PPO_NEW_v3,a:\MYpython\34959_RL\codes\nexus\thesis_matrix_v3_ext\run_20260223_005933_607536_R30_O_10_90_PPO_NEW_S42,O_10_90,42,PPO_NEW,v3,0,0,1,wait,1,0,,,,,,,,,,,high(6+)
1771781973.104325,implement,receive_reward,1,3000000000005,26,978,978,52,mix_mu_5_40_terminal_dependent,90,B,none,66.5,6.0,"""[5, -1, -1, -1, -1, -1, -1, -1, -1, -1]""",52,0,1.0,等待/保持,,RL,,PPO_NEW,B,B|gt_mean=90,0.0,,,,,,,,,,,,,,,,,,,,,,removal,1,PPO_NEW_v3,a:\MYpython\34959_RL\codes\nexus\thesis_matrix_v3_ext\run_20260223_005933_607536_R30_O_10_90_PPO_NEW_S42,O_10_90,42,PPO_NEW,v3,1,0,1,wait,1,0,,,,,,,,,,,high(6+)
1771781973.3030694,implement,receive_reward,1,3000000000004,26,978,978,52,mix_mu_5_40_terminal_dependent,90,B,none,72.0,6.0,"""[5, -1, -1, -1, -1, -1, -1, -1, -1, -1]""",52,0,0.0,等待/保持,,RL,,PPO_NEW,B,B|gt_mean=90,0.0,,,,,,,,,,,,,,,,,,,,,,removal,1,PPO_NEW_v3,a:\MYpython\34959_RL\codes\nexus\thesis_matrix_v3_ext\run_20260223_005933_607536_R30_O_10_90_PPO_NEW_S42,O_10_90,42,PPO_NEW,v3,0,0,1,wait,1,0,,,,,,,,,,,high(6+)
1771781726.8830938,implement,receive_reward,1,3000000000029,111,984,984,96,mix_mu_5_40_terminal_dependent,90,B,none,62.5,5.0,"""[4.0, -1, -1, -1, -1, -1, -1, -1, -1, -1]""",96,0,0.0,等待/保持,,RL,,PPO_NEW,B,B|gt_mean=90,0.0,,,,,,,,,,,,,,,,,,,,,,removal,1,PPO_NEW_v3,a:\MYpython\34959_RL\codes\nexus\thesis_matrix_v3_ext\run_20260223_005933_607536_R30_O_10_90_PPO_NEW_S42,O_10_90,42,PPO_NEW,v3,0,0,1,wait,1,0,,,,,,,,,,,mid(4-5)
1771781973.80156,implement,receive_reward,1,3000000000022,36,978,978,52,mix_mu_5_40_terminal_dependent,90,B,none,97.1,6.0,"""[5.0, -1, -1, -1, -1, -1, -1, -1, -1, -1]""",52,0,0.0,等待/保持,,RL,,PPO_NEW,B,B|gt_mean=90,0.0,,,,,,,,,,,,,,,,,,,,,,removal,1,PPO_NEW_v3,a:\MYpython\34959_RL\codes\nexus\thesis_matrix_v3_ext\run_20260223_005933_607536_R30_O_10_90_PPO_NEW_S42,O_10_90,42,PPO_NEW,v3,0,0,1,wait,1,0,,,,,,,,,,,high(6+)
1771781726.8540545,implement,receive_reward,1,3000000000006,109,984,984,96,mix_mu_5_40_terminal_dependent,90,B,none,44.19999999999999,5.0,"""[4.0, -1, -1, -1, -1, -1, -1, -1, -1, -1]""",96,0,0.0,等待/保持,,RL,,PPO_NEW,B,B|gt_mean=90,0.0,,,,,,,,,,,,,,,,,,,,,,removal,1,PPO_NEW_v3,a:\MYpython\34959_RL\codes\nexus\thesis_matrix_v3_ext\run_20260223_005933_607536_R30_O_10_90_PPO_NEW_S42,O_10_90,42,PPO_NEW,v3,0,0,1,wait,1,0,,,,,,,,,,,mid(4-5)
1771781682.509542,implement,receive_reward,0,3000000000028,99,984,984,2,mix_mu_5_40_terminal_dependent,90,B,none,92.0,6.0,"""[3.0, -1, -1, -1, -1, -1, -1, -1, -1, -1]""",2,0,1.0,等待/保持,,RL,,PPO_NEW,B,B|gt_mean=90,0.0,,,,,,,,,,,,,,,,,,,,,,removal,1,PPO_NEW_v3,a:\MYpython\34959_RL\codes\nexus\thesis_matrix_v3_ext\run_20260223_005933_607536_R30_O_10_90_PPO_NEW_S42,O_10_90,42,PPO_NEW,v3,1,0,1,wait,1,0,,,,,,,,,,,high(6+)
1771781478.7713885,implement,receive_reward,0,3000000000005,26,989,989,1,mix_mu_5_40_terminal_dependent,90,B,none,117.5,6.0,"""[5, -1, -1, -1, -1, -1, -1, -1, -1, -1]""",1,0,1.0,等待/保持,,RL,,PPO_NEW,B,B|gt_mean=90,0.0,,,,,,,,,,,,,,,,,,,,,,removal,1,PPO_NEW_v3,a:\MYpython\34959_RL\codes\nexus\thesis_matrix_v3_ext\run_20260223_005933_607536_R30_O_10_90_PPO_NEW_S42,O_10_90,42,PPO_NEW,v3,1,0,1,wait,1,0,,,,,,,,,,,high(6+)
1771781478.7738063,implement,receive_reward,0,3000000000004,26,989,989,1,mix_mu_5_40_terminal_dependent,90,B,none,123.0,6.0,"""[5, -1, -1, -1, -1, -1, -1, -1, -1, -1]""",1,0,1.0,等待/保持,,RL,,PPO_NEW,B,B|gt_mean=90,0.0,,,,,,,,,,,,,,,,,,,,,,removal,1,PPO_NEW_v3,a:\MYpython\34959_RL\codes\nexus\thesis_matrix_v3_ext\run_20260223_005933_607536_R30_O_10_90_PPO_NEW_S42,O_10_90,42,PPO_NEW,v3,1,0,1,wait,1,0,,,,,,,,,,,high(6+)
1771781478.7787051,implement,receive_reward,0,3000000000019,36,989,989,1,mix_mu_5_40_terminal_dependent,90,B,none,128.1,6.0,"""[5.0, -1, -1, -1, -1, -1, -1, -1, -1, -1]""",1,0,1.0,等待/保持,,RL,,PPO_NEW,B,B|gt_mean=90,0.0,,,,,,,,,,,,,,,,,,,,,,removal,1,PPO_NEW_v3,a:\MYpython\34959_RL\codes\nexus\thesis_matrix_v3_ext\run_20260223_005933_607536_R30_O_10_90_PPO_NEW_S42,O_10_90,42,PPO_NEW,v3,1,0,1,wait,1,0,,,,,,,,,,,high(6+)
1771781478.8001413,implement,receive_reward,0,3000000000022,36,989,989,1,mix_mu_5_40_terminal_dependent,90,B,none,148.1,6.0,"""[5.0, -1, -1, -1, -1, -1, -1, -1, -1, -1]""",1,0,1.0,等待/保持,,RL,,PPO_NEW,B,B|gt_mean=90,0.0,,,,,,,,,,,,,,,,,,,,,,removal,1,PPO_NEW_v3,a:\MYpython\34959_RL\codes\nexus\thesis_matrix_v3_ext\run_20260223_005933_607536_R30_O_10_90_PPO_NEW_S42,O_10_90,42,PPO_NEW,v3,1,0,1,wait,1,0,,,,,,,,,,,high(6+)
1771781479.0202358,implement,receive_reward,0,3000000000026,44,989,989,1,mix_mu_5_40_terminal_dependent,90,B,none,82.0,6.0,"""[5.0, -1, -1, -1, -1, -1, -1, -1, -1, -1]""",1,0,0.0,等待/保持,,RL,,PPO_NEW,B,B|gt_mean=90,0.0,,,,,,,,,,,,,,,,,,,,,,removal,1,PPO_NEW_v3,a:\MYpython\34959_RL\codes\nexus\thesis_matrix_v3_ext\run_20260223_005933_607536_R30_O_10_90_PPO_NEW_S42,O_10_90,42,PPO_NEW,v3,0,0,1,wait,1,0,,,,,,,,,,,high(6+)
1771781479.173323,implement,receive_reward,0,3000000000028,47,989,989,1,mix_mu_5_40_terminal_dependent,90,B,none,106.0,6.0,"""[5, -1, -1, -1, -1, -1, -1, -1, -1, -1]""",1,0,1.0,等待/保持,,RL,,PPO_NEW,B,B|gt_mean=90,0.0,,,,,,,,,,,,,,,,,,,,,,removal,1,PPO_NEW_v3,a:\MYpython\34959_RL\codes\nexus\thesis_matrix_v3_ext\run_20260223_005933_607536_R30_O_10_90_PPO_NEW_S42,O_10_90,42,PPO_NEW,v3,1,0,1,wait,1,0,,,,,,,,,,,high(6+)
1771781479.1789088,implement,receive_reward,1,3000000000005,113,989,989,104,mix_mu_5_40_terminal_dependent,90,B,none,16.0,6.0,"""[7.0, -1, -1, -1, -1, -1, -1, -1, -1, -1]""",104,0,0.0,等待/保持,,RL,,PPO_NEW,B,B|gt_mean=90,0.0,,,,,,,,,,,,,,,,,,,,,,removal,1,PPO_NEW_v3,a:\MYpython\34959_RL\codes\nexus\thesis_matrix_v3_ext\run_20260223_005933_607536_R30_O_10_90_PPO_NEW_S42,O_10_90,42,PPO_NEW,v3,0,0,1,wait,1,0,,,,,,,,,,,high(6+)
1771781555.6927738,implement,receive_reward,0,3000000000018,71,988,988,2,mix_mu_5_40_terminal_dependent,90,B,none,123.0,6.0,"""[9.0, -1, -1, -1, -1, -1, -1, -1, -1, -1]""",2,0,1.0,等待/保持,,RL,,PPO_NEW,B,B|gt_mean=90,0.0,,,,,,,,,,,,,,,,,,,,,,removal,1,PPO_NEW_v3,a:\MYpython\34959_RL\codes\nexus\thesis_matrix_v3_ext\run_20260223_005933_607536_R30_O_10_90_PPO_NEW_S42,O_10_90,42,PPO_NEW,v3,1,0,1,wait,1,0,,,,,,,,,,,high(6+)
1771781555.9332108,implement,receive_reward,0,3000000000024,79,988,988,2,mix_mu_5_40_terminal_dependent,90,B,none,154.0,6.0,"""[9, -1, -1, -1, -1, -1, -1, -1, -1, -1]""",2,0,1.0,等待/保持,,RL,,PPO_NEW,B,B|gt_mean=90,0.0,,,,,,,,,,,,,,,,,,,,,,removal,1,PPO_NEW_v3,a:\MYpython\34959_RL\codes\nexus\thesis_matrix_v3_ext\run_20260223_005933_607536_R30_O_10_90_PPO_NEW_S42,O_10_90,42,PPO_NEW,v3,1,0,1,wait,1,0,,,,,,,,,,,high(6+)
1771781559.492057,implement,receive_reward,0,3000000000016,82,987,987,4,mix_mu_5_40_terminal_dependent,90,B,none,72.28,6.0,"""[0.0, -1, -1, -1, -1, -1, -1, -1, -1, -1]""",4,0,0.0,等待/保持,,RL,,PPO_NEW,B,B|gt_mean=90,0.0,,,,,,,,,,,,,,,,,,,,,,removal,1,PPO_NEW_v3,a:\MYpython\34959_RL\codes\nexus\thesis_matrix_v3_ext\run_20260223_005933_607536_R30_O_10_90_PPO_NEW_S42,O_10_90,42,PPO_NEW,v3,0,0,1,wait,1,0,,,,,,,,,,,high(6+)
1771781559.7434564,implement,receive_reward,0,3000000000015,83,987,987,4,mix_mu_5_40_terminal_dependent,90,B,none,150.5,6.0,"""[0.0, -1, -1, -1, -1, -1, -1, -1, -1, -1]""",4,0,1.0,等待/保持,,RL,,PPO_NEW,B,B|gt_mean=90,0.0,,,,,,,,,,,,,,,,,,,,,,removal,1,PPO_NEW_v3,a:\MYpython\34959_RL\codes\nexus\thesis_matrix_v3_ext\run_20260223_005933_607536_R30_O_10_90_PPO_NEW_S42,O_10_90,42,PPO_NEW,v3,1,0,1,wait,1,0,,,,,,,,,,,high(6+)
1771781559.991386,implement,receive_reward,0,3000000000012,90,987,987,4,mix_mu_5_40_terminal_dependent,90,B,none,66.0,6.0,"""[0, -1, -1, -1, -1, -1, -1, -1, -1, -1]""",4,0,0.0,等待/保持,,RL,,PPO_NEW,B,B|gt_mean=90,0.0,,,,,,,,,,,,,,,,,,,,,,removal,1,PPO_NEW_v3,a:\MYpython\34959_RL\codes\nexus\thesis_matrix_v3_ext\run_20260223_005933_607536_R30_O_10_90_PPO_NEW_S42,O_10_90,42,PPO_NEW,v3,0,0,1,wait,1,0,,,,,,,,,,,high(6+)
1771781599.9095955,implement,receive_reward,1,3000000000029,111,987,987,120,mix_mu_5_40_terminal_dependent,90,B,none,40.0,5.0,"""[8.0, -1, -1, -1, -1, -1, -1, -1, -1, -1]""",120,1,1.0,重新规划,,RL,,PPO_NEW,B,B|gt_mean=90,0.0,,,,,,,,,,,,,,,,,,,,,,removal,1,PPO_NEW_v3,a:\MYpython\34959_RL\codes\nexus\thesis_matrix_v3_ext\run_20260223_005933_607536_R30_O_10_90_PPO_NEW_S42,O_10_90,42,PPO_NEW,v3,1,1,0,remove,0,1,,,,,,,,,,,mid(4-5)
1771781599.9907684,implement,receive_reward,1,3000000000019,114,987,987,120,mix_mu_5_40_terminal_dependent,90,B,none,11.0,5.0,"""[8.0, -1, -1, -1, -1, -1, -1, -1, -1, -1]""",120,0,0.0,等待/保持,,RL,,PPO_NEW,B,B|gt_mean=90,0.0,,,,,,,,,,,,,,,,,,,,,,removal,1,PPO_NEW_v3,a:\MYpython\34959_RL\codes\nexus\thesis_matrix_v3_ext\run_20260223_005933_607536_R30_O_10_90_PPO_NEW_S42,O_10_90,42,PPO_NEW,v3,0,0,1,wait,1,0,,,,,,,,,,,mid(4-5)
1771781599.9962776,implement,receive_reward,1,3000000000022,114,987,987,120,mix_mu_5_40_terminal_dependent,90,B,none,31.0,5.0,"""[8.0, -1, -1, -1, -1, -1, -1, -1, -1, -1]""",120,0,0.0,等待/保持,,RL,,PPO_NEW,B,B|gt_mean=90,0.0,,,,,,,,,,,,,,,,,,,,,,removal,1,PPO_NEW_v3,a:\MYpython\34959_RL\codes\nexus\thesis_matrix_v3_ext\run_20260223_005933_607536_R30_O_10_90_PPO_NEW_S42,O_10_90,42,PPO_NEW,v3,0,0,1,wait,1,0,,,,,,,,,,,mid(4-5)
1771781600.005787,implement,receive_reward,0,3000000000016,38,986,986,2,mix_mu_5_40_terminal_dependent,90,B,none,93.0,5.0,"""[7.0, -1, -1, -1, -1, -1, -1, -1, -1, -1]""",2,0,0.0,等待/保持,,RL,,PPO_NEW,B,B|gt_mean=90,0.0,,,,,,,,,,,,,,,,,,,,,,removal,1,PPO_NEW_v3,a:\MYpython\34959_RL\codes\nexus\thesis_matrix_v3_ext\run_20260223_005933_607536_R30_O_10_90_PPO_NEW_S42,O_10_90,42,PPO_NEW,v3,0,0,1,wait,1,0,,,,,,,,,,,mid(4-5)
1771781678.368522,implement,receive_reward,1,3000000000006,109,986,986,99,mix_mu_5_40_terminal_dependent,90,B,none,42.0,5.0,"""[5.0, -1, -1, -1, -1, -1, -1, -1, -1, -1]""",99,0,0.0,等待/保持,,RL,,PPO_NEW,B,B|gt_mean=90,0.0,,,,,,,,,,,,,,,,,,,,,,removal,1,PPO_NEW_v3,a:\MYpython\34959_RL\codes\nexus\thesis_matrix_v3_ext\run_20260223_005933_607536_R30_O_10_90_PPO_NEW_S42,O_10_90,42,PPO_NEW,v3,0,0,1,wait,1,0,,,,,,,,,,,mid(4-5)
1771781678.6719525,implement,receive_reward,1,3000000000005,113,986,986,99,mix_mu_5_40_terminal_dependent,90,B,none,20.5,5.0,"""[5.0, -1, -1, -1, -1, -1, -1, -1, -1, -1]""",99,0,0.0,等待/保持,,RL,,PPO_NEW,B,B|gt_mean=90,0.0,,,,,,,,,,,,,,,,,,,,,,removal,1,PPO_NEW_v3,a:\MYpython\34959_RL\codes\nexus\thesis_matrix_v3_ext\run_20260223_005933_607536_R30_O_10_90_PPO_NEW_S42,O_10_90,42,PPO_NEW,v3,0,0,1,wait,1,0,,,,,,,,,,,mid(4-5)
1771781678.7155316,implement,receive_reward,1,3000000000022,114,986,986,99,mix_mu_5_40_terminal_dependent,90,B,none,51.099999999999994,5.0,"""[5.0, -1, -1, -1, -1, -1, -1, -1, -1, -1]""",99,0,0.0,等待/保持,,RL,,PPO_NEW,B,B|gt_mean=90,0.0,,,,,,,,,,,,,,,,,,,,,,removal,1,PPO_NEW_v3,a:\MYpython\34959_RL\codes\nexus\thesis_matrix_v3_ext\run_20260223_005933_607536_R30_O_10_90_PPO_NEW_S42,O_10_90,42,PPO_NEW,v3,0,0,1,wait,1,0,,,,,,,,,,,mid(4-5)
1771781678.9527605,implement,receive_reward,1,3000000000019,114,986,986,99,mix_mu_5_40_terminal_dependent,90,B,none,31.099999999999994,5.0,"""[5.0, -1, -1, -1, -1, -1, -1, -1, -1, -1]""",99,0,0.0,等待/保持,,RL,,PPO_NEW,B,B|gt_mean=90,0.0,,,,,,,,,,,,,,,,,,,,,,removal,1,PPO_NEW_v3,a:\MYpython\34959_RL\codes\nexus\thesis_matrix_v3_ext\run_20260223_005933_607536_R30_O_10_90_PPO_NEW_S42,O_10_90,42,PPO_NEW,v3,0,0,1,wait,1,0,,,,,,,,,,,mid(4-5)
1771781682.2201207,implement,receive_reward,0,3000000000023,92,984,984,2,mix_mu_5_40_terminal_dependent,90,B,none,56.0,6.0,"""[3.0, -1, -1, -1, -1, -1, -1, -1, -1, -1]""",2,0,0.0,等待/保持,,RL,,PPO_NEW,B,B|gt_mean=90,0.0,,,,,,,,,,,,,,,,,,,,,,removal,1,PPO_NEW_v3,a:\MYpython\34959_RL\codes\nexus\thesis_matrix_v3_ext\run_20260223_005933_607536_R30_O_10_90_PPO_NEW_S42,O_10_90,42,PPO_NEW,v3,0,0,1,wait,1,0,,,,,,,,,,,high(6+)
1771781726.4924583,implement,receive_reward,1,3000000000024,100,984,984,96,mix_mu_5_40_terminal_dependent,90,B,none,48.0,5.0,"""[4.0, -1, -1, -1, -1, -1, -1, -1, -1, -1]""",96,0,0.0,等待/保持,,RL,,PPO_NEW,B,B|gt_mean=90,0.0,,,,,,,,,,,,,,,,,,,,,,removal,1,PPO_NEW_v3,a:\MYpython\34959_RL\codes\nexus\thesis_matrix_v3_ext\run_20260223_005933_607536_R30_O_10_90_PPO_NEW_S42,O_10_90,42,PPO_NEW,v3,0,0,1,wait,1,0,,,,,,,,,,,mid(4-5)
1771783132.798469,implement,receive_reward,0,3000000000012,90,949,949,1,mix_mu_5_40_terminal_dependent,90,B,none,69.0,3.0,"""[0, -1, -1, -1, -1, -1, -1, -1, -1, -1]""",1,0,1.0,等待/保持,,RL,,PPO_NEW,B,B|gt_mean=90,0.0,,,,,,,,,,,,,,,,,,,,,,removal,1,PPO_NEW_v3,a:\MYpython\34959_RL\codes\nexus\thesis_matrix_v3_ext\run_20260223_005933_607536_R30_O_10_90_PPO_NEW_S42,O_10_90,42,PPO_NEW,v3,1,0,1,wait,1,0,,,,,,,,,,,low(2-3)
1771797816.1224282,implement,receive_reward,1,3000000000019,36,998,998,75,mix_mu_5_40_terminal_dependent,90,B,none,36.599999999999994,6.0,"""[1.0, -1, -1, -1, -1, -1, -1, -1, -1, -1]""",75,0,0.0,等待/保持,,RL,,PPO_NEW,B,B|gt_mean=90,0.0,,,,,,,,,,,,,,,,,,,,,,removal,1,PPO_NEW_v3_1,a:\MYpython\34959_RL\codes\nexus\thesis_gapfill_patch\run_20260223_053657_571360_R30_O_10_90_PPO_NEW_S42,O_10_90,42,PPO_NEW,v3.1,0,0,1,wait,1,0,,,,,,,,,,,high(6+)
1771797773.7852876,implement,receive_reward,1,3000000000024,79,999,999,104,mix_mu_5_40_terminal_dependent,90,B,none,40.0,4.0,"""[4, -1, -1, -1, -1, -1, -1, -1, -1, -1]""",104,0,0.0,等待/保持,,RL,,PPO_NEW,B,B|gt_mean=90,0.0,,,,,,,,,,,,,,,,,,,,,,removal,1,PPO_NEW_v3_1,a:\MYpython\34959_RL\codes\nexus\thesis_gapfill_patch\run_20260223_053657_571360_R30_O_10_90_PPO_NEW_S42,O_10_90,42,PPO_NEW,v3.1,0,0,1,wait,1,0,,,,,,,,,,,mid(4-5)
1771798398.7768514,implement,receive_reward,0,3000000000028,99,984,984,2,mix_mu_5_40_terminal_dependent,90,B,none,92.0,6.0,"""[3.0, -1, -1, -1, -1, -1, -1, -1, -1, -1]""",2,0,1.0,等待/保持,,RL,,PPO_NEW,B,B|gt_mean=90,0.0,,,,,,,,,,,,,,,,,,,,,,removal,1,PPO_NEW_v3_1,a:\MYpython\34959_RL\codes\nexus\thesis_gapfill_patch\run_20260223_053657_571360_R30_O_10_90_PPO_NEW_S42,O_10_90,42,PPO_NEW,v3.1,1,0,1,wait,1,0,,,,,,,,,,,high(6+)
1771798398.6691577,implement,receive_reward,0,3000000000023,92,984,984,2,mix_mu_5_40_terminal_dependent,90,B,none,56.0,6.0,"""[3.0, -1, -1, -1, -1, -1, -1, -1, -1, -1]""",2,0,0.0,等待/保持,,RL,,PPO_NEW,B,B|gt_mean=90,0.0,,,,,,,,,,,,,,,,,,,,,,removal,1,PPO_NEW_v3_1,a:\MYpython\34959_RL\codes\nexus\thesis_gapfill_patch\run_20260223_053657_571360_R30_O_10_90_PPO_NEW_S42,O_10_90,42,PPO_NEW,v3.1,0,0,1,wait,1,0,,,,,,,,,,,high(6+)
1771798396.4247131,implement,receive_reward,1,3000000000019,114,986,986,99,mix_mu_5_40_terminal_dependent,90,B,none,31.099999999999994,5.0,"""[5.0, -1, -1, -1, -1, -1, -1, -1, -1, -1]""",99,0,0.0,等待/保持,,RL,,PPO_NEW,B,B|gt_mean=90,0.0,,,,,,,,,,,,,,,,,,,,,,removal,1,PPO_NEW_v3_1,a:\MYpython\34959_RL\codes\nexus\thesis_gapfill_patch\run_20260223_053657_571360_R30_O_10_90_PPO_NEW_S42,O_10_90,42,PPO_NEW,v3.1,0,0,1,wait,1,0,,,,,,,,,,,mid(4-5)
1771798396.3494644,implement,receive_reward,1,3000000000022,114,986,986,99,mix_mu_5_40_terminal_dependent,90,B,none,51.099999999999994,5.0,"""[5.0, -1, -1, -1, -1, -1, -1, -1, -1, -1]""",99,0,0.0,等待/保持,,RL,,PPO_NEW,B,B|gt_mean=90,0.0,,,,,,,,,,,,,,,,,,,,,,removal,1,PPO_NEW_v3_1,a:\MYpython\34959_RL\codes\nexus\thesis_gapfill_patch\run_20260223_053657_571360_R30_O_10_90_PPO_NEW_S42,O_10_90,42,PPO_NEW,v3.1,0,0,1,wait,1,0,,,,,,,,,,,mid(4-5)
1771798396.3359475,implement,receive_reward,1,3000000000005,113,986,986,99,mix_mu_5_40_terminal_dependent,90,B,none,20.5,5.0,"""[5.0, -1, -1, -1, -1, -1, -1, -1, -1, -1]""",99,0,0.0,等待/保持,,RL,,PPO_NEW,B,B|gt_mean=90,0.0,,,,,,,,,,,,,,,,,,,,,,removal,1,PPO_NEW_v3_1,a:\MYpython\34959_RL\codes\nexus\thesis_gapfill_patch\run_20260223_053657_571360_R30_O_10_90_PPO_NEW_S42,O_10_90,42,PPO_NEW,v3.1,0,0,1,wait,1,0,,,,,,,,,,,mid(4-5)
1771798396.333949,implement,receive_reward,1,3000000000006,109,986,986,99,mix_mu_5_40_terminal_dependent,90,B,none,42.0,5.0,"""[5.0, -1, -1, -1, -1, -1, -1, -1, -1, -1]""",99,0,0.0,等待/保持,,RL,,PPO_NEW,B,B|gt_mean=90,0.0,,,,,,,,,,,,,,,,,,,,,,removal,1,PPO_NEW_v3_1,a:\MYpython\34959_RL\codes\nexus\thesis_gapfill_patch\run_20260223_053657_571360_R30_O_10_90_PPO_NEW_S42,O_10_90,42,PPO_NEW,v3.1,0,0,1,wait,1,0,,,,,,,,,,,mid(4-5)
1771798310.621172,implement,receive_reward,0,3000000000016,38,986,986,2,mix_mu_5_40_terminal_dependent,90,B,none,93.0,5.0,"""[7.0, -1, -1, -1, -1, -1, -1, -1, -1, -1]""",2,0,0.0,等待/保持,,RL,,PPO_NEW,B,B|gt_mean=90,0.0,,,,,,,,,,,,,,,,,,,,,,removal,1,PPO_NEW_v3_1,a:\MYpython\34959_RL\codes\nexus\thesis_gapfill_patch\run_20260223_053657_571360_R30_O_10_90_PPO_NEW_S42,O_10_90,42,PPO_NEW,v3.1,0,0,1,wait,1,0,,,,,,,,,,,mid(4-5)
1771798308.5086744,implement,receive_reward,1,3000000000022,114,987,987,120,mix_mu_5_40_terminal_dependent,90,B,none,31.0,5.0,"""[8.0, -1, -1, -1, -1, -1, -1, -1, -1, -1]""",120,0,0.0,等待/保持,,RL,,PPO_NEW,B,B|gt_mean=90,0.0,,,,,,,,,,,,,,,,,,,,,,removal,1,PPO_NEW_v3_1,a:\MYpython\34959_RL\codes\nexus\thesis_gapfill_patch\run_20260223_053657_571360_R30_O_10_90_PPO_NEW_S42,O_10_90,42,PPO_NEW,v3.1,0,0,1,wait,1,0,,,,,,,,,,,mid(4-5)
1771798308.4460924,implement,receive_reward,1,3000000000019,114,987,987,120,mix_mu_5_40_terminal_dependent,90,B,none,11.0,5.0,"""[8.0, -1, -1, -1, -1, -1, -1, -1, -1, -1]""",120,0,0.0,等待/保持,,RL,,PPO_NEW,B,B|gt_mean=90,0.0,,,,,,,,,,,,,,,,,,,,,,removal,1,PPO_NEW_v3_1,a:\MYpython\34959_RL\codes\nexus\thesis_gapfill_patch\run_20260223_053657_571360_R30_O_10_90_PPO_NEW_S42,O_10_90,42,PPO_NEW,v3.1,0,0,1,wait,1,0,,,,,,,,,,,mid(4-5)
1771798442.2656796,implement,receive_reward,1,3000000000024,100,984,984,96,mix_mu_5_40_terminal_dependent,90,B,none,48.0,5.0,"""[4.0, -1, -1, -1, -1, -1, -1, -1, -1, -1]""",96,0,0.0,等待/保持,,RL,,PPO_NEW,B,B|gt_mean=90,0.0,,,,,,,,,,,,,,,,,,,,,,removal,1,PPO_NEW_v3_1,a:\MYpython\34959_RL\codes\nexus\thesis_gapfill_patch\run_20260223_053657_571360_R30_O_10_90_PPO_NEW_S42,O_10_90,42,PPO_NEW,v3.1,0,0,1,wait,1,0,,,,,,,,,,,mid(4-5)
1771798308.4123988,implement,receive_reward,1,3000000000029,111,987,987,120,mix_mu_5_40_terminal_dependent,90,B,none,40.0,5.0,"""[8.0, -1, -1, -1, -1, -1, -1, -1, -1, -1]""",120,1,1.0,重新规划,,RL,,PPO_NEW,B,B|gt_mean=90,0.0,,,,,,,,,,,,,,,,,,,,,,removal,1,PPO_NEW_v3_1,a:\MYpython\34959_RL\codes\nexus\thesis_gapfill_patch\run_20260223_053657_571360_R30_O_10_90_PPO_NEW_S42,O_10_90,42,PPO_NEW,v3.1,1,1,0,remove,0,1,,,,,,,,,,,mid(4-5)
1771798266.77374,implement,receive_reward,0,3000000000015,83,987,987,4,mix_mu_5_40_terminal_dependent,90,B,none,150.5,6.0,"""[0.0, -1, -1, -1, -1, -1, -1, -1, -1, -1]""",4,0,1.0,等待/保持,,RL,,PPO_NEW,B,B|gt_mean=90,0.0,,,,,,,,,,,,,,,,,,,,,,removal,1,PPO_NEW_v3_1,a:\MYpython\34959_RL\codes\nexus\thesis_gapfill_patch\run_20260223_053657_571360_R30_O_10_90_PPO_NEW_S42,O_10_90,42,PPO_NEW,v3.1,1,0,1,wait,1,0,,,,,,,,,,,high(6+)
1771798266.7717388,implement,receive_reward,0,3000000000016,82,987,987,4,mix_mu_5_40_terminal_dependent,90,B,none,72.28,6.0,"""[0.0, -1, -1, -1, -1, -1, -1, -1, -1, -1]""",4,0,0.0,等待/保持,,RL,,PPO_NEW,B,B|gt_mean=90,0.0,,,,,,,,,,,,,,,,,,,,,,removal,1,PPO_NEW_v3_1,a:\MYpython\34959_RL\codes\nexus\thesis_gapfill_patch\run_20260223_053657_571360_R30_O_10_90_PPO_NEW_S42,O_10_90,42,PPO_NEW,v3.1,0,0,1,wait,1,0,,,,,,,,,,,high(6+)
1771798261.2902505,implement,receive_reward,0,3000000000024,79,988,988,2,mix_mu_5_40_terminal_dependent,90,B,none,154.0,6.0,"""[9, -1, -1, -1, -1, -1, -1, -1, -1, -1]""",2,0,1.0,等待/保持,,RL,,PPO_NEW,B,B|gt_mean=90,0.0,,,,,,,,,,,,,,,,,,,,,,removal,1,PPO_NEW_v3_1,a:\MYpython\34959_RL\codes\nexus\thesis_gapfill_patch\run_20260223_053657_571360_R30_O_10_90_PPO_NEW_S42,O_10_90,42,PPO_NEW,v3.1,1,0,1,wait,1,0,,,,,,,,,,,high(6+)
1771798261.2346783,implement,receive_reward,0,3000000000018,71,988,988,2,mix_mu_5_40_terminal_dependent,90,B,none,123.0,6.0,"""[9.0, -1, -1, -1, -1, -1, -1, -1, -1, -1]""",2,0,1.0,等待/保持,,RL,,PPO_NEW,B,B|gt_mean=90,0.0,,,,,,,,,,,,,,,,,,,,,,removal,1,PPO_NEW_v3_1,a:\MYpython\34959_RL\codes\nexus\thesis_gapfill_patch\run_20260223_053657_571360_R30_O_10_90_PPO_NEW_S42,O_10_90,42,PPO_NEW,v3.1,1,0,1,wait,1,0,,,,,,,,,,,high(6+)
1771798177.1128387,implement,receive_reward,1,3000000000005,113,989,989,104,mix_mu_5_40_terminal_dependent,90,B,none,16.0,6.0,"""[7.0, -1, -1, -1, -1, -1, -1, -1, -1, -1]""",104,0,0.0,等待/保持,,RL,,PPO_NEW,B,B|gt_mean=90,0.0,,,,,,,,,,,,,,,,,,,,,,removal,1,PPO_NEW_v3_1,a:\MYpython\34959_RL\codes\nexus\thesis_gapfill_patch\run_20260223_053657_571360_R30_O_10_90_PPO_NEW_S42,O_10_90,42,PPO_NEW,v3.1,0,0,1,wait,1,0,,,,,,,,,,,high(6+)
1771798177.1098382,implement,receive_reward,0,3000000000028,47,989,989,1,mix_mu_5_40_terminal_dependent,90,B,none,106.0,6.0,"""[5, -1, -1, -1, -1, -1, -1, -1, -1, -1]""",1,0,1.0,等待/保持,,RL,,PPO_NEW,B,B|gt_mean=90,0.0,,,,,,,,,,,,,,,,,,,,,,removal,1,PPO_NEW_v3_1,a:\MYpython\34959_RL\codes\nexus\thesis_gapfill_patch\run_20260223_053657_571360_R30_O_10_90_PPO_NEW_S42,O_10_90,42,PPO_NEW,v3.1,1,0,1,wait,1,0,,,,,,,,,,,high(6+)
1771798177.1088333,implement,receive_reward,0,3000000000026,44,989,989,1,mix_mu_5_40_terminal_dependent,90,B,none,82.0,6.0,"""[5.0, -1, -1, -1, -1, -1, -1, -1, -1, -1]""",1,0,0.0,等待/保持,,RL,,PPO_NEW,B,B|gt_mean=90,0.0,,,,,,,,,,,,,,,,,,,,,,removal,1,PPO_NEW_v3_1,a:\MYpython\34959_RL\codes\nexus\thesis_gapfill_patch\run_20260223_053657_571360_R30_O_10_90_PPO_NEW_S42,O_10_90,42,PPO_NEW,v3.1,0,0,1,wait,1,0,,,,,,,,,,,high(6+)
1771798177.1073244,implement,receive_reward,0,3000000000022,36,989,989,1,mix_mu_5_40_terminal_dependent,90,B,none,148.1,6.0,"""[5.0, -1, -1, -1, -1, -1, -1, -1, -1, -1]""",1,0,1.0,等待/保持,,RL,,PPO_NEW,B,B|gt_mean=90,0.0,,,,,,,,,,,,,,,,,,,,,,removal,1,PPO_NEW_v3_1,a:\MYpython\34959_RL\codes\nexus\thesis_gapfill_patch\run_20260223_053657_571360_R30_O_10_90_PPO_NEW_S42,O_10_90,42,PPO_NEW,v3.1,1,0,1,wait,1,0,,,,,,,,,,,high(6+)
1771798177.1053245,implement,receive_reward,0,3000000000019,36,989,989,1,mix_mu_5_40_terminal_dependent,90,B,none,128.1,6.0,"""[5.0, -1, -1, -1, -1, -1, -1, -1, -1, -1]""",1,0,1.0,等待/保持,,RL,,PPO_NEW,B,B|gt_mean=90,0.0,,,,,,,,,,,,,,,,,,,,,,removal,1,PPO_NEW_v3_1,a:\MYpython\34959_RL\codes\nexus\thesis_gapfill_patch\run_20260223_053657_571360_R30_O_10_90_PPO_NEW_S42,O_10_90,42,PPO_NEW,v3.1,1,0,1,wait,1,0,,,,,,,,,,,high(6+)
1771798266.7757394,implement,receive_reward,0,3000000000012,90,987,987,4,mix_mu_5_40_terminal_dependent,90,B,none,66.0,6.0,"""[0, -1, -1, -1, -1, -1, -1, -1, -1, -1]""",4,0,0.0,等待/保持,,RL,,PPO_NEW,B,B|gt_mean=90,0.0,,,,,,,,,,,,,,,,,,,,,,removal,1,PPO_NEW_v3_1,a:\MYpython\34959_RL\codes\nexus\thesis_gapfill_patch\run_20260223_053657_571360_R30_O_10_90_PPO_NEW_S42,O_10_90,42,PPO_NEW,v3.1,0,0,1,wait,1,0,,,,,,,,,,,high(6+)
1771798442.2837062,implement,receive_reward,1,3000000000006,109,984,984,96,mix_mu_5_40_terminal_dependent,90,B,none,44.19999999999999,5.0,"""[4.0, -1, -1, -1, -1, -1, -1, -1, -1, -1]""",96,0,0.0,等待/保持,,RL,,PPO_NEW,B,B|gt_mean=90,0.0,,,,,,,,,,,,,,,,,,,,,,removal,1,PPO_NEW_v3_1,a:\MYpython\34959_RL\codes\nexus\thesis_gapfill_patch\run_20260223_053657_571360_R30_O_10_90_PPO_NEW_S42,O_10_90,42,PPO_NEW,v3.1,0,0,1,wait,1,0,,,,,,,,,,,mid(4-5)
1771798442.3062372,implement,receive_reward,1,3000000000029,111,984,984,96,mix_mu_5_40_terminal_dependent,90,B,none,62.5,5.0,"""[4.0, -1, -1, -1, -1, -1, -1, -1, -1, -1]""",96,0,0.0,等待/保持,,RL,,PPO_NEW,B,B|gt_mean=90,0.0,,,,,,,,,,,,,,,,,,,,,,removal,1,PPO_NEW_v3_1,a:\MYpython\34959_RL\codes\nexus\thesis_gapfill_patch\run_20260223_053657_571360_R30_O_10_90_PPO_NEW_S42,O_10_90,42,PPO_NEW,v3.1,0,0,1,wait,1,0,,,,,,,,,,,mid(4-5)
1771798482.7382877,implement,receive_reward,1,3000000000001,60,983,983,101,mix_mu_5_40_terminal_dependent,90,B,none,56.0,3.0,"""[5, -1, -1, -1, -1, -1, -1, -1, -1, -1]""",101,0,0.0,等待/保持,,RL,,PPO_NEW,B,B|gt_mean=90,0.0,,,,,,,,,,,,,,,,,,,,,,removal,1,PPO_NEW_v3_1,a:\MYpython\34959_RL\codes\nexus\thesis_gapfill_patch\run_20260223_053657_571360_R30_O_10_90_PPO_NEW_S42,O_10_90,42,PPO_NEW,v3.1,0,0,1,wait,1,0,,,,,,,,,,,low(2-3)
1771798726.1355276,implement,receive_reward,1,3000000000019,36,978,978,52,mix_mu_5_40_terminal_dependent,90,B,none,77.1,6.0,"""[5.0, -1, -1, -1, -1, -1, -1, -1, -1, -1]""",52,0,0.0,等待/保持,,RL,,PPO_NEW,B,B|gt_mean=90,0.0,,,,,,,,,,,,,,,,,,,,,,removal,1,PPO_NEW_v3_1,a:\MYpython\34959_RL\codes\nexus\thesis_gapfill_patch\run_20260223_053657_571360_R30_O_10_90_PPO_NEW_S42,O_10_90,42,PPO_NEW,v3.1,0,0,1,wait,1,0,,,,,,,,,,,high(6+)
1771798725.9157972,implement,receive_reward,1,3000000000004,26,978,978,52,mix_mu_5_40_terminal_dependent,90,B,none,72.0,6.0,"""[5, -1, -1, -1, -1, -1, -1, -1, -1, -1]""",52,0,0.0,等待/保持,,RL,,PPO_NEW,B,B|gt_mean=90,0.0,,,,,,,,,,,,,,,,,,,,,,removal,1,PPO_NEW_v3_1,a:\MYpython\34959_RL\codes\nexus\thesis_gapfill_patch\run_20260223_053657_571360_R30_O_10_90_PPO_NEW_S42,O_10_90,42,PPO_NEW,v3.1,0,0,1,wait,1,0,,,,,,,,,,,high(6+)
1771798725.7502863,implement,receive_reward,1,3000000000005,26,978,978,52,mix_mu_5_40_terminal_dependent,90,B,none,66.5,6.0,"""[5, -1, -1, -1, -1, -1, -1, -1, -1, -1]""",52,0,1.0,等待/保持,,RL,,PPO_NEW,B,B|gt_mean=90,0.0,,,,,,,,,,,,,,,,,,,,,,removal,1,PPO_NEW_v3_1,a:\MYpython\34959_RL\codes\nexus\thesis_gapfill_patch\run_20260223_053657_571360_R30_O_10_90_PPO_NEW_S42,O_10_90,42,PPO_NEW,v3.1,1,0,1,wait,1,0,,,,,,,,,,,high(6+)
1771798679.5268974,implement,receive_reward,0,3000000000018,71,979,979,2,mix_mu_5_40_terminal_dependent,90,B,none,106.5,6.0,"""[1.0, -1, -1, -1, -1, -1, -1, -1, -1, -1]""",2,0,0.0,等待/保持,,RL,,PPO_NEW,B,B|gt_mean=90,0.0,,,,,,,,,,,,,,,,,,,,,,removal,1,PPO_NEW_v3_1,a:\MYpython\34959_RL\codes\nexus\thesis_gapfill_patch\run_20260223_053657_571360_R30_O_10_90_PPO_NEW_S42,O_10_90,42,PPO_NEW,v3.1,0,0,1,wait,1,0,,,,,,,,,,,high(6+)
1771798679.418772,implement,receive_reward,0,3000000000021,70,979,979,2,mix_mu_5_40_terminal_dependent,90,B,none,98.5,6.0,"""[1.0, -1, -1, -1, -1, -1, -1, -1, -1, -1]""",2,0,0.0,等待/保持,,RL,,PPO_NEW,B,B|gt_mean=90,0.0,,,,,,,,,,,,,,,,,,,,,,removal,1,PPO_NEW_v3_1,a:\MYpython\34959_RL\codes\nexus\thesis_gapfill_patch\run_20260223_053657_571360_R30_O_10_90_PPO_NEW_S42,O_10_90,42,PPO_NEW,v3.1,0,0,1,wait,1,0,,,,,,,,,,,high(6+)
1771798637.2873077,implement,receive_reward,1,3000000000019,36,980,980,97,mix_mu_5_40_terminal_dependent,90,B,none,14.599999999999994,6.0,"""[1.0, -1, -1, -1, -1, -1, -1, -1, -1, -1]""",97,0,0.0,等待/保持,,RL,,PPO_NEW,B,B|gt_mean=90,0.0,,,,,,,,,,,,,,,,,,,,,,removal,1,PPO_NEW_v3_1,a:\MYpython\34959_RL\codes\nexus\thesis_gapfill_patch\run_20260223_053657_571360_R30_O_10_90_PPO_NEW_S42,O_10_90,42,PPO_NEW,v3.1,0,0,1,wait,1,0,,,,,,,,,,,high(6+)
1771798637.2191265,implement,receive_reward,1,3000000000022,36,980,980,97,mix_mu_5_40_terminal_dependent,90,B,none,34.599999999999994,6.0,"""[1.0, -1, -1, -1, -1, -1, -1, -1, -1, -1]""",97,0,0.0,等待/保持,,RL,,PPO_NEW,B,B|gt_mean=90,0.0,,,,,,,,,,,,,,,,,,,,,,removal,1,PPO_NEW_v3_1,a:\MYpython\34959_RL\codes\nexus\thesis_gapfill_patch\run_20260223_053657_571360_R30_O_10_90_PPO_NEW_S42,O_10_90,42,PPO_NEW,v3.1,0,0,1,wait,1,0,,,,,,,,,,,high(6+)
1771798590.3184586,implement,receive_reward,0,3000000000028,47,980,980,1,mix_mu_5_40_terminal_dependent,90,B,none,93.0,3.0,"""[3, -1, -1, -1, -1, -1, -1, -1, -1, -1]""",1,0,0.0,等待/保持,,RL,,PPO_NEW,B,B|gt_mean=90,0.0,,,,,,,,,,,,,,,,,,,,,,removal,1,PPO_NEW_v3_1,a:\MYpython\34959_RL\codes\nexus\thesis_gapfill_patch\run_20260223_053657_571360_R30_O_10_90_PPO_NEW_S42,O_10_90,42,PPO_NEW,v3.1,0,0,1,wait,1,0,,,,,,,,,,,low(2-3)
1771798590.3174586,implement,receive_reward,0,3000000000000,11,980,980,1,mix_mu_5_40_terminal_dependent,90,B,none,155.0,3.0,"""[3, -1, -1, -1, -1, -1, -1, -1, -1, -1]""",1,0,1.0,等待/保持,,RL,,PPO_NEW,B,B|gt_mean=90,0.0,,,,,,,,,,,,,,,,,,,,,,removal,1,PPO_NEW_v3_1,a:\MYpython\34959_RL\codes\nexus\thesis_gapfill_patch\run_20260223_053657_571360_R30_O_10_90_PPO_NEW_S42,O_10_90,42,PPO_NEW,v3.1,1,0,1,wait,1,0,,,,,,,,,,,low(2-3)
1771798590.315459,implement,receive_reward,0,3000000000007,10,980,980,1,mix_mu_5_40_terminal_dependent,90,B,none,134.0,3.0,"""[3, -1, -1, -1, -1, -1, -1, -1, -1, -1]""",1,0,1.0,等待/保持,,RL,,PPO_NEW,B,B|gt_mean=90,0.0,,,,,,,,,,,,,,,,,,,,,,removal,1,PPO_NEW_v3_1,a:\MYpython\34959_RL\codes\nexus\thesis_gapfill_patch\run_20260223_053657_571360_R30_O_10_90_PPO_NEW_S42,O_10_90,42,PPO_NEW,v3.1,1,0,1,wait,1,0,,,,,,,,,,,low(2-3)
1771798590.2358062,implement,receive_reward,0,3000000000009,8,980,980,1,mix_mu_5_40_terminal_dependent,90,B,none,134.0,3.0,"""[3, -1, -1, -1, -1, -1, -1, -1, -1, -1]""",1,0,1.0,等待/保持,,RL,,PPO_NEW,B,B|gt_mean=90,0.0,,,,,,,,,,,,,,,,,,,,,,removal,1,PPO_NEW_v3_1,a:\MYpython\34959_RL\codes\nexus\thesis_gapfill_patch\run_20260223_053657_571360_R30_O_10_90_PPO_NEW_S42,O_10_90,42,PPO_NEW,v3.1,1,0,1,wait,1,0,,,,,,,,,,,low(2-3)
1771798590.1270275,implement,receive_reward,0,3000000000014,7,980,980,1,mix_mu_5_40_terminal_dependent,90,B,none,84.0,3.0,"""[3, -1, -1, -1, -1, -1, -1, -1, -1, -1]""",1,0,0.0,等待/保持,,RL,,PPO_NEW,B,B|gt_mean=90,0.0,,,,,,,,,,,,,,,,,,,,,,removal,1,PPO_NEW_v3_1,a:\MYpython\34959_RL\codes\nexus\thesis_gapfill_patch\run_20260223_053657_571360_R30_O_10_90_PPO_NEW_S42,O_10_90,42,PPO_NEW,v3.1,0,0,1,wait,1,0,,,,,,,,,,,low(2-3)
1771798590.1105115,implement,receive_reward,0,3000000000008,6,980,980,1,mix_mu_5_40_terminal_dependent,90,B,none,94.0,3.0,"""[3, -1, -1, -1, -1, -1, -1, -1, -1, -1]""",1,0,0.0,等待/保持,,RL,,PPO_NEW,B,B|gt_mean=90,0.0,,,,,,,,,,,,,,,,,,,,,,removal,1,PPO_NEW_v3_1,a:\MYpython\34959_RL\codes\nexus\thesis_gapfill_patch\run_20260223_053657_571360_R30_O_10_90_PPO_NEW_S42,O_10_90,42,PPO_NEW,v3.1,0,0,1,wait,1,0,,,,,,,,,,,low(2-3)
1771798590.0006018,implement,receive_reward,0,3000000000003,3,980,980,1,mix_mu_5_40_terminal_dependent,90,B,none,51.0,3.0,"""[3, -1, -1, -1, -1, -1, -1, -1, -1, -1]""",1,0,0.0,等待/保持,,RL,,PPO_NEW,B,B|gt_mean=90,0.0,,,,,,,,,,,,,,,,,,,,,,removal,1,PPO_NEW_v3_1,a:\MYpython\34959_RL\codes\nexus\thesis_gapfill_patch\run_20260223_053657_571360_R30_O_10_90_PPO_NEW_S42,O_10_90,42,PPO_NEW,v3.1,0,0,1,wait,1,0,,,,,,,,,,,low(2-3)
1771798584.4856074,implement,receive_reward,1,3000000000005,113,981,981,85,mix_mu_5_40_terminal_dependent,90,B,none,35.0,5.0,"""[7.0, -1, -1, -1, -1, -1, -1, -1, -1, -1]""",85,0,0.0,等待/保持,,RL,,PPO_NEW,B,B|gt_mean=90,0.0,,,,,,,,,,,,,,,,,,,,,,removal,1,PPO_NEW_v3_1,a:\MYpython\34959_RL\codes\nexus\thesis_gapfill_patch\run_20260223_053657_571360_R30_O_10_90_PPO_NEW_S42,O_10_90,42,PPO_NEW,v3.1,0,0,1,wait,1,0,,,,,,,,,,,mid(4-5)
1771798538.323452,implement,receive_reward,0,3000000000016,38,981,981,4,mix_mu_5_40_terminal_dependent,90,B,none,91.0,4.0,"""[7.0, -1, -1, -1, -1, -1, -1, -1, -1, -1]""",4,0,1.0,等待/保持,,RL,,PPO_NEW,B,B|gt_mean=90,0.0,,,,,,,,,,,,,,,,,,,,,,removal,1,PPO_NEW_v3_1,a:\MYpython\34959_RL\codes\nexus\thesis_gapfill_patch\run_20260223_053657_571360_R30_O_10_90_PPO_NEW_S42,O_10_90,42,PPO_NEW,v3.1,1,0,1,wait,1,0,,,,,,,,,,,mid(4-5)
1771798485.8036056,implement,receive_reward,1,3000000000001,60,982,982,60,mix_mu_5_40_terminal_dependent,90,B,none,97.0,5.0,"""[5, -1, -1, -1, -1, -1, -1, -1, -1, -1]""",60,0,1.0,等待/保持,,RL,,PPO_NEW,B,B|gt_mean=90,0.0,,,,,,,,,,,,,,,,,,,,,,removal,1,PPO_NEW_v3_1,a:\MYpython\34959_RL\codes\nexus\thesis_gapfill_patch\run_20260223_053657_571360_R30_O_10_90_PPO_NEW_S42,O_10_90,42,PPO_NEW,v3.1,1,0,1,wait,1,0,,,,,,,,,,,mid(4-5)
1771798485.616488,implement,receive_reward,0,3000000000016,38,982,982,2,mix_mu_5_40_terminal_dependent,90,B,none,74.5,5.0,"""[1.0, -1, -1, -1, -1, -1, -1, -1, -1, -1]""",2,0,1.0,等待/保持,,RL,,PPO_NEW,B,B|gt_mean=90,0.0,,,,,,,,,,,,,,,,,,,,,,removal,1,PPO_NEW_v3_1,a:\MYpython\34959_RL\codes\nexus\thesis_gapfill_patch\run_20260223_053657_571360_R30_O_10_90_PPO_NEW_S42,O_10_90,42,PPO_NEW,v3.1,1,0,1,wait,1,0,,,,,,,,,,,mid(4-5)
1771798485.560825,implement,receive_reward,0,3000000000019,36,982,982,2,mix_mu_5_40_terminal_dependent,90,B,none,109.6,5.0,"""[1.0, -1, -1, -1, -1, -1, -1, -1, -1, -1]""",2,0,1.0,等待/保持,,RL,,PPO_NEW,B,B|gt_mean=90,0.0,,,,,,,,,,,,,,,,,,,,,,removal,1,PPO_NEW_v3_1,a:\MYpython\34959_RL\codes\nexus\thesis_gapfill_patch\run_20260223_053657_571360_R30_O_10_90_PPO_NEW_S42,O_10_90,42,PPO_NEW,v3.1,1,0,1,wait,1,0,,,,,,,,,,,mid(4-5)
1771798485.5503047,implement,receive_reward,0,3000000000022,36,982,982,2,mix_mu_5_40_terminal_dependent,90,B,none,129.6,5.0,"""[1.0, -1, -1, -1, -1, -1, -1, -1, -1, -1]""",2,0,1.0,等待/保持,,RL,,PPO_NEW,B,B|gt_mean=90,0.0,,,,,,,,,,,,,,,,,,,,,,removal,1,PPO_NEW_v3_1,a:\MYpython\34959_RL\codes\nexus\thesis_gapfill_patch\run_20260223_053657_571360_R30_O_10_90_PPO_NEW_S42,O_10_90,42,PPO_NEW,v3.1,1,0,1,wait,1,0,,,,,,,,,,,mid(4-5)
1771798485.5457978,implement,receive_reward,0,3000000000020,34,982,982,2,mix_mu_5_40_terminal_dependent,90,B,none,36.0,5.0,"""[1.0, -1, -1, -1, -1, -1, -1, -1, -1, -1]""",2,0,0.0,等待/保持,,RL,,PPO_NEW,B,B|gt_mean=90,0.0,,,,,,,,,,,,,,,,,,,,,,removal,1,PPO_NEW_v3_1,a:\MYpython\34959_RL\codes\nexus\thesis_gapfill_patch\run_20260223_053657_571360_R30_O_10_90_PPO_NEW_S42,O_10_90,42,PPO_NEW,v3.1,0,0,1,wait,1,0,,,,,,,,,,,mid(4-5)
1771798177.1023254,implement,receive_reward,0,3000000000004,26,989,989,1,mix_mu_5_40_terminal_dependent,90,B,none,123.0,6.0,"""[5, -1, -1, -1, -1, -1, -1, -1, -1, -1]""",1,0,1.0,等待/保持,,RL,,PPO_NEW,B,B|gt_mean=90,0.0,,,,,,,,,,,,,,,,,,,,,,removal,1,PPO_NEW_v3_1,a:\MYpython\34959_RL\codes\nexus\thesis_gapfill_patch\run_20260223_053657_571360_R30_O_10_90_PPO_NEW_S42,O_10_90,42,PPO_NEW,v3.1,1,0,1,wait,1,0,,,,,,,,,,,high(6+)
1771798177.0382447,implement,receive_reward,0,3000000000005,26,989,989,1,mix_mu_5_40_terminal_dependent,90,B,none,117.5,6.0,"""[5, -1, -1, -1, -1, -1, -1, -1, -1, -1]""",1,0,1.0,等待/保持,,RL,,PPO_NEW,B,B|gt_mean=90,0.0,,,,,,,,,,,,,,,,,,,,,,removal,1,PPO_NEW_v3_1,a:\MYpython\34959_RL\codes\nexus\thesis_gapfill_patch\run_20260223_053657_571360_R30_O_10_90_PPO_NEW_S42,O_10_90,42,PPO_NEW,v3.1,1,0,1,wait,1,0,,,,,,,,,,,high(6+)
1771798173.968121,implement,receive_reward,1,3000000000019,36,990,990,86,mix_mu_5_40_terminal_dependent,90,B,none,25.599999999999994,5.0,"""[1.0, -1, -1, -1, -1, -1, -1, -1, -1, -1]""",86,0,0.0,等待/保持,,RL,,PPO_NEW,B,B|gt_mean=90,0.0,,,,,,,,,,,,,,,,,,,,,,removal,1,PPO_NEW_v3_1,a:\MYpython\34959_RL\codes\nexus\thesis_gapfill_patch\run_20260223_053657_571360_R30_O_10_90_PPO_NEW_S42,O_10_90,42,PPO_NEW,v3.1,0,0,1,wait,1,0,,,,,,,,,,,mid(4-5)
1771798173.88146,implement,receive_reward,1,3000000000022,36,990,990,86,mix_mu_5_40_terminal_dependent,90,B,none,45.599999999999994,5.0,"""[1.0, -1, -1, -1, -1, -1, -1, -1, -1, -1]""",86,0,0.0,等待/保持,,RL,,PPO_NEW,B,B|gt_mean=90,0.0,,,,,,,,,,,,,,,,,,,,,,removal,1,PPO_NEW_v3_1,a:\MYpython\34959_RL\codes\nexus\thesis_gapfill_patch\run_20260223_053657_571360_R30_O_10_90_PPO_NEW_S42,O_10_90,42,PPO_NEW,v3.1,0,0,1,wait,1,0,,,,,,,,,,,mid(4-5)
1771797910.5832899,implement,receive_reward,1,3000000000019,114,996,996,70,mix_mu_5_40_terminal_dependent,90,B,none,61.0,5.0,"""[8.0, -1, -1, -1, -1, -1, -1, -1, -1, -1]""",70,0,0.0,等待/保持,,RL,,PPO_NEW,B,B|gt_mean=90,0.0,,,,,,,,,,,,,,,,,,,,,,removal,1,PPO_NEW_v3_1,a:\MYpython\34959_RL\codes\nexus\thesis_gapfill_patch\run_20260223_053657_571360_R30_O_10_90_PPO_NEW_S42,O_10_90,42,PPO_NEW,v3.1,0,0,1,wait,1,0,,,,,,,,,,,mid(4-5)
1771797910.4851162,implement,receive_reward,1,3000000000011,111,996,996,70,mix_mu_5_40_terminal_dependent,90,B,none,25.0,5.0,"""[8.0, -1, -1, -1, -1, -1, -1, -1, -1, -1]""",70,0,0.0,等待/保持,,RL,,PPO_NEW,B,B|gt_mean=90,0.0,,,,,,,,,,,,,,,,,,,,,,removal,1,PPO_NEW_v3_1,a:\MYpython\34959_RL\codes\nexus\thesis_gapfill_patch\run_20260223_053657_571360_R30_O_10_90_PPO_NEW_S42,O_10_90,42,PPO_NEW,v3.1,0,0,1,wait,1,0,,,,,,,,,,,mid(4-5)
1771797910.4770985,implement,receive_reward,1,3000000000029,111,996,996,70,mix_mu_5_40_terminal_dependent,90,B,none,90.0,5.0,"""[8.0, -1, -1, -1, -1, -1, -1, -1, -1, -1]""",70,0,1.0,等待/保持,,RL,,PPO_NEW,B,B|gt_mean=90,0.0,,,,,,,,,,,,,,,,,,,,,,removal,1,PPO_NEW_v3_1,a:\MYpython\34959_RL\codes\nexus\thesis_gapfill_patch\run_20260223_053657_571360_R30_O_10_90_PPO_NEW_S42,O_10_90,42,PPO_NEW,v3.1,1,0,1,wait,1,0,,,,,,,,,,,mid(4-5)
1771797864.8380022,implement,receive_reward,0,3000000000010,28,996,996,4,mix_mu_5_40_terminal_dependent,90,B,none,128.0,4.0,"""[0, -1, -1, -1, -1, -1, -1, -1, -1, -1]""",4,0,1.0,等待/保持,,RL,,PPO_NEW,B,B|gt_mean=90,0.0,,,,,,,,,,,,,,,,,,,,,,removal,1,PPO_NEW_v3_1,a:\MYpython\34959_RL\codes\nexus\thesis_gapfill_patch\run_20260223_053657_571360_R30_O_10_90_PPO_NEW_S42,O_10_90,42,PPO_NEW,v3.1,1,0,1,wait,1,0,,,,,,,,,,,mid(4-5)
1771797864.7291365,implement,receive_reward,0,3000000000005,26,996,996,4,mix_mu_5_40_terminal_dependent,90,B,none,97.5,4.0,"""[0, -1, -1, -1, -1, -1, -1, -1, -1, -1]""",4,0,1.0,等待/保持,,RL,,PPO_NEW,B,B|gt_mean=90,0.0,,,,,,,,,,,,,,,,,,,,,,removal,1,PPO_NEW_v3_1,a:\MYpython\34959_RL\codes\nexus\thesis_gapfill_patch\run_20260223_053657_571360_R30_O_10_90_PPO_NEW_S42,O_10_90,42,PPO_NEW,v3.1,1,0,1,wait,1,0,,,,,,,,,,,mid(4-5)
1771797864.6038477,implement,receive_reward,0,3000000000004,26,996,996,4,mix_mu_5_40_terminal_dependent,90,B,none,103.0,4.0,"""[0, -1, -1, -1, -1, -1, -1, -1, -1, -1]""",4,0,1.0,等待/保持,,RL,,PPO_NEW,B,B|gt_mean=90,0.0,,,,,,,,,,,,,,,,,,,,,,removal,1,PPO_NEW_v3_1,a:\MYpython\34959_RL\codes\nexus\thesis_gapfill_patch\run_20260223_053657_571360_R30_O_10_90_PPO_NEW_S42,O_10_90,42,PPO_NEW,v3.1,1,0,1,wait,1,0,,,,,,,,,,,mid(4-5)
1771797864.4495728,implement,receive_reward,0,3000000000006,24,996,996,4,mix_mu_5_40_terminal_dependent,90,B,none,121.19999999999999,4.0,"""[0, -1, -1, -1, -1, -1, -1, -1, -1, -1]""",4,0,1.0,等待/保持,,RL,,PPO_NEW,B,B|gt_mean=90,0.0,,,,,,,,,,,,,,,,,,,,,,removal,1,PPO_NEW_v3_1,a:\MYpython\34959_RL\codes\nexus\thesis_gapfill_patch\run_20260223_053657_571360_R30_O_10_90_PPO_NEW_S42,O_10_90,42,PPO_NEW,v3.1,1,0,1,wait,1,0,,,,,,,,,,,mid(4-5)
1771797864.44757,implement,receive_reward,0,3000000000017,20,996,996,4,mix_mu_5_40_terminal_dependent,90,B,none,73.0,4.0,"""[0, -1, -1, -1, -1, -1, -1, -1, -1, -1]""",4,0,1.0,等待/保持,,RL,,PPO_NEW,B,B|gt_mean=90,0.0,,,,,,,,,,,,,,,,,,,,,,removal,1,PPO_NEW_v3_1,a:\MYpython\34959_RL\codes\nexus\thesis_gapfill_patch\run_20260223_053657_571360_R30_O_10_90_PPO_NEW_S42,O_10_90,42,PPO_NEW,v3.1,1,0,1,wait,1,0,,,,,,,,,,,mid(4-5)
1771797864.400004,implement,receive_reward,0,3000000000002,18,996,996,4,mix_mu_5_40_terminal_dependent,90,B,none,48.1,4.0,"""[0, -1, -1, -1, -1, -1, -1, -1, -1, -1]""",4,0,0.0,等待/保持,,RL,,PPO_NEW,B,B|gt_mean=90,0.0,,,,,,,,,,,,,,,,,,,,,,removal,1,PPO_NEW_v3_1,a:\MYpython\34959_RL\codes\nexus\thesis_gapfill_patch\run_20260223_053657_571360_R30_O_10_90_PPO_NEW_S42,O_10_90,42,PPO_NEW,v3.1,0,0,1,wait,1,0,,,,,,,,,,,mid(4-5)
1771797864.1373878,implement,receive_reward,0,3000000000011,18,996,996,4,mix_mu_5_40_terminal_dependent,90,B,none,74.5,4.0,"""[0, -1, -1, -1, -1, -1, -1, -1, -1, -1]""",4,0,1.0,等待/保持,,RL,,PPO_NEW,B,B|gt_mean=90,0.0,,,,,,,,,,,,,,,,,,,,,,removal,1,PPO_NEW_v3_1,a:\MYpython\34959_RL\codes\nexus\thesis_gapfill_patch\run_20260223_053657_571360_R30_O_10_90_PPO_NEW_S42,O_10_90,42,PPO_NEW,v3.1,1,0,1,wait,1,0,,,,,,,,,,,mid(4-5)
1771797863.87139,implement,receive_reward,0,3000000000013,16,996,996,4,mix_mu_5_40_terminal_dependent,90,B,none,38.5,4.0,"""[0, -1, -1, -1, -1, -1, -1, -1, -1, -1]""",4,0,0.0,等待/保持,,RL,,PPO_NEW,B,B|gt_mean=90,0.0,,,,,,,,,,,,,,,,,,,,,,removal,1,PPO_NEW_v3_1,a:\MYpython\34959_RL\codes\nexus\thesis_gapfill_patch\run_20260223_053657_571360_R30_O_10_90_PPO_NEW_S42,O_10_90,42,PPO_NEW,v3.1,0,0,1,wait,1,0,,,,,,,,,,,mid(4-5)
1771797863.6232307,implement,receive_reward,0,3000000000000,11,996,996,4,mix_mu_5_40_terminal_dependent,90,B,none,146.0,4.0,"""[0, -1, -1, -1, -1, -1, -1, -1, -1, -1]""",4,0,1.0,等待/保持,,RL,,PPO_NEW,B,B|gt_mean=90,0.0,,,,,,,,,,,,,,,,,,,,,,removal,1,PPO_NEW_v3_1,a:\MYpython\34959_RL\codes\nexus\thesis_gapfill_patch\run_20260223_053657_571360_R30_O_10_90_PPO_NEW_S42,O_10_90,42,PPO_NEW,v3.1,1,0,1,wait,1,0,,,,,,,,,,,mid(4-5)
1771797863.3874834,implement,receive_reward,0,3000000000007,10,996,996,4,mix_mu_5_40_terminal_dependent,90,B,none,125.0,4.0,"""[0, -1, -1, -1, -1, -1, -1, -1, -1, -1]""",4,0,1.0,等待/保持,,RL,,PPO_NEW,B,B|gt_mean=90,0.0,,,,,,,,,,,,,,,,,,,,,,removal,1,PPO_NEW_v3_1,a:\MYpython\34959_RL\codes\nexus\thesis_gapfill_patch\run_20260223_053657_571360_R30_O_10_90_PPO_NEW_S42,O_10_90,42,PPO_NEW,v3.1,1,0,1,wait,1,0,,,,,,,,,,,mid(4-5)
1771797863.120565,implement,receive_reward,0,3000000000009,8,996,996,4,mix_mu_5_40_terminal_dependent,90,B,none,125.0,4.0,"""[0, -1, -1, -1, -1, -1, -1, -1, -1, -1]""",4,0,1.0,等待/保持,,RL,,PPO_NEW,B,B|gt_mean=90,0.0,,,,,,,,,,,,,,,,,,,,,,removal,1,PPO_NEW_v3_1,a:\MYpython\34959_RL\codes\nexus\thesis_gapfill_patch\run_20260223_053657_571360_R30_O_10_90_PPO_NEW_S42,O_10_90,42,PPO_NEW,v3.1,1,0,1,wait,1,0,,,,,,,,,,,mid(4-5)
1771797862.8860164,implement,receive_reward,0,3000000000014,7,996,996,4,mix_mu_5_40_terminal_dependent,90,B,none,75.0,4.0,"""[0, -1, -1, -1, -1, -1, -1, -1, -1, -1]""",4,0,1.0,等待/保持,,RL,,PPO_NEW,B,B|gt_mean=90,0.0,,,,,,,,,,,,,,,,,,,,,,removal,1,PPO_NEW_v3_1,a:\MYpython\34959_RL\codes\nexus\thesis_gapfill_patch\run_20260223_053657_571360_R30_O_10_90_PPO_NEW_S42,O_10_90,42,PPO_NEW,v3.1,1,0,1,wait,1,0,,,,,,,,,,,mid(4-5)
1771797862.822923,implement,receive_reward,0,3000000000008,6,996,996,4,mix_mu_5_40_terminal_dependent,90,B,none,85.0,4.0,"""[0, -1, -1, -1, -1, -1, -1, -1, -1, -1]""",4,0,1.0,等待/保持,,RL,,PPO_NEW,B,B|gt_mean=90,0.0,,,,,,,,,,,,,,,,,,,,,,removal,1,PPO_NEW_v3_1,a:\MYpython\34959_RL\codes\nexus\thesis_gapfill_patch\run_20260223_053657_571360_R30_O_10_90_PPO_NEW_S42,O_10_90,42,PPO_NEW,v3.1,1,0,1,wait,1,0,,,,,,,,,,,mid(4-5)
1771797862.7687962,implement,receive_reward,0,3000000000003,3,996,996,4,mix_mu_5_40_terminal_dependent,90,B,none,42.0,4.0,"""[0, -1, -1, -1, -1, -1, -1, -1, -1, -1]""",4,0,0.0,等待/保持,,RL,,PPO_NEW,B,B|gt_mean=90,0.0,,,,,,,,,,,,,,,,,,,,,,removal,1,PPO_NEW_v3_1,a:\MYpython\34959_RL\codes\nexus\thesis_gapfill_patch\run_20260223_053657_571360_R30_O_10_90_PPO_NEW_S42,O_10_90,42,PPO_NEW,v3.1,0,0,1,wait,1,0,,,,,,,,,,,mid(4-5)
1771797857.7695773,implement,receive_reward,1,3000000000005,113,997,997,111,mix_mu_5_40_terminal_dependent,90,B,none,9.0,4.0,"""[7.0, -1, -1, -1, -1, -1, -1, -1, -1, -1]""",111,0,0.0,等待/保持,,RL,,PPO_NEW,B,B|gt_mean=90,0.0,,,,,,,,,,,,,,,,,,,,,,removal,1,PPO_NEW_v3_1,a:\MYpython\34959_RL\codes\nexus\thesis_gapfill_patch\run_20260223_053657_571360_R30_O_10_90_PPO_NEW_S42,O_10_90,42,PPO_NEW,v3.1,0,0,1,wait,1,0,,,,,,,,,,,mid(4-5)
1771797818.9668062,implement,receive_reward,0,3000000000012,90,997,997,3,mix_mu_5_40_terminal_dependent,90,B,none,67.0,6.0,"""[0, -1, -1, -1, -1, -1, -1, -1, -1, -1]""",3,0,0.0,等待/保持,,RL,,PPO_NEW,B,B|gt_mean=90,0.0,,,,,,,,,,,,,,,,,,,,,,removal,1,PPO_NEW_v3_1,a:\MYpython\34959_RL\codes\nexus\thesis_gapfill_patch\run_20260223_053657_571360_R30_O_10_90_PPO_NEW_S42,O_10_90,42,PPO_NEW,v3.1,0,0,1,wait,1,0,,,,,,,,,,,high(6+)
1771797818.965806,implement,receive_reward,0,3000000000015,83,997,997,3,mix_mu_5_40_terminal_dependent,90,B,none,151.5,6.0,"""[0.0, -1, -1, -1, -1, -1, -1, -1, -1, -1]""",3,0,1.0,等待/保持,,RL,,PPO_NEW,B,B|gt_mean=90,0.0,,,,,,,,,,,,,,,,,,,,,,removal,1,PPO_NEW_v3_1,a:\MYpython\34959_RL\codes\nexus\thesis_gapfill_patch\run_20260223_053657_571360_R30_O_10_90_PPO_NEW_S42,O_10_90,42,PPO_NEW,v3.1,1,0,1,wait,1,0,,,,,,,,,,,high(6+)
1771797818.9387681,implement,receive_reward,0,3000000000016,82,997,997,3,mix_mu_5_40_terminal_dependent,90,B,none,73.28,6.0,"""[0.0, -1, -1, -1, -1, -1, -1, -1, -1, -1]""",3,0,0.0,等待/保持,,RL,,PPO_NEW,B,B|gt_mean=90,0.0,,,,,,,,,,,,,,,,,,,,,,removal,1,PPO_NEW_v3_1,a:\MYpython\34959_RL\codes\nexus\thesis_gapfill_patch\run_20260223_053657_571360_R30_O_10_90_PPO_NEW_S42,O_10_90,42,PPO_NEW,v3.1,0,0,1,wait,1,0,,,,,,,,,,,high(6+)
1771797910.5852892,implement,receive_reward,1,3000000000022,114,996,996,70,mix_mu_5_40_terminal_dependent,90,B,none,81.0,5.0,"""[8.0, -1, -1, -1, -1, -1, -1, -1, -1, -1]""",70,0,1.0,等待/保持,,RL,,PPO_NEW,B,B|gt_mean=90,0.0,,,,,,,,,,,,,,,,,,,,,,removal,1,PPO_NEW_v3_1,a:\MYpython\34959_RL\codes\nexus\thesis_gapfill_patch\run_20260223_053657_571360_R30_O_10_90_PPO_NEW_S42,O_10_90,42,PPO_NEW,v3.1,1,0,1,wait,1,0,,,,,,,,,,,mid(4-5)
1771798726.353443,implement,receive_reward,1,3000000000022,36,978,978,52,mix_mu_5_40_terminal_dependent,90,B,none,97.1,6.0,"""[5.0, -1, -1, -1, -1, -1, -1, -1, -1, -1]""",52,0,0.0,等待/保持,,RL,,PPO_NEW,B,B|gt_mean=90,0.0,,,,,,,,,,,,,,,,,,,,,,removal,1,PPO_NEW_v3_1,a:\MYpython\34959_RL\codes\nexus\thesis_gapfill_patch\run_20260223_053657_571360_R30_O_10_90_PPO_NEW_S42,O_10_90,42,PPO_NEW,v3.1,0,0,1,wait,1,0,,,,,,,,,,,high(6+)
1771797955.6342726,implement,receive_reward,0,3000000000016,38,995,995,2,mix_mu_5_40_terminal_dependent,90,B,none,93.0,4.0,"""[7.0, -1, -1, -1, -1, -1, -1, -1, -1, -1]""",2,0,0.0,等待/保持,,RL,,PPO_NEW,B,B|gt_mean=90,0.0,,,,,,,,,,,,,,,,,,,,,,removal,1,PPO_NEW_v3_1,a:\MYpython\34959_RL\codes\nexus\thesis_gapfill_patch\run_20260223_053657_571360_R30_O_10_90_PPO_NEW_S42,O_10_90,42,PPO_NEW,v3.1,0,0,1,wait,1,0,,,,,,,,,,,mid(4-5)
1771797999.0853794,implement,receive_reward,0,3000000000008,6,994,994,1,mix_mu_5_40_terminal_dependent,90,B,none,94.0,4.0,"""[3, -1, -1, -1, -1, -1, -1, -1, -1, -1]""",1,0,1.0,等待/保持,,RL,,PPO_NEW,B,B|gt_mean=90,0.0,,,,,,,,,,,,,,,,,,,,,,removal,1,PPO_NEW_v3_1,a:\MYpython\34959_RL\codes\nexus\thesis_gapfill_patch\run_20260223_053657_571360_R30_O_10_90_PPO_NEW_S42,O_10_90,42,PPO_NEW,v3.1,1,0,1,wait,1,0,,,,,,,,,,,mid(4-5)
1771798130.2360728,implement,receive_reward,0,3000000000021,70,990,990,3,mix_mu_5_40_terminal_dependent,90,B,none,106.0,6.0,"""[8.0, -1, -1, -1, -1, -1, -1, -1, -1, -1]""",3,0,1.0,等待/保持,,RL,,PPO_NEW,B,B|gt_mean=90,0.0,,,,,,,,,,,,,,,,,,,,,,removal,1,PPO_NEW_v3_1,a:\MYpython\34959_RL\codes\nexus\thesis_gapfill_patch\run_20260223_053657_571360_R30_O_10_90_PPO_NEW_S42,O_10_90,42,PPO_NEW,v3.1,1,0,1,wait,1,0,,,,,,,,,,,high(6+)
1771798128.3298507,implement,receive_reward,1,3000000000015,83,993,993,87,mix_mu_5_40_terminal_dependent,90,B,none,67.5,5.0,"""[0.0, -1, -1, -1, -1, -1, -1, -1, -1, -1]""",87,0,0.0,等待/保持,,RL,,PPO_NEW,B,B|gt_mean=90,0.0,,,,,,,,,,,,,,,,,,,,,,removal,1,PPO_NEW_v3_1,a:\MYpython\34959_RL\codes\nexus\thesis_gapfill_patch\run_20260223_053657_571360_R30_O_10_90_PPO_NEW_S42,O_10_90,42,PPO_NEW,v3.1,0,0,1,wait,1,0,,,,,,,,,,,mid(4-5)
1771798006.80329,implement,receive_reward,0,3000000000010,28,993,993,4,mix_mu_5_40_terminal_dependent,90,B,none,128.0,5.0,"""[0, -1, -1, -1, -1, -1, -1, -1, -1, -1]""",4,0,1.0,等待/保持,,RL,,PPO_NEW,B,B|gt_mean=90,0.0,,,,,,,,,,,,,,,,,,,,,,removal,1,PPO_NEW_v3_1,a:\MYpython\34959_RL\codes\nexus\thesis_gapfill_patch\run_20260223_053657_571360_R30_O_10_90_PPO_NEW_S42,O_10_90,42,PPO_NEW,v3.1,1,0,1,wait,1,0,,,,,,,,,,,mid(4-5)
1771798006.801287,implement,receive_reward,0,3000000000005,26,993,993,4,mix_mu_5_40_terminal_dependent,90,B,none,97.5,5.0,"""[0, -1, -1, -1, -1, -1, -1, -1, -1, -1]""",4,0,1.0,等待/保持,,RL,,PPO_NEW,B,B|gt_mean=90,0.0,,,,,,,,,,,,,,,,,,,,,,removal,1,PPO_NEW_v3_1,a:\MYpython\34959_RL\codes\nexus\thesis_gapfill_patch\run_20260223_053657_571360_R30_O_10_90_PPO_NEW_S42,O_10_90,42,PPO_NEW,v3.1,1,0,1,wait,1,0,,,,,,,,,,,mid(4-5)
1771798006.8002832,implement,receive_reward,0,3000000000004,26,993,993,4,mix_mu_5_40_terminal_dependent,90,B,none,103.0,5.0,"""[0, -1, -1, -1, -1, -1, -1, -1, -1, -1]""",4,0,1.0,等待/保持,,RL,,PPO_NEW,B,B|gt_mean=90,0.0,,,,,,,,,,,,,,,,,,,,,,removal,1,PPO_NEW_v3_1,a:\MYpython\34959_RL\codes\nexus\thesis_gapfill_patch\run_20260223_053657_571360_R30_O_10_90_PPO_NEW_S42,O_10_90,42,PPO_NEW,v3.1,1,0,1,wait,1,0,,,,,,,,,,,mid(4-5)
1771798006.7987804,implement,receive_reward,0,3000000000006,24,993,993,4,mix_mu_5_40_terminal_dependent,90,B,none,121.19999999999999,5.0,"""[0, -1, -1, -1, -1, -1, -1, -1, -1, -1]""",4,0,1.0,等待/保持,,RL,,PPO_NEW,B,B|gt_mean=90,0.0,,,,,,,,,,,,,,,,,,,,,,removal,1,PPO_NEW_v3_1,a:\MYpython\34959_RL\codes\nexus\thesis_gapfill_patch\run_20260223_053657_571360_R30_O_10_90_PPO_NEW_S42,O_10_90,42,PPO_NEW,v3.1,1,0,1,wait,1,0,,,,,,,,,,,mid(4-5)
1771798006.7977805,implement,receive_reward,0,3000000000017,20,993,993,4,mix_mu_5_40_terminal_dependent,90,B,none,73.0,5.0,"""[0, -1, -1, -1, -1, -1, -1, -1, -1, -1]""",4,0,0.0,等待/保持,,RL,,PPO_NEW,B,B|gt_mean=90,0.0,,,,,,,,,,,,,,,,,,,,,,removal,1,PPO_NEW_v3_1,a:\MYpython\34959_RL\codes\nexus\thesis_gapfill_patch\run_20260223_053657_571360_R30_O_10_90_PPO_NEW_S42,O_10_90,42,PPO_NEW,v3.1,0,0,1,wait,1,0,,,,,,,,,,,mid(4-5)
1771798006.7957807,implement,receive_reward,0,3000000000002,18,993,993,4,mix_mu_5_40_terminal_dependent,90,B,none,48.1,5.0,"""[0, -1, -1, -1, -1, -1, -1, -1, -1, -1]""",4,0,0.0,等待/保持,,RL,,PPO_NEW,B,B|gt_mean=90,0.0,,,,,,,,,,,,,,,,,,,,,,removal,1,PPO_NEW_v3_1,a:\MYpython\34959_RL\codes\nexus\thesis_gapfill_patch\run_20260223_053657_571360_R30_O_10_90_PPO_NEW_S42,O_10_90,42,PPO_NEW,v3.1,0,0,1,wait,1,0,,,,,,,,,,,mid(4-5)
1771798006.7947805,implement,receive_reward,0,3000000000011,18,993,993,4,mix_mu_5_40_terminal_dependent,90,B,none,74.5,5.0,"""[0, -1, -1, -1, -1, -1, -1, -1, -1, -1]""",4,0,0.0,等待/保持,,RL,,PPO_NEW,B,B|gt_mean=90,0.0,,,,,,,,,,,,,,,,,,,,,,removal,1,PPO_NEW_v3_1,a:\MYpython\34959_RL\codes\nexus\thesis_gapfill_patch\run_20260223_053657_571360_R30_O_10_90_PPO_NEW_S42,O_10_90,42,PPO_NEW,v3.1,0,0,1,wait,1,0,,,,,,,,,,,mid(4-5)
1771798006.7927804,implement,receive_reward,0,3000000000013,16,993,993,4,mix_mu_5_40_terminal_dependent,90,B,none,38.5,5.0,"""[0, -1, -1, -1, -1, -1, -1, -1, -1, -1]""",4,0,0.0,等待/保持,,RL,,PPO_NEW,B,B|gt_mean=90,0.0,,,,,,,,,,,,,,,,,,,,,,removal,1,PPO_NEW_v3_1,a:\MYpython\34959_RL\codes\nexus\thesis_gapfill_patch\run_20260223_053657_571360_R30_O_10_90_PPO_NEW_S42,O_10_90,42,PPO_NEW,v3.1,0,0,1,wait,1,0,,,,,,,,,,,mid(4-5)
1771798006.78827,implement,receive_reward,0,3000000000000,11,993,993,4,mix_mu_5_40_terminal_dependent,90,B,none,146.0,5.0,"""[0, -1, -1, -1, -1, -1, -1, -1, -1, -1]""",4,0,1.0,等待/保持,,RL,,PPO_NEW,B,B|gt_mean=90,0.0,,,,,,,,,,,,,,,,,,,,,,removal,1,PPO_NEW_v3_1,a:\MYpython\34959_RL\codes\nexus\thesis_gapfill_patch\run_20260223_053657_571360_R30_O_10_90_PPO_NEW_S42,O_10_90,42,PPO_NEW,v3.1,1,0,1,wait,1,0,,,,,,,,,,,mid(4-5)
1771798006.7642493,implement,receive_reward,0,3000000000007,10,993,993,4,mix_mu_5_40_terminal_dependent,90,B,none,125.0,5.0,"""[0, -1, -1, -1, -1, -1, -1, -1, -1, -1]""",4,0,1.0,等待/保持,,RL,,PPO_NEW,B,B|gt_mean=90,0.0,,,,,,,,,,,,,,,,,,,,,,removal,1,PPO_NEW_v3_1,a:\MYpython\34959_RL\codes\nexus\thesis_gapfill_patch\run_20260223_053657_571360_R30_O_10_90_PPO_NEW_S42,O_10_90,42,PPO_NEW,v3.1,1,0,1,wait,1,0,,,,,,,,,,,mid(4-5)
1771798006.7632504,implement,receive_reward,0,3000000000009,8,993,993,4,mix_mu_5_40_terminal_dependent,90,B,none,125.0,5.0,"""[0, -1, -1, -1, -1, -1, -1, -1, -1, -1]""",4,0,1.0,等待/保持,,RL,,PPO_NEW,B,B|gt_mean=90,0.0,,,,,,,,,,,,,,,,,,,,,,removal,1,PPO_NEW_v3_1,a:\MYpython\34959_RL\codes\nexus\thesis_gapfill_patch\run_20260223_053657_571360_R30_O_10_90_PPO_NEW_S42,O_10_90,42,PPO_NEW,v3.1,1,0,1,wait,1,0,,,,,,,,,,,mid(4-5)
1771798006.7612467,implement,receive_reward,0,3000000000014,7,993,993,4,mix_mu_5_40_terminal_dependent,90,B,none,75.0,5.0,"""[0, -1, -1, -1, -1, -1, -1, -1, -1, -1]""",4,0,0.0,等待/保持,,RL,,PPO_NEW,B,B|gt_mean=90,0.0,,,,,,,,,,,,,,,,,,,,,,removal,1,PPO_NEW_v3_1,a:\MYpython\34959_RL\codes\nexus\thesis_gapfill_patch\run_20260223_053657_571360_R30_O_10_90_PPO_NEW_S42,O_10_90,42,PPO_NEW,v3.1,0,0,1,wait,1,0,,,,,,,,,,,mid(4-5)
1771798006.7121956,implement,receive_reward,0,3000000000008,6,993,993,4,mix_mu_5_40_terminal_dependent,90,B,none,85.0,5.0,"""[0, -1, -1, -1, -1, -1, -1, -1, -1, -1]""",4,0,1.0,等待/保持,,RL,,PPO_NEW,B,B|gt_mean=90,0.0,,,,,,,,,,,,,,,,,,,,,,removal,1,PPO_NEW_v3_1,a:\MYpython\34959_RL\codes\nexus\thesis_gapfill_patch\run_20260223_053657_571360_R30_O_10_90_PPO_NEW_S42,O_10_90,42,PPO_NEW,v3.1,1,0,1,wait,1,0,,,,,,,,,,,mid(4-5)
1771798006.6806629,implement,receive_reward,0,3000000000003,3,993,993,4,mix_mu_5_40_terminal_dependent,90,B,none,42.0,5.0,"""[0, -1, -1, -1, -1, -1, -1, -1, -1, -1]""",4,0,0.0,等待/保持,,RL,,PPO_NEW,B,B|gt_mean=90,0.0,,,,,,,,,,,,,,,,,,,,,,removal,1,PPO_NEW_v3_1,a:\MYpython\34959_RL\codes\nexus\thesis_gapfill_patch\run_20260223_053657_571360_R30_O_10_90_PPO_NEW_S42,O_10_90,42,PPO_NEW,v3.1,0,0,1,wait,1,0,,,,,,,,,,,mid(4-5)
1771798000.1941144,implement,receive_reward,0,3000000000028,47,994,994,1,mix_mu_5_40_terminal_dependent,90,B,none,93.0,4.0,"""[3, -1, -1, -1, -1, -1, -1, -1, -1, -1]""",1,0,1.0,等待/保持,,RL,,PPO_NEW,B,B|gt_mean=90,0.0,,,,,,,,,,,,,,,,,,,,,,removal,1,PPO_NEW_v3_1,a:\MYpython\34959_RL\codes\nexus\thesis_gapfill_patch\run_20260223_053657_571360_R30_O_10_90_PPO_NEW_S42,O_10_90,42,PPO_NEW,v3.1,1,0,1,wait,1,0,,,,,,,,,,,mid(4-5)
1771797999.9145584,implement,receive_reward,0,3000000000000,11,994,994,1,mix_mu_5_40_terminal_dependent,90,B,none,155.0,4.0,"""[3, -1, -1, -1, -1, -1, -1, -1, -1, -1]""",1,0,1.0,等待/保持,,RL,,PPO_NEW,B,B|gt_mean=90,0.0,,,,,,,,,,,,,,,,,,,,,,removal,1,PPO_NEW_v3_1,a:\MYpython\34959_RL\codes\nexus\thesis_gapfill_patch\run_20260223_053657_571360_R30_O_10_90_PPO_NEW_S42,O_10_90,42,PPO_NEW,v3.1,1,0,1,wait,1,0,,,,,,,,,,,mid(4-5)
1771797999.7101874,implement,receive_reward,0,3000000000007,10,994,994,1,mix_mu_5_40_terminal_dependent,90,B,none,134.0,4.0,"""[3, -1, -1, -1, -1, -1, -1, -1, -1, -1]""",1,0,1.0,等待/保持,,RL,,PPO_NEW,B,B|gt_mean=90,0.0,,,,,,,,,,,,,,,,,,,,,,removal,1,PPO_NEW_v3_1,a:\MYpython\34959_RL\codes\nexus\thesis_gapfill_patch\run_20260223_053657_571360_R30_O_10_90_PPO_NEW_S42,O_10_90,42,PPO_NEW,v3.1,1,0,1,wait,1,0,,,,,,,,,,,mid(4-5)
1771797999.4912379,implement,receive_reward,0,3000000000009,8,994,994,1,mix_mu_5_40_terminal_dependent,90,B,none,134.0,4.0,"""[3, -1, -1, -1, -1, -1, -1, -1, -1, -1]""",1,0,1.0,等待/保持,,RL,,PPO_NEW,B,B|gt_mean=90,0.0,,,,,,,,,,,,,,,,,,,,,,removal,1,PPO_NEW_v3_1,a:\MYpython\34959_RL\codes\nexus\thesis_gapfill_patch\run_20260223_053657_571360_R30_O_10_90_PPO_NEW_S42,O_10_90,42,PPO_NEW,v3.1,1,0,1,wait,1,0,,,,,,,,,,,mid(4-5)
1771797999.2571611,implement,receive_reward,0,3000000000014,7,994,994,1,mix_mu_5_40_terminal_dependent,90,B,none,84.0,4.0,"""[3, -1, -1, -1, -1, -1, -1, -1, -1, -1]""",1,0,1.0,等待/保持,,RL,,PPO_NEW,B,B|gt_mean=90,0.0,,,,,,,,,,,,,,,,,,,,,,removal,1,PPO_NEW_v3_1,a:\MYpython\34959_RL\codes\nexus\thesis_gapfill_patch\run_20260223_053657_571360_R30_O_10_90_PPO_NEW_S42,O_10_90,42,PPO_NEW,v3.1,1,0,1,wait,1,0,,,,,,,,,,,mid(4-5)
1771797998.981685,implement,receive_reward,0,3000000000003,3,994,994,1,mix_mu_5_40_terminal_dependent,90,B,none,51.0,4.0,"""[3, -1, -1, -1, -1, -1, -1, -1, -1, -1]""",1,0,0.0,等待/保持,,RL,,PPO_NEW,B,B|gt_mean=90,0.0,,,,,,,,,,,,,,,,,,,,,,removal,1,PPO_NEW_v3_1,a:\MYpython\34959_RL\codes\nexus\thesis_gapfill_patch\run_20260223_053657_571360_R30_O_10_90_PPO_NEW_S42,O_10_90,42,PPO_NEW,v3.1,0,0,1,wait,1,0,,,,,,,,,,,mid(4-5)
1771797776.1268473,implement,receive_reward,0,3000000000001,60,998,998,1,mix_mu_5_40_terminal_dependent,90,B,none,149.0,6.0,"""[0, -1, -1, -1, -1, -1, -1, -1, -1, -1]""",1,0,1.0,等待/保持,,RL,,PPO_NEW,B,B|gt_mean=90,0.0,,,,,,,,,,,,,,,,,,,,,,removal,1,PPO_NEW_v3_1,a:\MYpython\34959_RL\codes\nexus\thesis_gapfill_patch\run_20260223_053657_571360_R30_O_10_90_PPO_NEW_S42,O_10_90,42,PPO_NEW,v3.1,1,0,1,wait,1,0,,,,,,,,,,,high(6+)
1771798766.0532053,implement,receive_reward,0,3000000000005,26,977,977,3,mix_mu_5_40_terminal_dependent,90,B,none,115.5,6.0,"""[5, -1, -1, -1, -1, -1, -1, -1, -1, -1]""",3,0,0.0,等待/保持,,RL,,PPO_NEW,B,B|gt_mean=90,0.0,,,,,,,,,,,,,,,,,,,,,,removal,1,PPO_NEW_v3_1,a:\MYpython\34959_RL\codes\nexus\thesis_gapfill_patch\run_20260223_053657_571360_R30_O_10_90_PPO_NEW_S42,O_10_90,42,PPO_NEW,v3.1,0,0,1,wait,1,0,,,,,,,,,,,high(6+)
1771798766.1564236,implement,receive_reward,0,3000000000004,26,977,977,3,mix_mu_5_40_terminal_dependent,90,B,none,121.0,6.0,"""[5, -1, -1, -1, -1, -1, -1, -1, -1, -1]""",3,0,1.0,等待/保持,,RL,,PPO_NEW,B,B|gt_mean=90,0.0,,,,,,,,,,,,,,,,,,,,,,removal,1,PPO_NEW_v3_1,a:\MYpython\34959_RL\codes\nexus\thesis_gapfill_patch\run_20260223_053657_571360_R30_O_10_90_PPO_NEW_S42,O_10_90,42,PPO_NEW,v3.1,1,0,1,wait,1,0,,,,,,,,,,,high(6+)
1771799712.6450815,implement,receive_reward,0,3000000000001,60,957,957,1,mix_mu_5_40_terminal_dependent,90,B,none,149.0,4.0,"""[0, -1, -1, -1, -1, -1, -1, -1, -1, -1]""",1,0,1.0,等待/保持,,RL,,PPO_NEW,B,B|gt_mean=90,0.0,,,,,,,,,,,,,,,,,,,,,,removal,1,PPO_NEW_v3_1,a:\MYpython\34959_RL\codes\nexus\thesis_gapfill_patch\run_20260223_053657_571360_R30_O_10_90_PPO_NEW_S42,O_10_90,42,PPO_NEW,v3.1,1,0,1,wait,1,0,,,,,,,,,,,mid(4-5)
1771799664.7166576,implement,receive_reward,1,3000000000019,36,958,958,102,mix_mu_5_40_terminal_dependent,90,B,none,9.599999999999994,6.0,"""[1.0, -1, -1, -1, -1, -1, -1, -1, -1, -1]""",102,0,0.0,等待/保持,,RL,,PPO_NEW,B,B|gt_mean=90,0.0,,,,,,,,,,,,,,,,,,,,,,removal,1,PPO_NEW_v3_1,a:\MYpython\34959_RL\codes\nexus\thesis_gapfill_patch\run_20260223_053657_571360_R30_O_10_90_PPO_NEW_S42,O_10_90,42,PPO_NEW,v3.1,0,0,1,wait,1,0,,,,,,,,,,,high(6+)
1771799664.7146578,implement,receive_reward,1,3000000000022,36,958,958,102,mix_mu_5_40_terminal_dependent,90,B,none,29.599999999999994,6.0,"""[1.0, -1, -1, -1, -1, -1, -1, -1, -1, -1]""",102,0,0.0,等待/保持,,RL,,PPO_NEW,B,B|gt_mean=90,0.0,,,,,,,,,,,,,,,,,,,,,,removal,1,PPO_NEW_v3_1,a:\MYpython\34959_RL\codes\nexus\thesis_gapfill_patch\run_20260223_053657_571360_R30_O_10_90_PPO_NEW_S42,O_10_90,42,PPO_NEW,v3.1,0,0,1,wait,1,0,,,,,,,,,,,high(6+)
1771799623.0512354,implement,receive_reward,0,3000000000028,47,958,958,4,mix_mu_5_40_terminal_dependent,90,B,none,90.0,6.0,"""[3, -1, -1, -1, -1, -1, -1, -1, -1, -1]""",4,0,0.0,等待/保持,,RL,,PPO_NEW,B,B|gt_mean=90,0.0,,,,,,,,,,,,,,,,,,,,,,removal,1,PPO_NEW_v3_1,a:\MYpython\34959_RL\codes\nexus\thesis_gapfill_patch\run_20260223_053657_571360_R30_O_10_90_PPO_NEW_S42,O_10_90,42,PPO_NEW,v3.1,0,0,1,wait,1,0,,,,,,,,,,,high(6+)
1771799622.8331947,implement,receive_reward,0,3000000000000,11,958,958,4,mix_mu_5_40_terminal_dependent,90,B,none,152.0,6.0,"""[3, -1, -1, -1, -1, -1, -1, -1, -1, -1]""",4,0,1.0,等待/保持,,RL,,PPO_NEW,B,B|gt_mean=90,0.0,,,,,,,,,,,,,,,,,,,,,,removal,1,PPO_NEW_v3_1,a:\MYpython\34959_RL\codes\nexus\thesis_gapfill_patch\run_20260223_053657_571360_R30_O_10_90_PPO_NEW_S42,O_10_90,42,PPO_NEW,v3.1,1,0,1,wait,1,0,,,,,,,,,,,high(6+)
1771799622.7081356,implement,receive_reward,0,3000000000007,10,958,958,4,mix_mu_5_40_terminal_dependent,90,B,none,131.0,6.0,"""[3, -1, -1, -1, -1, -1, -1, -1, -1, -1]""",4,0,1.0,等待/保持,,RL,,PPO_NEW,B,B|gt_mean=90,0.0,,,,,,,,,,,,,,,,,,,,,,removal,1,PPO_NEW_v3_1,a:\MYpython\34959_RL\codes\nexus\thesis_gapfill_patch\run_20260223_053657_571360_R30_O_10_90_PPO_NEW_S42,O_10_90,42,PPO_NEW,v3.1,1,0,1,wait,1,0,,,,,,,,,,,high(6+)
1771799622.6623635,implement,receive_reward,0,3000000000009,8,958,958,4,mix_mu_5_40_terminal_dependent,90,B,none,131.0,6.0,"""[3, -1, -1, -1, -1, -1, -1, -1, -1, -1]""",4,0,1.0,等待/保持,,RL,,PPO_NEW,B,B|gt_mean=90,0.0,,,,,,,,,,,,,,,,,,,,,,removal,1,PPO_NEW_v3_1,a:\MYpython\34959_RL\codes\nexus\thesis_gapfill_patch\run_20260223_053657_571360_R30_O_10_90_PPO_NEW_S42,O_10_90,42,PPO_NEW,v3.1,1,0,1,wait,1,0,,,,,,,,,,,high(6+)
1771799622.6307716,implement,receive_reward,0,3000000000014,7,958,958,4,mix_mu_5_40_terminal_dependent,90,B,none,81.0,6.0,"""[3, -1, -1, -1, -1, -1, -1, -1, -1, -1]""",4,0,0.0,等待/保持,,RL,,PPO_NEW,B,B|gt_mean=90,0.0,,,,,,,,,,,,,,,,,,,,,,removal,1,PPO_NEW_v3_1,a:\MYpython\34959_RL\codes\nexus\thesis_gapfill_patch\run_20260223_053657_571360_R30_O_10_90_PPO_NEW_S42,O_10_90,42,PPO_NEW,v3.1,0,0,1,wait,1,0,,,,,,,,,,,high(6+)
1771799622.5045774,implement,receive_reward,0,3000000000008,6,958,958,4,mix_mu_5_40_terminal_dependent,90,B,none,91.0,6.0,"""[3, -1, -1, -1, -1, -1, -1, -1, -1, -1]""",4,0,0.0,等待/保持,,RL,,PPO_NEW,B,B|gt_mean=90,0.0,,,,,,,,,,,,,,,,,,,,,,removal,1,PPO_NEW_v3_1,a:\MYpython\34959_RL\codes\nexus\thesis_gapfill_patch\run_20260223_053657_571360_R30_O_10_90_PPO_NEW_S42,O_10_90,42,PPO_NEW,v3.1,0,0,1,wait,1,0,,,,,,,,,,,high(6+)
1771799622.4003015,implement,receive_reward,0,3000000000003,3,958,958,4,mix_mu_5_40_terminal_dependent,90,B,none,48.0,6.0,"""[3, -1, -1, -1, -1, -1, -1, -1, -1, -1]""",4,0,0.0,等待/保持,,RL,,PPO_NEW,B,B|gt_mean=90,0.0,,,,,,,,,,,,,,,,,,,,,,removal,1,PPO_NEW_v3_1,a:\MYpython\34959_RL\codes\nexus\thesis_gapfill_patch\run_20260223_053657_571360_R30_O_10_90_PPO_NEW_S42,O_10_90,42,PPO_NEW,v3.1,0,0,1,wait,1,0,,,,,,,,,,,high(6+)
1771799616.219196,implement,receive_reward,1,3000000000000,11,959,959,92,mix_mu_5_40_terminal_dependent,90,B,none,64.0,5.0,"""[3, -1, -1, -1, -1, -1, -1, -1, -1, -1]""",92,0,0.0,等待/保持,,RL,,PPO_NEW,B,B|gt_mean=90,0.0,,,,,,,,,,,,,,,,,,,,,,removal,1,PPO_NEW_v3_1,a:\MYpython\34959_RL\codes\nexus\thesis_gapfill_patch\run_20260223_053657_571360_R30_O_10_90_PPO_NEW_S42,O_10_90,42,PPO_NEW,v3.1,0,0,1,wait,1,0,,,,,,,,,,,mid(4-5)
1771799616.1905205,implement,receive_reward,1,3000000000007,10,959,959,92,mix_mu_5_40_terminal_dependent,90,B,none,43.0,5.0,"""[3, -1, -1, -1, -1, -1, -1, -1, -1, -1]""",92,0,0.0,等待/保持,,RL,,PPO_NEW,B,B|gt_mean=90,0.0,,,,,,,,,,,,,,,,,,,,,,removal,1,PPO_NEW_v3_1,a:\MYpython\34959_RL\codes\nexus\thesis_gapfill_patch\run_20260223_053657_571360_R30_O_10_90_PPO_NEW_S42,O_10_90,42,PPO_NEW,v3.1,0,0,1,wait,1,0,,,,,,,,,,,mid(4-5)
1771799574.9912782,implement,receive_reward,0,3000000000012,90,959,959,2,mix_mu_5_40_terminal_dependent,90,B,none,77.0,5.0,"""[9, -1, -1, -1, -1, -1, -1, -1, -1, -1]""",2,0,0.0,等待/保持,,RL,,PPO_NEW,B,B|gt_mean=90,0.0,,,,,,,,,,,,,,,,,,,,,,removal,1,PPO_NEW_v3_1,a:\MYpython\34959_RL\codes\nexus\thesis_gapfill_patch\run_20260223_053657_571360_R30_O_10_90_PPO_NEW_S42,O_10_90,42,PPO_NEW,v3.1,0,0,1,wait,1,0,,,,,,,,,,,mid(4-5)
1771799571.8353386,implement,receive_reward,0,3000000000005,113,960,960,2,mix_mu_5_40_terminal_dependent,90,B,none,118.0,5.0,"""[7.0, -1, -1, -1, -1, -1, -1, -1, -1, -1]""",2,0,1.0,等待/保持,,RL,,PPO_NEW,B,B|gt_mean=90,0.0,,,,,,,,,,,,,,,,,,,,,,removal,1,PPO_NEW_v3_1,a:\MYpython\34959_RL\codes\nexus\thesis_gapfill_patch\run_20260223_053657_571360_R30_O_10_90_PPO_NEW_S42,O_10_90,42,PPO_NEW,v3.1,1,0,1,wait,1,0,,,,,,,,,,,mid(4-5)
1771799571.8112755,implement,receive_reward,0,3000000000002,110,960,960,2,mix_mu_5_40_terminal_dependent,90,B,none,66.0,5.0,"""[7.0, -1, -1, -1, -1, -1, -1, -1, -1, -1]""",2,0,0.0,等待/保持,,RL,,PPO_NEW,B,B|gt_mean=90,0.0,,,,,,,,,,,,,,,,,,,,,,removal,1,PPO_NEW_v3_1,a:\MYpython\34959_RL\codes\nexus\thesis_gapfill_patch\run_20260223_053657_571360_R30_O_10_90_PPO_NEW_S42,O_10_90,42,PPO_NEW,v3.1,0,0,1,wait,1,0,,,,,,,,,,,mid(4-5)
1771799525.5310497,implement,receive_reward,1,3000000000026,44,961,961,36,mix_mu_5_40_terminal_dependent,90,B,none,30.5,6.0,"""[2.0, -1, -1, -1, -1, -1, -1, -1, -1, -1]""",36,0,0.0,等待/保持,,RL,,PPO_NEW,B,B|gt_mean=90,0.0,,,,,,,,,,,,,,,,,,,,,,removal,1,PPO_NEW_v3_1,a:\MYpython\34959_RL\codes\nexus\thesis_gapfill_patch\run_20260223_053657_571360_R30_O_10_90_PPO_NEW_S42,O_10_90,42,PPO_NEW,v3.1,0,0,1,wait,1,0,,,,,,,,,,,high(6+)
1771799525.299628,implement,receive_reward,1,3000000000015,43,961,961,36,mix_mu_5_40_terminal_dependent,90,B,none,119.0,6.0,"""[2, -1, -1, -1, -1, -1, -1, -1, -1, -1]""",36,0,1.0,等待/保持,,RL,,PPO_NEW,B,B|gt_mean=90,0.0,,,,,,,,,,,,,,,,,,,,,,removal,1,PPO_NEW_v3_1,a:\MYpython\34959_RL\codes\nexus\thesis_gapfill_patch\run_20260223_053657_571360_R30_O_10_90_PPO_NEW_S42,O_10_90,42,PPO_NEW,v3.1,1,0,1,wait,1,0,,,,,,,,,,,high(6+)
1771799525.0694804,implement,receive_reward,1,3000000000029,43,961,961,36,mix_mu_5_40_terminal_dependent,90,B,none,109.5,6.0,"""[2, -1, -1, -1, -1, -1, -1, -1, -1, -1]""",36,0,1.0,等待/保持,,RL,,PPO_NEW,B,B|gt_mean=90,0.0,,,,,,,,,,,,,,,,,,,,,,removal,1,PPO_NEW_v3_1,a:\MYpython\34959_RL\codes\nexus\thesis_gapfill_patch\run_20260223_053657_571360_R30_O_10_90_PPO_NEW_S42,O_10_90,42,PPO_NEW,v3.1,1,0,1,wait,1,0,,,,,,,,,,,high(6+)
1771799483.3358533,implement,receive_reward,0,3000000000028,47,961,961,1,mix_mu_5_40_terminal_dependent,90,B,none,106.0,4.0,"""[5, -1, -1, -1, -1, -1, -1, -1, -1, -1]""",1,0,1.0,等待/保持,,RL,,PPO_NEW,B,B|gt_mean=90,0.0,,,,,,,,,,,,,,,,,,,,,,removal,1,PPO_NEW_v3_1,a:\MYpython\34959_RL\codes\nexus\thesis_gapfill_patch\run_20260223_053657_571360_R30_O_10_90_PPO_NEW_S42,O_10_90,42,PPO_NEW,v3.1,1,0,1,wait,1,0,,,,,,,,,,,mid(4-5)
1771799483.2431943,implement,receive_reward,0,3000000000026,44,961,961,1,mix_mu_5_40_terminal_dependent,90,B,none,82.0,4.0,"""[5.0, -1, -1, -1, -1, -1, -1, -1, -1, -1]""",1,0,1.0,等待/保持,,RL,,PPO_NEW,B,B|gt_mean=90,0.0,,,,,,,,,,,,,,,,,,,,,,removal,1,PPO_NEW_v3_1,a:\MYpython\34959_RL\codes\nexus\thesis_gapfill_patch\run_20260223_053657_571360_R30_O_10_90_PPO_NEW_S42,O_10_90,42,PPO_NEW,v3.1,1,0,1,wait,1,0,,,,,,,,,,,mid(4-5)
1771799483.1168716,implement,receive_reward,0,3000000000022,36,961,961,1,mix_mu_5_40_terminal_dependent,90,B,none,148.1,4.0,"""[5.0, -1, -1, -1, -1, -1, -1, -1, -1, -1]""",1,0,1.0,等待/保持,,RL,,PPO_NEW,B,B|gt_mean=90,0.0,,,,,,,,,,,,,,,,,,,,,,removal,1,PPO_NEW_v3_1,a:\MYpython\34959_RL\codes\nexus\thesis_gapfill_patch\run_20260223_053657_571360_R30_O_10_90_PPO_NEW_S42,O_10_90,42,PPO_NEW,v3.1,1,0,1,wait,1,0,,,,,,,,,,,mid(4-5)
1771799714.7105756,implement,receive_reward,0,3000000000025,102,956,956,2,mix_mu_5_40_terminal_dependent,90,B,none,130.0,5.0,"""[6.0, -1, -1, -1, -1, -1, -1, -1, -1, -1]""",2,0,1.0,等待/保持,,RL,,PPO_NEW,B,B|gt_mean=90,0.0,,,,,,,,,,,,,,,,,,,,,,removal,1,PPO_NEW_v3_1,a:\MYpython\34959_RL\codes\nexus\thesis_gapfill_patch\run_20260223_053657_571360_R30_O_10_90_PPO_NEW_S42,O_10_90,42,PPO_NEW,v3.1,1,0,1,wait,1,0,,,,,,,,,,,mid(4-5)
1771799482.9765084,implement,receive_reward,0,3000000000019,36,961,961,1,mix_mu_5_40_terminal_dependent,90,B,none,128.1,4.0,"""[5.0, -1, -1, -1, -1, -1, -1, -1, -1, -1]""",1,0,1.0,等待/保持,,RL,,PPO_NEW,B,B|gt_mean=90,0.0,,,,,,,,,,,,,,,,,,,,,,removal,1,PPO_NEW_v3_1,a:\MYpython\34959_RL\codes\nexus\thesis_gapfill_patch\run_20260223_053657_571360_R30_O_10_90_PPO_NEW_S42,O_10_90,42,PPO_NEW,v3.1,1,0,1,wait,1,0,,,,,,,,,,,mid(4-5)
1771799714.7165751,implement,receive_reward,0,3000000000027,102,956,956,2,mix_mu_5_40_terminal_dependent,90,B,none,71.0,5.0,"""[6.0, -1, -1, -1, -1, -1, -1, -1, -1, -1]""",2,0,0.0,等待/保持,,RL,,PPO_NEW,B,B|gt_mean=90,0.0,,,,,,,,,,,,,,,,,,,,,,removal,1,PPO_NEW_v3_1,a:\MYpython\34959_RL\codes\nexus\thesis_gapfill_patch\run_20260223_053657_571360_R30_O_10_90_PPO_NEW_S42,O_10_90,42,PPO_NEW,v3.1,0,0,1,wait,1,0,,,,,,,,,,,mid(4-5)
1771799767.8364096,implement,receive_reward,1,3000000000006,109,956,956,82,mix_mu_5_40_terminal_dependent,90,B,none,58.19999999999999,6.0,"""[4.0, -1, -1, -1, -1, -1, -1, -1, -1, -1]""",82,0,0.0,等待/保持,,RL,,PPO_NEW,B,B|gt_mean=90,0.0,,,,,,,,,,,,,,,,,,,,,,removal,1,PPO_NEW_v3_1,a:\MYpython\34959_RL\codes\nexus\thesis_gapfill_patch\run_20260223_053657_571360_R30_O_10_90_PPO_NEW_S42,O_10_90,42,PPO_NEW,v3.1,0,0,1,wait,1,0,,,,,,,,,,,high(6+)
1771800074.1017737,implement,receive_reward,0,3000000000012,90,949,949,1,mix_mu_5_40_terminal_dependent,90,B,none,69.0,3.0,"""[0, -1, -1, -1, -1, -1, -1, -1, -1, -1]""",1,0,1.0,等待/保持,,RL,,PPO_NEW,B,B|gt_mean=90,0.0,,,,,,,,,,,,,,,,,,,,,,removal,1,PPO_NEW_v3_1,a:\MYpython\34959_RL\codes\nexus\thesis_gapfill_patch\run_20260223_053657_571360_R30_O_10_90_PPO_NEW_S42,O_10_90,42,PPO_NEW,v3.1,1,0,1,wait,1,0,,,,,,,,,,,low(2-3)
1771800074.1007748,implement,receive_reward,0,3000000000015,83,949,949,1,mix_mu_5_40_terminal_dependent,90,B,none,153.5,3.0,"""[0.0, -1, -1, -1, -1, -1, -1, -1, -1, -1]""",1,0,1.0,等待/保持,,RL,,PPO_NEW,B,B|gt_mean=90,0.0,,,,,,,,,,,,,,,,,,,,,,removal,1,PPO_NEW_v3_1,a:\MYpython\34959_RL\codes\nexus\thesis_gapfill_patch\run_20260223_053657_571360_R30_O_10_90_PPO_NEW_S42,O_10_90,42,PPO_NEW,v3.1,1,0,1,wait,1,0,,,,,,,,,,,low(2-3)
1771800074.0987744,implement,receive_reward,0,3000000000016,82,949,949,1,mix_mu_5_40_terminal_dependent,90,B,none,75.28,3.0,"""[0.0, -1, -1, -1, -1, -1, -1, -1, -1, -1]""",1,0,1.0,等待/保持,,RL,,PPO_NEW,B,B|gt_mean=90,0.0,,,,,,,,,,,,,,,,,,,,,,removal,1,PPO_NEW_v3_1,a:\MYpython\34959_RL\codes\nexus\thesis_gapfill_patch\run_20260223_053657_571360_R30_O_10_90_PPO_NEW_S42,O_10_90,42,PPO_NEW,v3.1,1,0,1,wait,1,0,,,,,,,,,,,low(2-3)
1771800069.4376936,implement,receive_reward,0,3000000000012,90,951,951,4,mix_mu_5_40_terminal_dependent,90,B,none,66.0,4.0,"""[0, -1, -1, -1, -1, -1, -1, -1, -1, -1]""",4,0,0.0,等待/保持,,RL,,PPO_NEW,B,B|gt_mean=90,0.0,,,,,,,,,,,,,,,,,,,,,,removal,1,PPO_NEW_v3_1,a:\MYpython\34959_RL\codes\nexus\thesis_gapfill_patch\run_20260223_053657_571360_R30_O_10_90_PPO_NEW_S42,O_10_90,42,PPO_NEW,v3.1,0,0,1,wait,1,0,,,,,,,,,,,mid(4-5)
1771800069.0747108,implement,receive_reward,0,3000000000015,83,951,951,4,mix_mu_5_40_terminal_dependent,90,B,none,150.5,4.0,"""[0.0, -1, -1, -1, -1, -1, -1, -1, -1, -1]""",4,0,1.0,等待/保持,,RL,,PPO_NEW,B,B|gt_mean=90,0.0,,,,,,,,,,,,,,,,,,,,,,removal,1,PPO_NEW_v3_1,a:\MYpython\34959_RL\codes\nexus\thesis_gapfill_patch\run_20260223_053657_571360_R30_O_10_90_PPO_NEW_S42,O_10_90,42,PPO_NEW,v3.1,1,0,1,wait,1,0,,,,,,,,,,,mid(4-5)
1771800068.7870588,implement,receive_reward,0,3000000000016,82,951,951,4,mix_mu_5_40_terminal_dependent,90,B,none,72.28,4.0,"""[0.0, -1, -1, -1, -1, -1, -1, -1, -1, -1]""",4,0,0.0,等待/保持,,RL,,PPO_NEW,B,B|gt_mean=90,0.0,,,,,,,,,,,,,,,,,,,,,,removal,1,PPO_NEW_v3_1,a:\MYpython\34959_RL\codes\nexus\thesis_gapfill_patch\run_20260223_053657_571360_R30_O_10_90_PPO_NEW_S42,O_10_90,42,PPO_NEW,v3.1,0,0,1,wait,1,0,,,,,,,,,,,mid(4-5)
1771799962.5732155,implement,receive_reward,1,3000000000022,36,952,952,95,mix_mu_5_40_terminal_dependent,90,B,none,54.099999999999994,6.0,"""[5.0, -1, -1, -1, -1, -1, -1, -1, -1, -1]""",95,0,0.0,等待/保持,,RL,,PPO_NEW,B,B|gt_mean=90,0.0,,,,,,,,,,,,,,,,,,,,,,removal,1,PPO_NEW_v3_1,a:\MYpython\34959_RL\codes\nexus\thesis_gapfill_patch\run_20260223_053657_571360_R30_O_10_90_PPO_NEW_S42,O_10_90,42,PPO_NEW,v3.1,0,0,1,wait,1,0,,,,,,,,,,,high(6+)
1771799962.5558221,implement,receive_reward,1,3000000000019,36,952,952,95,mix_mu_5_40_terminal_dependent,90,B,none,34.099999999999994,6.0,"""[5.0, -1, -1, -1, -1, -1, -1, -1, -1, -1]""",95,0,0.0,等待/保持,,RL,,PPO_NEW,B,B|gt_mean=90,0.0,,,,,,,,,,,,,,,,,,,,,,removal,1,PPO_NEW_v3_1,a:\MYpython\34959_RL\codes\nexus\thesis_gapfill_patch\run_20260223_053657_571360_R30_O_10_90_PPO_NEW_S42,O_10_90,42,PPO_NEW,v3.1,0,0,1,wait,1,0,,,,,,,,,,,high(6+)
1771799962.322046,implement,receive_reward,1,3000000000004,26,952,952,95,mix_mu_5_40_terminal_dependent,90,B,none,29.0,6.0,"""[5, -1, -1, -1, -1, -1, -1, -1, -1, -1]""",95,0,0.0,等待/保持,,RL,,PPO_NEW,B,B|gt_mean=90,0.0,,,,,,,,,,,,,,,,,,,,,,removal,1,PPO_NEW_v3_1,a:\MYpython\34959_RL\codes\nexus\thesis_gapfill_patch\run_20260223_053657_571360_R30_O_10_90_PPO_NEW_S42,O_10_90,42,PPO_NEW,v3.1,0,0,1,wait,1,0,,,,,,,,,,,high(6+)
1771799962.1739736,implement,receive_reward,1,3000000000005,26,952,952,95,mix_mu_5_40_terminal_dependent,90,B,none,23.5,6.0,"""[5, -1, -1, -1, -1, -1, -1, -1, -1, -1]""",95,0,1.0,等待/保持,,RL,,PPO_NEW,B,B|gt_mean=90,0.0,,,,,,,,,,,,,,,,,,,,,,removal,1,PPO_NEW_v3_1,a:\MYpython\34959_RL\codes\nexus\thesis_gapfill_patch\run_20260223_053657_571360_R30_O_10_90_PPO_NEW_S42,O_10_90,42,PPO_NEW,v3.1,1,0,1,wait,1,0,,,,,,,,,,,high(6+)
1771799911.1732392,implement,receive_reward,0,3000000000012,90,953,953,2,mix_mu_5_40_terminal_dependent,90,B,none,77.0,6.0,"""[9, -1, -1, -1, -1, -1, -1, -1, -1, -1]""",2,0,0.0,等待/保持,,RL,,PPO_NEW,B,B|gt_mean=90,0.0,,,,,,,,,,,,,,,,,,,,,,removal,1,PPO_NEW_v3_1,a:\MYpython\34959_RL\codes\nexus\thesis_gapfill_patch\run_20260223_053657_571360_R30_O_10_90_PPO_NEW_S42,O_10_90,42,PPO_NEW,v3.1,0,0,1,wait,1,0,,,,,,,,,,,high(6+)
1771799861.4110029,implement,receive_reward,0,3000000000024,79,954,954,2,mix_mu_5_40_terminal_dependent,90,B,none,154.0,6.0,"""[9, -1, -1, -1, -1, -1, -1, -1, -1, -1]""",2,0,1.0,等待/保持,,RL,,PPO_NEW,B,B|gt_mean=90,0.0,,,,,,,,,,,,,,,,,,,,,,removal,1,PPO_NEW_v3_1,a:\MYpython\34959_RL\codes\nexus\thesis_gapfill_patch\run_20260223_053657_571360_R30_O_10_90_PPO_NEW_S42,O_10_90,42,PPO_NEW,v3.1,1,0,1,wait,1,0,,,,,,,,,,,high(6+)
1771799861.3607166,implement,receive_reward,0,3000000000018,71,954,954,2,mix_mu_5_40_terminal_dependent,90,B,none,123.0,6.0,"""[9.0, -1, -1, -1, -1, -1, -1, -1, -1, -1]""",2,0,1.0,等待/保持,,RL,,PPO_NEW,B,B|gt_mean=90,0.0,,,,,,,,,,,,,,,,,,,,,,removal,1,PPO_NEW_v3_1,a:\MYpython\34959_RL\codes\nexus\thesis_gapfill_patch\run_20260223_053657_571360_R30_O_10_90_PPO_NEW_S42,O_10_90,42,PPO_NEW,v3.1,1,0,1,wait,1,0,,,,,,,,,,,high(6+)
1771799817.5498426,implement,receive_reward,0,3000000000013,111,955,955,3,mix_mu_5_40_terminal_dependent,90,B,none,54.5,6.0,"""[4.0, -1, -1, -1, -1, -1, -1, -1, -1, -1]""",3,0,0.0,等待/保持,,RL,,PPO_NEW,B,B|gt_mean=90,0.0,,,,,,,,,,,,,,,,,,,,,,removal,1,PPO_NEW_v3_1,a:\MYpython\34959_RL\codes\nexus\thesis_gapfill_patch\run_20260223_053657_571360_R30_O_10_90_PPO_NEW_S42,O_10_90,42,PPO_NEW,v3.1,0,0,1,wait,1,0,,,,,,,,,,,high(6+)
1771799817.2706745,implement,receive_reward,0,3000000000020,111,955,955,3,mix_mu_5_40_terminal_dependent,90,B,none,50.5,6.0,"""[4.0, -1, -1, -1, -1, -1, -1, -1, -1, -1]""",3,0,0.0,等待/保持,,RL,,PPO_NEW,B,B|gt_mean=90,0.0,,,,,,,,,,,,,,,,,,,,,,removal,1,PPO_NEW_v3_1,a:\MYpython\34959_RL\codes\nexus\thesis_gapfill_patch\run_20260223_053657_571360_R30_O_10_90_PPO_NEW_S42,O_10_90,42,PPO_NEW,v3.1,0,0,1,wait,1,0,,,,,,,,,,,high(6+)
1771799816.989618,implement,receive_reward,0,3000000000029,111,955,955,3,mix_mu_5_40_terminal_dependent,90,B,none,155.5,6.0,"""[4.0, -1, -1, -1, -1, -1, -1, -1, -1, -1]""",3,0,1.0,等待/保持,,RL,,PPO_NEW,B,B|gt_mean=90,0.0,,,,,,,,,,,,,,,,,,,,,,removal,1,PPO_NEW_v3_1,a:\MYpython\34959_RL\codes\nexus\thesis_gapfill_patch\run_20260223_053657_571360_R30_O_10_90_PPO_NEW_S42,O_10_90,42,PPO_NEW,v3.1,1,0,1,wait,1,0,,,,,,,,,,,high(6+)
1771799816.739846,implement,receive_reward,0,3000000000011,111,955,955,3,mix_mu_5_40_terminal_dependent,90,B,none,90.5,6.0,"""[4.0, -1, -1, -1, -1, -1, -1, -1, -1, -1]""",3,0,0.0,等待/保持,,RL,,PPO_NEW,B,B|gt_mean=90,0.0,,,,,,,,,,,,,,,,,,,,,,removal,1,PPO_NEW_v3_1,a:\MYpython\34959_RL\codes\nexus\thesis_gapfill_patch\run_20260223_053657_571360_R30_O_10_90_PPO_NEW_S42,O_10_90,42,PPO_NEW,v3.1,0,0,1,wait,1,0,,,,,,,,,,,high(6+)
1771799816.5215926,implement,receive_reward,0,3000000000002,110,955,955,3,mix_mu_5_40_terminal_dependent,90,B,none,64.1,6.0,"""[4.0, -1, -1, -1, -1, -1, -1, -1, -1, -1]""",3,0,0.0,等待/保持,,RL,,PPO_NEW,B,B|gt_mean=90,0.0,,,,,,,,,,,,,,,,,,,,,,removal,1,PPO_NEW_v3_1,a:\MYpython\34959_RL\codes\nexus\thesis_gapfill_patch\run_20260223_053657_571360_R30_O_10_90_PPO_NEW_S42,O_10_90,42,PPO_NEW,v3.1,0,0,1,wait,1,0,,,,,,,,,,,high(6+)
1771799816.5052412,implement,receive_reward,0,3000000000006,109,955,955,3,mix_mu_5_40_terminal_dependent,90,B,none,137.2,6.0,"""[4.0, -1, -1, -1, -1, -1, -1, -1, -1, -1]""",3,0,1.0,等待/保持,,RL,,PPO_NEW,B,B|gt_mean=90,0.0,,,,,,,,,,,,,,,,,,,,,,removal,1,PPO_NEW_v3_1,a:\MYpython\34959_RL\codes\nexus\thesis_gapfill_patch\run_20260223_053657_571360_R30_O_10_90_PPO_NEW_S42,O_10_90,42,PPO_NEW,v3.1,1,0,1,wait,1,0,,,,,,,,,,,high(6+)
1771799816.460704,implement,receive_reward,0,3000000000024,100,955,955,3,mix_mu_5_40_terminal_dependent,90,B,none,141.0,6.0,"""[4.0, -1, -1, -1, -1, -1, -1, -1, -1, -1]""",3,0,1.0,等待/保持,,RL,,PPO_NEW,B,B|gt_mean=90,0.0,,,,,,,,,,,,,,,,,,,,,,removal,1,PPO_NEW_v3_1,a:\MYpython\34959_RL\codes\nexus\thesis_gapfill_patch\run_20260223_053657_571360_R30_O_10_90_PPO_NEW_S42,O_10_90,42,PPO_NEW,v3.1,1,0,1,wait,1,0,,,,,,,,,,,high(6+)
1771799767.867433,implement,receive_reward,1,3000000000029,111,956,956,82,mix_mu_5_40_terminal_dependent,90,B,none,76.5,6.0,"""[4.0, -1, -1, -1, -1, -1, -1, -1, -1, -1]""",82,0,0.0,等待/保持,,RL,,PPO_NEW,B,B|gt_mean=90,0.0,,,,,,,,,,,,,,,,,,,,,,removal,1,PPO_NEW_v3_1,a:\MYpython\34959_RL\codes\nexus\thesis_gapfill_patch\run_20260223_053657_571360_R30_O_10_90_PPO_NEW_S42,O_10_90,42,PPO_NEW,v3.1,0,0,1,wait,1,0,,,,,,,,,,,high(6+)
1771799767.69988,implement,receive_reward,1,3000000000024,100,956,956,82,mix_mu_5_40_terminal_dependent,90,B,none,62.0,6.0,"""[4.0, -1, -1, -1, -1, -1, -1, -1, -1, -1]""",82,0,0.0,等待/保持,,RL,,PPO_NEW,B,B|gt_mean=90,0.0,,,,,,,,,,,,,,,,,,,,,,removal,1,PPO_NEW_v3_1,a:\MYpython\34959_RL\codes\nexus\thesis_gapfill_patch\run_20260223_053657_571360_R30_O_10_90_PPO_NEW_S42,O_10_90,42,PPO_NEW,v3.1,0,0,1,wait,1,0,,,,,,,,,,,high(6+)
1771797816.08086,implement,receive_reward,1,3000000000022,36,998,998,75,mix_mu_5_40_terminal_dependent,90,B,none,56.599999999999994,6.0,"""[1.0, -1, -1, -1, -1, -1, -1, -1, -1, -1]""",75,0,0.0,等待/保持,,RL,,PPO_NEW,B,B|gt_mean=90,0.0,,,,,,,,,,,,,,,,,,,,,,removal,1,PPO_NEW_v3_1,a:\MYpython\34959_RL\codes\nexus\thesis_gapfill_patch\run_20260223_053657_571360_R30_O_10_90_PPO_NEW_S42,O_10_90,42,PPO_NEW,v3.1,0,0,1,wait,1,0,,,,,,,,,,,high(6+)
1771799482.7580929,implement,receive_reward,0,3000000000004,26,961,961,1,mix_mu_5_40_terminal_dependent,90,B,none,123.0,4.0,"""[5, -1, -1, -1, -1, -1, -1, -1, -1, -1]""",1,0,1.0,等待/保持,,RL,,PPO_NEW,B,B|gt_mean=90,0.0,,,,,,,,,,,,,,,,,,,,,,removal,1,PPO_NEW_v3_1,a:\MYpython\34959_RL\codes\nexus\thesis_gapfill_patch\run_20260223_053657_571360_R30_O_10_90_PPO_NEW_S42,O_10_90,42,PPO_NEW,v3.1,1,0,1,wait,1,0,,,,,,,,,,,mid(4-5)
1771799478.1993701,implement,receive_reward,0,3000000000023,92,964,964,4,mix_mu_5_40_terminal_dependent,90,B,none,52.8,2.0,"""[1.0, -1, -1, -1, -1, -1, -1, -1, -1, -1]""",4,0,0.0,等待/保持,,RL,,PPO_NEW,B,B|gt_mean=90,0.0,,,,,,,,,,,,,,,,,,,,,,removal,1,PPO_NEW_v3_1,a:\MYpython\34959_RL\codes\nexus\thesis_gapfill_patch\run_20260223_053657_571360_R30_O_10_90_PPO_NEW_S42,O_10_90,42,PPO_NEW,v3.1,0,0,1,wait,1,0,,,,,,,,,,,low(2-3)
1771798992.908058,implement,receive_reward,0,3000000000022,114,971,971,1,mix_mu_5_40_terminal_dependent,90,B,none,150.0,6.0,"""[8.0, -1, -1, -1, -1, -1, -1, -1, -1, -1]""",1,0,1.0,等待/保持,,RL,,PPO_NEW,B,B|gt_mean=90,0.0,,,,,,,,,,,,,,,,,,,,,,removal,1,PPO_NEW_v3_1,a:\MYpython\34959_RL\codes\nexus\thesis_gapfill_patch\run_20260223_053657_571360_R30_O_10_90_PPO_NEW_S42,O_10_90,42,PPO_NEW,v3.1,1,0,1,wait,1,0,,,,,,,,,,,high(6+)
1771798992.6753523,implement,receive_reward,0,3000000000019,114,971,971,1,mix_mu_5_40_terminal_dependent,90,B,none,130.0,6.0,"""[8.0, -1, -1, -1, -1, -1, -1, -1, -1, -1]""",1,0,1.0,等待/保持,,RL,,PPO_NEW,B,B|gt_mean=90,0.0,,,,,,,,,,,,,,,,,,,,,,removal,1,PPO_NEW_v3_1,a:\MYpython\34959_RL\codes\nexus\thesis_gapfill_patch\run_20260223_053657_571360_R30_O_10_90_PPO_NEW_S42,O_10_90,42,PPO_NEW,v3.1,1,0,1,wait,1,0,,,,,,,,,,,high(6+)
1771798992.4143152,implement,receive_reward,0,3000000000011,111,971,971,1,mix_mu_5_40_terminal_dependent,90,B,none,94.0,6.0,"""[8.0, -1, -1, -1, -1, -1, -1, -1, -1, -1]""",1,0,0.0,等待/保持,,RL,,PPO_NEW,B,B|gt_mean=90,0.0,,,,,,,,,,,,,,,,,,,,,,removal,1,PPO_NEW_v3_1,a:\MYpython\34959_RL\codes\nexus\thesis_gapfill_patch\run_20260223_053657_571360_R30_O_10_90_PPO_NEW_S42,O_10_90,42,PPO_NEW,v3.1,0,0,1,wait,1,0,,,,,,,,,,,high(6+)
1771798992.133049,implement,receive_reward,0,3000000000029,111,971,971,1,mix_mu_5_40_terminal_dependent,90,B,none,159.0,6.0,"""[8.0, -1, -1, -1, -1, -1, -1, -1, -1, -1]""",1,0,1.0,等待/保持,,RL,,PPO_NEW,B,B|gt_mean=90,0.0,,,,,,,,,,,,,,,,,,,,,,removal,1,PPO_NEW_v3_1,a:\MYpython\34959_RL\codes\nexus\thesis_gapfill_patch\run_20260223_053657_571360_R30_O_10_90_PPO_NEW_S42,O_10_90,42,PPO_NEW,v3.1,1,0,1,wait,1,0,,,,,,,,,,,high(6+)
1771798991.896728,implement,receive_reward,0,3000000000020,111,971,971,1,mix_mu_5_40_terminal_dependent,90,B,none,54.0,6.0,"""[8.0, -1, -1, -1, -1, -1, -1, -1, -1, -1]""",1,0,0.0,等待/保持,,RL,,PPO_NEW,B,B|gt_mean=90,0.0,,,,,,,,,,,,,,,,,,,,,,removal,1,PPO_NEW_v3_1,a:\MYpython\34959_RL\codes\nexus\thesis_gapfill_patch\run_20260223_053657_571360_R30_O_10_90_PPO_NEW_S42,O_10_90,42,PPO_NEW,v3.1,0,0,1,wait,1,0,,,,,,,,,,,high(6+)
1771798991.7241123,implement,receive_reward,0,3000000000013,111,971,971,1,mix_mu_5_40_terminal_dependent,90,B,none,58.0,6.0,"""[8.0, -1, -1, -1, -1, -1, -1, -1, -1, -1]""",1,0,0.0,等待/保持,,RL,,PPO_NEW,B,B|gt_mean=90,0.0,,,,,,,,,,,,,,,,,,,,,,removal,1,PPO_NEW_v3_1,a:\MYpython\34959_RL\codes\nexus\thesis_gapfill_patch\run_20260223_053657_571360_R30_O_10_90_PPO_NEW_S42,O_10_90,42,PPO_NEW,v3.1,0,0,1,wait,1,0,,,,,,,,,,,high(6+)
1771798988.38986,implement,receive_reward,0,3000000000019,114,972,972,4,mix_mu_5_40_terminal_dependent,90,B,none,126.1,5.0,"""[5.0, -1, -1, -1, -1, -1, -1, -1, -1, -1]""",4,0,1.0,等待/保持,,RL,,PPO_NEW,B,B|gt_mean=90,0.0,,,,,,,,,,,,,,,,,,,,,,removal,1,PPO_NEW_v3_1,a:\MYpython\34959_RL\codes\nexus\thesis_gapfill_patch\run_20260223_053657_571360_R30_O_10_90_PPO_NEW_S42,O_10_90,42,PPO_NEW,v3.1,1,0,1,wait,1,0,,,,,,,,,,,mid(4-5)
1771798988.3878598,implement,receive_reward,0,3000000000022,114,972,972,4,mix_mu_5_40_terminal_dependent,90,B,none,146.1,5.0,"""[5.0, -1, -1, -1, -1, -1, -1, -1, -1, -1]""",4,0,1.0,等待/保持,,RL,,PPO_NEW,B,B|gt_mean=90,0.0,,,,,,,,,,,,,,,,,,,,,,removal,1,PPO_NEW_v3_1,a:\MYpython\34959_RL\codes\nexus\thesis_gapfill_patch\run_20260223_053657_571360_R30_O_10_90_PPO_NEW_S42,O_10_90,42,PPO_NEW,v3.1,1,0,1,wait,1,0,,,,,,,,,,,mid(4-5)
1771798988.2926362,implement,receive_reward,0,3000000000005,113,972,972,4,mix_mu_5_40_terminal_dependent,90,B,none,115.5,5.0,"""[5.0, -1, -1, -1, -1, -1, -1, -1, -1, -1]""",4,0,1.0,等待/保持,,RL,,PPO_NEW,B,B|gt_mean=90,0.0,,,,,,,,,,,,,,,,,,,,,,removal,1,PPO_NEW_v3_1,a:\MYpython\34959_RL\codes\nexus\thesis_gapfill_patch\run_20260223_053657_571360_R30_O_10_90_PPO_NEW_S42,O_10_90,42,PPO_NEW,v3.1,1,0,1,wait,1,0,,,,,,,,,,,mid(4-5)
1771798988.1157482,implement,receive_reward,0,3000000000006,109,972,972,4,mix_mu_5_40_terminal_dependent,90,B,none,137.0,5.0,"""[5.0, -1, -1, -1, -1, -1, -1, -1, -1, -1]""",4,0,1.0,等待/保持,,RL,,PPO_NEW,B,B|gt_mean=90,0.0,,,,,,,,,,,,,,,,,,,,,,removal,1,PPO_NEW_v3_1,a:\MYpython\34959_RL\codes\nexus\thesis_gapfill_patch\run_20260223_053657_571360_R30_O_10_90_PPO_NEW_S42,O_10_90,42,PPO_NEW,v3.1,1,0,1,wait,1,0,,,,,,,,,,,mid(4-5)
1771798940.0469854,implement,receive_reward,1,3000000000001,60,974,974,63,mix_mu_5_40_terminal_dependent,90,B,none,87.0,6.0,"""[0, -1, -1, -1, -1, -1, -1, -1, -1, -1]""",63,0,1.0,等待/保持,,RL,,PPO_NEW,B,B|gt_mean=90,0.0,,,,,,,,,,,,,,,,,,,,,,removal,1,PPO_NEW_v3_1,a:\MYpython\34959_RL\codes\nexus\thesis_gapfill_patch\run_20260223_053657_571360_R30_O_10_90_PPO_NEW_S42,O_10_90,42,PPO_NEW,v3.1,1,0,1,wait,1,0,,,,,,,,,,,high(6+)
1771798856.8671849,implement,receive_reward,0,3000000000024,79,974,974,2,mix_mu_5_40_terminal_dependent,90,B,none,142.0,3.0,"""[4, -1, -1, -1, -1, -1, -1, -1, -1, -1]""",2,0,1.0,等待/保持,,RL,,PPO_NEW,B,B|gt_mean=90,0.0,,,,,,,,,,,,,,,,,,,,,,removal,1,PPO_NEW_v3_1,a:\MYpython\34959_RL\codes\nexus\thesis_gapfill_patch\run_20260223_053657_571360_R30_O_10_90_PPO_NEW_S42,O_10_90,42,PPO_NEW,v3.1,1,0,1,wait,1,0,,,,,,,,,,,low(2-3)
1771798855.0101597,implement,receive_reward,0,3000000000005,113,975,975,1,mix_mu_5_40_terminal_dependent,90,B,none,119.0,3.0,"""[7.0, -1, -1, -1, -1, -1, -1, -1, -1, -1]""",1,0,0.0,等待/保持,,RL,,PPO_NEW,B,B|gt_mean=90,0.0,,,,,,,,,,,,,,,,,,,,,,removal,1,PPO_NEW_v3_1,a:\MYpython\34959_RL\codes\nexus\thesis_gapfill_patch\run_20260223_053657_571360_R30_O_10_90_PPO_NEW_S42,O_10_90,42,PPO_NEW,v3.1,0,0,1,wait,1,0,,,,,,,,,,,low(2-3)
1771798855.0081508,implement,receive_reward,0,3000000000002,110,975,975,1,mix_mu_5_40_terminal_dependent,90,B,none,67.0,3.0,"""[7.0, -1, -1, -1, -1, -1, -1, -1, -1, -1]""",1,0,0.0,等待/保持,,RL,,PPO_NEW,B,B|gt_mean=90,0.0,,,,,,,,,,,,,,,,,,,,,,removal,1,PPO_NEW_v3_1,a:\MYpython\34959_RL\codes\nexus\thesis_gapfill_patch\run_20260223_053657_571360_R30_O_10_90_PPO_NEW_S42,O_10_90,42,PPO_NEW,v3.1,0,0,1,wait,1,0,,,,,,,,,,,low(2-3)
1771798813.4711058,implement,receive_reward,1,3000000000005,113,976,976,112,mix_mu_5_40_terminal_dependent,90,B,none,8.0,6.0,"""[7.0, -1, -1, -1, -1, -1, -1, -1, -1, -1]""",112,0,0.0,等待/保持,,RL,,PPO_NEW,B,B|gt_mean=90,0.0,,,,,,,,,,,,,,,,,,,,,,removal,1,PPO_NEW_v3_1,a:\MYpython\34959_RL\codes\nexus\thesis_gapfill_patch\run_20260223_053657_571360_R30_O_10_90_PPO_NEW_S42,O_10_90,42,PPO_NEW,v3.1,0,0,1,wait,1,0,,,,,,,,,,,high(6+)
1771798769.11664,implement,receive_reward,0,3000000000024,79,976,976,2,mix_mu_5_40_terminal_dependent,90,B,none,154.0,5.0,"""[9, -1, -1, -1, -1, -1, -1, -1, -1, -1]""",2,0,1.0,等待/保持,,RL,,PPO_NEW,B,B|gt_mean=90,0.0,,,,,,,,,,,,,,,,,,,,,,removal,1,PPO_NEW_v3_1,a:\MYpython\34959_RL\codes\nexus\thesis_gapfill_patch\run_20260223_053657_571360_R30_O_10_90_PPO_NEW_S42,O_10_90,42,PPO_NEW,v3.1,1,0,1,wait,1,0,,,,,,,,,,,mid(4-5)
1771798769.1146398,implement,receive_reward,0,3000000000018,71,976,976,2,mix_mu_5_40_terminal_dependent,90,B,none,123.0,5.0,"""[9.0, -1, -1, -1, -1, -1, -1, -1, -1, -1]""",2,0,1.0,等待/保持,,RL,,PPO_NEW,B,B|gt_mean=90,0.0,,,,,,,,,,,,,,,,,,,,,,removal,1,PPO_NEW_v3_1,a:\MYpython\34959_RL\codes\nexus\thesis_gapfill_patch\run_20260223_053657_571360_R30_O_10_90_PPO_NEW_S42,O_10_90,42,PPO_NEW,v3.1,1,0,1,wait,1,0,,,,,,,,,,,mid(4-5)
1771798766.7355115,implement,receive_reward,0,3000000000028,47,977,977,3,mix_mu_5_40_terminal_dependent,90,B,none,104.0,6.0,"""[5, -1, -1, -1, -1, -1, -1, -1, -1, -1]""",3,0,0.0,等待/保持,,RL,,PPO_NEW,B,B|gt_mean=90,0.0,,,,,,,,,,,,,,,,,,,,,,removal,1,PPO_NEW_v3_1,a:\MYpython\34959_RL\codes\nexus\thesis_gapfill_patch\run_20260223_053657_571360_R30_O_10_90_PPO_NEW_S42,O_10_90,42,PPO_NEW,v3.1,0,0,1,wait,1,0,,,,,,,,,,,high(6+)
1771798766.6112661,implement,receive_reward,0,3000000000026,44,977,977,3,mix_mu_5_40_terminal_dependent,90,B,none,80.0,6.0,"""[5.0, -1, -1, -1, -1, -1, -1, -1, -1, -1]""",3,0,0.0,等待/保持,,RL,,PPO_NEW,B,B|gt_mean=90,0.0,,,,,,,,,,,,,,,,,,,,,,removal,1,PPO_NEW_v3_1,a:\MYpython\34959_RL\codes\nexus\thesis_gapfill_patch\run_20260223_053657_571360_R30_O_10_90_PPO_NEW_S42,O_10_90,42,PPO_NEW,v3.1,0,0,1,wait,1,0,,,,,,,,,,,high(6+)
1771798766.4073672,implement,receive_reward,0,3000000000022,36,977,977,3,mix_mu_5_40_terminal_dependent,90,B,none,146.1,6.0,"""[5.0, -1, -1, -1, -1, -1, -1, -1, -1, -1]""",3,0,1.0,等待/保持,,RL,,PPO_NEW,B,B|gt_mean=90,0.0,,,,,,,,,,,,,,,,,,,,,,removal,1,PPO_NEW_v3_1,a:\MYpython\34959_RL\codes\nexus\thesis_gapfill_patch\run_20260223_053657_571360_R30_O_10_90_PPO_NEW_S42,O_10_90,42,PPO_NEW,v3.1,1,0,1,wait,1,0,,,,,,,,,,,high(6+)
1771798766.2025104,implement,receive_reward,0,3000000000019,36,977,977,3,mix_mu_5_40_terminal_dependent,90,B,none,126.1,6.0,"""[5.0, -1, -1, -1, -1, -1, -1, -1, -1, -1]""",3,0,1.0,等待/保持,,RL,,PPO_NEW,B,B|gt_mean=90,0.0,,,,,,,,,,,,,,,,,,,,,,removal,1,PPO_NEW_v3_1,a:\MYpython\34959_RL\codes\nexus\thesis_gapfill_patch\run_20260223_053657_571360_R30_O_10_90_PPO_NEW_S42,O_10_90,42,PPO_NEW,v3.1,1,0,1,wait,1,0,,,,,,,,,,,high(6+)
1771799032.958665,implement,receive_reward,1,3000000000022,36,971,971,98,mix_mu_5_40_terminal_dependent,90,B,none,33.599999999999994,6.0,"""[1.0, -1, -1, -1, -1, -1, -1, -1, -1, -1]""",98,0,0.0,等待/保持,,RL,,PPO_NEW,B,B|gt_mean=90,0.0,,,,,,,,,,,,,,,,,,,,,,removal,1,PPO_NEW_v3_1,a:\MYpython\34959_RL\codes\nexus\thesis_gapfill_patch\run_20260223_053657_571360_R30_O_10_90_PPO_NEW_S42,O_10_90,42,PPO_NEW,v3.1,0,0,1,wait,1,0,,,,,,,,,,,high(6+)
1771799482.6404066,implement,receive_reward,0,3000000000005,26,961,961,1,mix_mu_5_40_terminal_dependent,90,B,none,117.5,4.0,"""[5, -1, -1, -1, -1, -1, -1, -1, -1, -1]""",1,0,1.0,等待/保持,,RL,,PPO_NEW,B,B|gt_mean=90,0.0,,,,,,,,,,,,,,,,,,,,,,removal,1,PPO_NEW_v3_1,a:\MYpython\34959_RL\codes\nexus\thesis_gapfill_patch\run_20260223_053657_571360_R30_O_10_90_PPO_NEW_S42,O_10_90,42,PPO_NEW,v3.1,1,0,1,wait,1,0,,,,,,,,,,,mid(4-5)
1771799033.1551507,implement,receive_reward,1,3000000000019,36,971,971,98,mix_mu_5_40_terminal_dependent,90,B,none,13.599999999999994,6.0,"""[1.0, -1, -1, -1, -1, -1, -1, -1, -1, -1]""",98,0,0.0,等待/保持,,RL,,PPO_NEW,B,B|gt_mean=90,0.0,,,,,,,,,,,,,,,,,,,,,,removal,1,PPO_NEW_v3_1,a:\MYpython\34959_RL\codes\nexus\thesis_gapfill_patch\run_20260223_053657_571360_R30_O_10_90_PPO_NEW_S42,O_10_90,42,PPO_NEW,v3.1,0,0,1,wait,1,0,,,,,,,,,,,high(6+)
1771799079.9649768,implement,receive_reward,0,3000000000023,92,970,970,4,mix_mu_5_40_terminal_dependent,90,B,none,52.8,5.0,"""[1.0, -1, -1, -1, -1, -1, -1, -1, -1, -1]""",4,0,0.0,等待/保持,,RL,,PPO_NEW,B,B|gt_mean=90,0.0,,,,,,,,,,,,,,,,,,,,,,removal,1,PPO_NEW_v3_1,a:\MYpython\34959_RL\codes\nexus\thesis_gapfill_patch\run_20260223_053657_571360_R30_O_10_90_PPO_NEW_S42,O_10_90,42,PPO_NEW,v3.1,0,0,1,wait,1,0,,,,,,,,,,,mid(4-5)
1771799478.172837,implement,receive_reward,0,3000000000016,82,964,964,4,mix_mu_5_40_terminal_dependent,90,B,none,72.5,2.0,"""[1.0, -1, -1, -1, -1, -1, -1, -1, -1, -1]""",4,0,0.0,等待/保持,,RL,,PPO_NEW,B,B|gt_mean=90,0.0,,,,,,,,,,,,,,,,,,,,,,removal,1,PPO_NEW_v3_1,a:\MYpython\34959_RL\codes\nexus\thesis_gapfill_patch\run_20260223_053657_571360_R30_O_10_90_PPO_NEW_S42,O_10_90,42,PPO_NEW,v3.1,0,0,1,wait,1,0,,,,,,,,,,,low(2-3)
1771799326.8931432,implement,receive_reward,1,3000000000000,11,966,966,85,mix_mu_5_40_terminal_dependent,90,B,none,71.0,5.0,"""[3, -1, -1, -1, -1, -1, -1, -1, -1, -1]""",85,0,0.0,等待/保持,,RL,,PPO_NEW,B,B|gt_mean=90,0.0,,,,,,,,,,,,,,,,,,,,,,removal,1,PPO_NEW_v3_1,a:\MYpython\34959_RL\codes\nexus\thesis_gapfill_patch\run_20260223_053657_571360_R30_O_10_90_PPO_NEW_S42,O_10_90,42,PPO_NEW,v3.1,0,0,1,wait,1,0,,,,,,,,,,,mid(4-5)
1771799326.7119832,implement,receive_reward,1,3000000000007,10,966,966,85,mix_mu_5_40_terminal_dependent,90,B,none,50.0,5.0,"""[3, -1, -1, -1, -1, -1, -1, -1, -1, -1]""",85,0,0.0,等待/保持,,RL,,PPO_NEW,B,B|gt_mean=90,0.0,,,,,,,,,,,,,,,,,,,,,,removal,1,PPO_NEW_v3_1,a:\MYpython\34959_RL\codes\nexus\thesis_gapfill_patch\run_20260223_053657_571360_R30_O_10_90_PPO_NEW_S42,O_10_90,42,PPO_NEW,v3.1,0,0,1,wait,1,0,,,,,,,,,,,mid(4-5)
1771799228.048619,implement,receive_reward,0,3000000000021,70,966,966,2,mix_mu_5_40_terminal_dependent,90,B,none,107.0,5.0,"""[8.0, -1, -1, -1, -1, -1, -1, -1, -1, -1]""",2,0,1.0,等待/保持,,RL,,PPO_NEW,B,B|gt_mean=90,0.0,,,,,,,,,,,,,,,,,,,,,,removal,1,PPO_NEW_v3_1,a:\MYpython\34959_RL\codes\nexus\thesis_gapfill_patch\run_20260223_053657_571360_R30_O_10_90_PPO_NEW_S42,O_10_90,42,PPO_NEW,v3.1,1,0,1,wait,1,0,,,,,,,,,,,mid(4-5)
1771799176.8178911,implement,receive_reward,1,3000000000005,113,967,967,66,mix_mu_5_40_terminal_dependent,90,B,none,54.0,4.0,"""[7.0, -1, -1, -1, -1, -1, -1, -1, -1, -1]""",66,0,0.0,等待/保持,,RL,,PPO_NEW,B,B|gt_mean=90,0.0,,,,,,,,,,,,,,,,,,,,,,removal,1,PPO_NEW_v3_1,a:\MYpython\34959_RL\codes\nexus\thesis_gapfill_patch\run_20260223_053657_571360_R30_O_10_90_PPO_NEW_S42,O_10_90,42,PPO_NEW,v3.1,0,0,1,wait,1,0,,,,,,,,,,,mid(4-5)
1771799176.7442894,implement,receive_reward,1,3000000000025,102,968,968,57,mix_mu_5_40_terminal_dependent,90,B,none,73.5,4.0,"""[2.0, -1, -1, -1, -1, -1, -1, -1, -1, -1]""",57,0,1.0,等待/保持,,RL,,PPO_NEW,B,B|gt_mean=90,0.0,,,,,,,,,,,,,,,,,,,,,,removal,1,PPO_NEW_v3_1,a:\MYpython\34959_RL\codes\nexus\thesis_gapfill_patch\run_20260223_053657_571360_R30_O_10_90_PPO_NEW_S42,O_10_90,42,PPO_NEW,v3.1,1,0,1,wait,1,0,,,,,,,,,,,mid(4-5)
1771799176.7312593,implement,receive_reward,1,3000000000024,100,968,968,57,mix_mu_5_40_terminal_dependent,90,B,none,84.7,4.0,"""[2.0, -1, -1, -1, -1, -1, -1, -1, -1, -1]""",57,0,1.0,等待/保持,,RL,,PPO_NEW,B,B|gt_mean=90,0.0,,,,,,,,,,,,,,,,,,,,,,removal,1,PPO_NEW_v3_1,a:\MYpython\34959_RL\codes\nexus\thesis_gapfill_patch\run_20260223_053657_571360_R30_O_10_90_PPO_NEW_S42,O_10_90,42,PPO_NEW,v3.1,1,0,1,wait,1,0,,,,,,,,,,,mid(4-5)
1771799176.7197492,implement,receive_reward,1,3000000000028,99,968,968,57,mix_mu_5_40_terminal_dependent,90,B,none,36.4,4.0,"""[2.0, -1, -1, -1, -1, -1, -1, -1, -1, -1]""",57,0,0.0,等待/保持,,RL,,PPO_NEW,B,B|gt_mean=90,0.0,,,,,,,,,,,,,,,,,,,,,,removal,1,PPO_NEW_v3_1,a:\MYpython\34959_RL\codes\nexus\thesis_gapfill_patch\run_20260223_053657_571360_R30_O_10_90_PPO_NEW_S42,O_10_90,42,PPO_NEW,v3.1,0,0,1,wait,1,0,,,,,,,,,,,mid(4-5)
1771799176.6433837,implement,receive_reward,1,3000000000015,83,968,968,57,mix_mu_5_40_terminal_dependent,90,B,none,98.0,4.0,"""[2.0, -1, -1, -1, -1, -1, -1, -1, -1, -1]""",57,0,1.0,等待/保持,,RL,,PPO_NEW,B,B|gt_mean=90,0.0,,,,,,,,,,,,,,,,,,,,,,removal,1,PPO_NEW_v3_1,a:\MYpython\34959_RL\codes\nexus\thesis_gapfill_patch\run_20260223_053657_571360_R30_O_10_90_PPO_NEW_S42,O_10_90,42,PPO_NEW,v3.1,1,0,1,wait,1,0,,,,,,,,,,,mid(4-5)
1771799127.5582342,implement,receive_reward,0,3000000000013,111,968,968,1,mix_mu_5_40_terminal_dependent,90,B,none,56.5,3.0,"""[4.0, -1, -1, -1, -1, -1, -1, -1, -1, -1]""",1,0,1.0,等待/保持,,RL,,PPO_NEW,B,B|gt_mean=90,0.0,,,,,,,,,,,,,,,,,,,,,,removal,1,PPO_NEW_v3_1,a:\MYpython\34959_RL\codes\nexus\thesis_gapfill_patch\run_20260223_053657_571360_R30_O_10_90_PPO_NEW_S42,O_10_90,42,PPO_NEW,v3.1,1,0,1,wait,1,0,,,,,,,,,,,low(2-3)
1771799127.278305,implement,receive_reward,0,3000000000020,111,968,968,1,mix_mu_5_40_terminal_dependent,90,B,none,52.5,3.0,"""[4.0, -1, -1, -1, -1, -1, -1, -1, -1, -1]""",1,0,0.0,等待/保持,,RL,,PPO_NEW,B,B|gt_mean=90,0.0,,,,,,,,,,,,,,,,,,,,,,removal,1,PPO_NEW_v3_1,a:\MYpython\34959_RL\codes\nexus\thesis_gapfill_patch\run_20260223_053657_571360_R30_O_10_90_PPO_NEW_S42,O_10_90,42,PPO_NEW,v3.1,0,0,1,wait,1,0,,,,,,,,,,,low(2-3)
1771799127.043921,implement,receive_reward,0,3000000000029,111,968,968,1,mix_mu_5_40_terminal_dependent,90,B,none,157.5,3.0,"""[4.0, -1, -1, -1, -1, -1, -1, -1, -1, -1]""",1,0,1.0,等待/保持,,RL,,PPO_NEW,B,B|gt_mean=90,0.0,,,,,,,,,,,,,,,,,,,,,,removal,1,PPO_NEW_v3_1,a:\MYpython\34959_RL\codes\nexus\thesis_gapfill_patch\run_20260223_053657_571360_R30_O_10_90_PPO_NEW_S42,O_10_90,42,PPO_NEW,v3.1,1,0,1,wait,1,0,,,,,,,,,,,low(2-3)
1771799126.8242283,implement,receive_reward,0,3000000000011,111,968,968,1,mix_mu_5_40_terminal_dependent,90,B,none,92.5,3.0,"""[4.0, -1, -1, -1, -1, -1, -1, -1, -1, -1]""",1,0,1.0,等待/保持,,RL,,PPO_NEW,B,B|gt_mean=90,0.0,,,,,,,,,,,,,,,,,,,,,,removal,1,PPO_NEW_v3_1,a:\MYpython\34959_RL\codes\nexus\thesis_gapfill_patch\run_20260223_053657_571360_R30_O_10_90_PPO_NEW_S42,O_10_90,42,PPO_NEW,v3.1,1,0,1,wait,1,0,,,,,,,,,,,low(2-3)
1771799126.5922208,implement,receive_reward,0,3000000000002,110,968,968,1,mix_mu_5_40_terminal_dependent,90,B,none,66.1,3.0,"""[4.0, -1, -1, -1, -1, -1, -1, -1, -1, -1]""",1,0,1.0,等待/保持,,RL,,PPO_NEW,B,B|gt_mean=90,0.0,,,,,,,,,,,,,,,,,,,,,,removal,1,PPO_NEW_v3_1,a:\MYpython\34959_RL\codes\nexus\thesis_gapfill_patch\run_20260223_053657_571360_R30_O_10_90_PPO_NEW_S42,O_10_90,42,PPO_NEW,v3.1,1,0,1,wait,1,0,,,,,,,,,,,low(2-3)
1771799126.3577824,implement,receive_reward,0,3000000000006,109,968,968,1,mix_mu_5_40_terminal_dependent,90,B,none,139.2,3.0,"""[4.0, -1, -1, -1, -1, -1, -1, -1, -1, -1]""",1,0,1.0,等待/保持,,RL,,PPO_NEW,B,B|gt_mean=90,0.0,,,,,,,,,,,,,,,,,,,,,,removal,1,PPO_NEW_v3_1,a:\MYpython\34959_RL\codes\nexus\thesis_gapfill_patch\run_20260223_053657_571360_R30_O_10_90_PPO_NEW_S42,O_10_90,42,PPO_NEW,v3.1,1,0,1,wait,1,0,,,,,,,,,,,low(2-3)
1771799126.134589,implement,receive_reward,0,3000000000024,100,968,968,1,mix_mu_5_40_terminal_dependent,90,B,none,143.0,3.0,"""[4.0, -1, -1, -1, -1, -1, -1, -1, -1, -1]""",1,0,1.0,等待/保持,,RL,,PPO_NEW,B,B|gt_mean=90,0.0,,,,,,,,,,,,,,,,,,,,,,removal,1,PPO_NEW_v3_1,a:\MYpython\34959_RL\codes\nexus\thesis_gapfill_patch\run_20260223_053657_571360_R30_O_10_90_PPO_NEW_S42,O_10_90,42,PPO_NEW,v3.1,1,0,1,wait,1,0,,,,,,,,,,,low(2-3)
1771799121.9418557,implement,receive_reward,1,3000000000015,43,969,969,94,mix_mu_5_40_terminal_dependent,90,B,none,63.5,3.0,"""[4, -1, -1, -1, -1, -1, -1, -1, -1, -1]""",94,0,0.0,等待/保持,,RL,,PPO_NEW,B,B|gt_mean=90,0.0,,,,,,,,,,,,,,,,,,,,,,removal,1,PPO_NEW_v3_1,a:\MYpython\34959_RL\codes\nexus\thesis_gapfill_patch\run_20260223_053657_571360_R30_O_10_90_PPO_NEW_S42,O_10_90,42,PPO_NEW,v3.1,0,0,1,wait,1,0,,,,,,,,,,,low(2-3)
1771799121.7080636,implement,receive_reward,1,3000000000029,43,969,969,94,mix_mu_5_40_terminal_dependent,90,B,none,61.0,3.0,"""[2, 4, -1, -1, -1, -1, -1, -1, -1, -1]""",94,0,1.0,等待/保持,,RL,,PPO_NEW,B,B|gt_mean=90,0.0,,,,,,,,,,,,,,,,,,,,,,insertion,1,PPO_NEW_v3_1,a:\MYpython\34959_RL\codes\nexus\thesis_gapfill_patch\run_20260223_053657_571360_R30_O_10_90_PPO_NEW_S42,O_10_90,42,PPO_NEW,v3.1,1,0,1,insert,0,1,,,,,,,,,,,low(2-3)
1771799121.524857,implement,receive_reward,1,3000000000015,43,969,969,94,mix_mu_5_40_terminal_dependent,90,B,none,73.0,3.0,"""[4, -1, -1, -1, -1, -1, -1, -1, -1, -1]""",94,1,1.0,重新规划,,RL,,PPO_NEW,B,B|gt_mean=90,0.0,,,,,,,,,,,,,,,,,,,,,,removal,1,PPO_NEW_v3_1,a:\MYpython\34959_RL\codes\nexus\thesis_gapfill_patch\run_20260223_053657_571360_R30_O_10_90_PPO_NEW_S42,O_10_90,42,PPO_NEW,v3.1,1,1,0,remove,0,1,,,,,,,,,,,low(2-3)
1771799121.4243233,implement,receive_reward,1,3000000000006,24,969,969,94,mix_mu_5_40_terminal_dependent,90,B,none,45.19999999999999,3.0,"""[4, -1, -1, -1, -1, -1, -1, -1, -1, -1]""",94,0,0.0,等待/保持,,RL,,PPO_NEW,B,B|gt_mean=90,0.0,,,,,,,,,,,,,,,,,,,,,,removal,1,PPO_NEW_v3_1,a:\MYpython\34959_RL\codes\nexus\thesis_gapfill_patch\run_20260223_053657_571360_R30_O_10_90_PPO_NEW_S42,O_10_90,42,PPO_NEW,v3.1,0,0,1,wait,1,0,,,,,,,,,,,low(2-3)
1771799082.6579764,implement,receive_reward,0,3000000000024,79,969,969,2,mix_mu_5_40_terminal_dependent,90,B,none,142.0,6.0,"""[4, -1, -1, -1, -1, -1, -1, -1, -1, -1]""",2,0,1.0,等待/保持,,RL,,PPO_NEW,B,B|gt_mean=90,0.0,,,,,,,,,,,,,,,,,,,,,,removal,1,PPO_NEW_v3_1,a:\MYpython\34959_RL\codes\nexus\thesis_gapfill_patch\run_20260223_053657_571360_R30_O_10_90_PPO_NEW_S42,O_10_90,42,PPO_NEW,v3.1,1,0,1,wait,1,0,,,,,,,,,,,high(6+)
1771799079.9629734,implement,receive_reward,0,3000000000016,82,970,970,4,mix_mu_5_40_terminal_dependent,90,B,none,72.5,5.0,"""[1.0, -1, -1, -1, -1, -1, -1, -1, -1, -1]""",4,0,0.0,等待/保持,,RL,,PPO_NEW,B,B|gt_mean=90,0.0,,,,,,,,,,,,,,,,,,,,,,removal,1,PPO_NEW_v3_1,a:\MYpython\34959_RL\codes\nexus\thesis_gapfill_patch\run_20260223_053657_571360_R30_O_10_90_PPO_NEW_S42,O_10_90,42,PPO_NEW,v3.1,0,0,1,wait,1,0,,,,,,,,,,,mid(4-5)
1771798726.388385,implement,receive_reward,1,3000000000028,47,978,978,52,mix_mu_5_40_terminal_dependent,90,B,none,55.0,6.0,"""[5, -1, -1, -1, -1, -1, -1, -1, -1, -1]""",52,0,0.0,等待/保持,,RL,,PPO_NEW,B,B|gt_mean=90,0.0,,,,,,,,,,,,,,,,,,,,,,removal,1,PPO_NEW_v3_1,a:\MYpython\34959_RL\codes\nexus\thesis_gapfill_patch\run_20260223_053657_571360_R30_O_10_90_PPO_NEW_S42,O_10_90,42,PPO_NEW,v3.1,0,0,1,wait,1,0,,,,,,,,,,,high(6+)
