w_q,w_h,w_c,w_e,w_i,spearman_avg_reward,spearman_q_hard,spearman_r_hard,plr_score_mean,ppo_score_mean,ppo_new_score_mean,plr_beats_ppo,plr_beats_ppo_new,priority_score
0.24,0.22,0.14,0.05,0.0,0.632455532033676,1.0,0.9486832980505139,0.15833333333333333,0.12554700854700854,0.13723793490460157,1,1,5.316227766016838
0.24,0.22,0.14,0.05,0.03,0.632455532033676,1.0,0.9486832980505139,0.18833333333333332,0.12554700854700854,0.14723793490460158,1,1,5.316227766016838
0.24,0.22,0.14,0.05,0.05,0.632455532033676,1.0,0.9486832980505139,0.20833333333333331,0.12554700854700854,0.15390460157126823,1,1,5.316227766016838
0.24,0.22,0.14,0.05,0.08,0.632455532033676,1.0,0.9486832980505139,0.23833333333333334,0.12554700854700854,0.16390460157126824,1,1,5.316227766016838
0.28,0.18,0.14,0.05,0.0,0.632455532033676,1.0,0.9486832980505139,0.17462962962962963,0.14184330484330485,0.1535791245791246,1,1,5.316227766016838
0.28,0.18,0.14,0.05,0.03,0.632455532033676,1.0,0.9486832980505139,0.20462962962962963,0.14184330484330485,0.1635791245791246,1,1,5.316227766016838
0.28,0.18,0.14,0.05,0.05,0.632455532033676,1.0,0.9486832980505139,0.22462962962962962,0.14184330484330485,0.17024579124579123,1,1,5.316227766016838
0.28,0.18,0.14,0.05,0.08,0.632455532033676,1.0,0.9486832980505139,0.25462962962962965,0.14184330484330485,0.18024579124579124,1,1,5.316227766016838
0.28,0.22,0.14,0.05,0.0,0.632455532033676,1.0,0.9486832980505139,0.17700000000000002,0.14184330484330485,0.1545712682379349,1,1,5.316227766016838
0.28,0.22,0.14,0.05,0.03,0.632455532033676,1.0,0.9486832980505139,0.20700000000000002,0.14184330484330485,0.16457126823793491,1,1,5.316227766016838
0.28,0.22,0.14,0.05,0.05,0.632455532033676,1.0,0.9486832980505139,0.22700000000000004,0.14184330484330485,0.1712379349046016,1,1,5.316227766016838
0.28,0.22,0.14,0.05,0.08,0.632455532033676,1.0,0.9486832980505139,0.257,0.14184330484330485,0.1812379349046016,1,1,5.316227766016838
0.32,0.18,0.14,0.05,0.0,0.632455532033676,1.0,0.9486832980505139,0.1932962962962963,0.15813960113960113,0.17091245791245793,1,1,5.316227766016838
0.32,0.18,0.14,0.05,0.03,0.632455532033676,1.0,0.9486832980505139,0.2232962962962963,0.15813960113960113,0.18091245791245794,1,1,5.316227766016838
0.32,0.18,0.14,0.05,0.05,0.632455532033676,1.0,0.9486832980505139,0.2432962962962963,0.15813960113960113,0.1875791245791246,1,1,5.316227766016838
0.32,0.18,0.14,0.05,0.08,0.632455532033676,1.0,0.9486832980505139,0.2732962962962963,0.15813960113960113,0.1975791245791246,1,1,5.316227766016838
0.32,0.22,0.14,0.05,0.0,0.632455532033676,1.0,0.9486832980505139,0.19566666666666668,0.15813960113960113,0.17190460157126827,1,1,5.316227766016838
0.32,0.22,0.14,0.05,0.03,0.632455532033676,1.0,0.9486832980505139,0.22566666666666668,0.15813960113960113,0.18190460157126828,1,1,5.316227766016838
0.32,0.22,0.14,0.05,0.05,0.632455532033676,1.0,0.9486832980505139,0.2456666666666667,0.15813960113960113,0.18857126823793494,1,1,5.316227766016838
0.32,0.22,0.14,0.05,0.08,0.632455532033676,1.0,0.9486832980505139,0.27566666666666667,0.15813960113960113,0.19857126823793494,1,1,5.316227766016838
0.36,0.18,0.14,0.05,0.0,0.632455532033676,1.0,0.9486832980505139,0.21196296296296294,0.1744358974358974,0.18824579124579124,1,1,5.316227766016838
0.36,0.18,0.14,0.05,0.03,0.632455532033676,1.0,0.9486832980505139,0.24196296296296294,0.1744358974358974,0.19824579124579125,1,1,5.316227766016838
0.36,0.18,0.14,0.05,0.05,0.632455532033676,1.0,0.9486832980505139,0.26196296296296295,0.1744358974358974,0.20491245791245793,1,1,5.316227766016838
0.36,0.18,0.14,0.05,0.08,0.632455532033676,1.0,0.9486832980505139,0.2919629629629629,0.1744358974358974,0.21491245791245794,1,1,5.316227766016838
0.36,0.22,0.14,0.05,0.0,0.632455532033676,1.0,0.9486832980505139,0.21433333333333332,0.1744358974358974,0.1892379349046016,1,1,5.316227766016838
0.36,0.22,0.14,0.05,0.03,0.632455532033676,1.0,0.9486832980505139,0.24433333333333332,0.1744358974358974,0.1992379349046016,1,1,5.316227766016838
0.36,0.22,0.14,0.05,0.05,0.632455532033676,1.0,0.9486832980505139,0.2643333333333333,0.1744358974358974,0.20590460157126825,1,1,5.316227766016838
0.36,0.22,0.14,0.05,0.08,0.632455532033676,1.0,0.9486832980505139,0.29433333333333334,0.1744358974358974,0.21590460157126826,1,1,5.316227766016838
0.2,0.1,0.14,0.05,0.0,0.316227766016838,0.7999999999999999,0.632455532033676,0.13255555555555557,0.10925071225071226,0.11692817059483729,1,1,4.958113883008419
0.2,0.1,0.14,0.05,0.03,0.316227766016838,0.7999999999999999,0.632455532033676,0.16255555555555556,0.10925071225071226,0.12692817059483727,1,1,4.958113883008419
0.2,0.1,0.14,0.05,0.05,0.316227766016838,0.7999999999999999,0.632455532033676,0.18255555555555558,0.10925071225071226,0.13359483726150395,1,1,4.958113883008419
0.2,0.1,0.14,0.05,0.08,0.316227766016838,0.7999999999999999,0.632455532033676,0.21255555555555555,0.10925071225071226,0.14359483726150393,1,1,4.958113883008419
0.2,0.14,0.08,0.05,0.0,0.316227766016838,0.7999999999999999,0.632455532033676,0.1313703703703704,0.10971225071225071,0.11672839506172843,1,1,4.958113883008419
0.2,0.14,0.08,0.05,0.03,0.316227766016838,0.7999999999999999,0.632455532033676,0.1613703703703704,0.10971225071225071,0.12672839506172842,1,1,4.958113883008419
0.2,0.14,0.08,0.05,0.05,0.316227766016838,0.7999999999999999,0.632455532033676,0.1813703703703704,0.10971225071225071,0.13339506172839508,1,1,4.958113883008419
0.2,0.14,0.08,0.05,0.08,0.316227766016838,0.7999999999999999,0.632455532033676,0.21137037037037038,0.10971225071225071,0.14339506172839508,1,1,4.958113883008419
0.2,0.14,0.14,0.05,0.0,0.316227766016838,0.7999999999999999,0.632455532033676,0.13492592592592595,0.10925071225071226,0.11792031425364762,1,1,4.958113883008419
0.2,0.14,0.14,0.05,0.03,0.316227766016838,0.7999999999999999,0.632455532033676,0.16492592592592595,0.10925071225071226,0.1279203142536476,1,1,4.958113883008419
0.2,0.14,0.14,0.05,0.05,0.316227766016838,0.7999999999999999,0.632455532033676,0.18492592592592594,0.10925071225071226,0.13458698092031426,1,1,4.958113883008419
0.2,0.14,0.14,0.05,0.08,0.316227766016838,0.7999999999999999,0.632455532033676,0.21492592592592596,0.10925071225071226,0.14458698092031427,1,1,4.958113883008419
0.2,0.18,0.08,0.05,0.0,0.316227766016838,0.7999999999999999,0.632455532033676,0.13374074074074074,0.10971225071225071,0.11772053872053871,1,1,4.958113883008419
0.2,0.18,0.08,0.05,0.03,0.316227766016838,0.7999999999999999,0.632455532033676,0.16374074074074074,0.10971225071225071,0.1277205387205387,1,1,4.958113883008419
0.2,0.18,0.08,0.05,0.05,0.316227766016838,0.7999999999999999,0.632455532033676,0.18374074074074076,0.10971225071225071,0.1343872053872054,1,1,4.958113883008419
0.2,0.18,0.08,0.05,0.08,0.316227766016838,0.7999999999999999,0.632455532033676,0.21374074074074073,0.10971225071225071,0.14438720538720537,1,1,4.958113883008419
0.2,0.18,0.14,0.05,0.0,0.316227766016838,0.7999999999999999,0.632455532033676,0.1372962962962963,0.10925071225071226,0.11891245791245791,1,1,4.958113883008419
0.2,0.18,0.14,0.05,0.03,0.316227766016838,0.7999999999999999,0.632455532033676,0.1672962962962963,0.10925071225071226,0.1289124579124579,1,1,4.958113883008419
0.2,0.18,0.14,0.05,0.05,0.316227766016838,0.7999999999999999,0.632455532033676,0.1872962962962963,0.10925071225071226,0.13557912457912458,1,1,4.958113883008419
0.2,0.18,0.14,0.05,0.08,0.316227766016838,0.7999999999999999,0.632455532033676,0.21729629629629632,0.10925071225071226,0.14557912457912459,1,1,4.958113883008419
0.24,0.1,0.0,0.05,0.0,0.316227766016838,0.7999999999999999,0.632455532033676,0.14292592592592593,0.12662393162393162,0.13148035914702583,1,1,4.958113883008419
0.24,0.1,0.0,0.05,0.03,0.316227766016838,0.7999999999999999,0.632455532033676,0.17292592592592593,0.12662393162393162,0.1414803591470258,1,1,4.958113883008419
0.24,0.1,0.0,0.05,0.05,0.316227766016838,0.7999999999999999,0.632455532033676,0.19292592592592595,0.12662393162393162,0.1481470258136925,1,1,4.958113883008419
0.24,0.1,0.0,0.05,0.08,0.316227766016838,0.7999999999999999,0.632455532033676,0.22292592592592592,0.12662393162393162,0.15814702581369247,1,1,4.958113883008419
0.24,0.1,0.08,0.05,0.0,0.316227766016838,0.7999999999999999,0.632455532033676,0.14766666666666667,0.126008547008547,0.1330695847362514,1,1,4.958113883008419
0.24,0.1,0.08,0.05,0.03,0.316227766016838,0.7999999999999999,0.632455532033676,0.17766666666666667,0.126008547008547,0.14306958473625142,1,1,4.958113883008419
0.24,0.1,0.08,0.05,0.05,0.316227766016838,0.7999999999999999,0.632455532033676,0.19766666666666666,0.126008547008547,0.14973625140291807,1,1,4.958113883008419
0.24,0.1,0.08,0.05,0.08,0.316227766016838,0.7999999999999999,0.632455532033676,0.22766666666666668,0.126008547008547,0.15973625140291808,1,1,4.958113883008419
0.24,0.1,0.14,0.05,0.0,0.316227766016838,0.7999999999999999,0.632455532033676,0.15122222222222223,0.12554700854700854,0.1342615039281706,1,1,4.958113883008419
0.24,0.1,0.14,0.05,0.03,0.316227766016838,0.7999999999999999,0.632455532033676,0.18122222222222223,0.12554700854700854,0.1442615039281706,1,1,4.958113883008419
0.24,0.1,0.14,0.05,0.05,0.316227766016838,0.7999999999999999,0.632455532033676,0.20122222222222225,0.12554700854700854,0.1509281705948373,1,1,4.958113883008419
0.24,0.1,0.14,0.05,0.08,0.316227766016838,0.7999999999999999,0.632455532033676,0.23122222222222222,0.12554700854700854,0.16092817059483727,1,1,4.958113883008419
0.24,0.14,0.0,0.05,0.0,0.316227766016838,0.7999999999999999,0.632455532033676,0.1452962962962963,0.12662393162393162,0.13247250280583614,1,1,4.958113883008419
0.24,0.14,0.0,0.05,0.03,0.316227766016838,0.7999999999999999,0.632455532033676,0.1752962962962963,0.12662393162393162,0.14247250280583615,1,1,4.958113883008419
0.24,0.14,0.0,0.05,0.05,0.316227766016838,0.7999999999999999,0.632455532033676,0.1952962962962963,0.12662393162393162,0.1491391694725028,1,1,4.958113883008419
0.24,0.14,0.0,0.05,0.08,0.316227766016838,0.7999999999999999,0.632455532033676,0.22529629629629633,0.12662393162393162,0.1591391694725028,1,1,4.958113883008419
0.24,0.14,0.08,0.05,0.0,0.316227766016838,0.7999999999999999,0.632455532033676,0.15003703703703705,0.126008547008547,0.13406172839506172,1,1,4.958113883008419
0.24,0.14,0.08,0.05,0.03,0.316227766016838,0.7999999999999999,0.632455532033676,0.18003703703703705,0.126008547008547,0.14406172839506173,1,1,4.958113883008419
0.24,0.14,0.08,0.05,0.05,0.316227766016838,0.7999999999999999,0.632455532033676,0.20003703703703707,0.126008547008547,0.15072839506172842,1,1,4.958113883008419
0.24,0.14,0.08,0.05,0.08,0.316227766016838,0.7999999999999999,0.632455532033676,0.23003703703703704,0.126008547008547,0.1607283950617284,1,1,4.958113883008419
0.24,0.14,0.14,0.05,0.0,0.316227766016838,0.7999999999999999,0.632455532033676,0.15359259259259259,0.12554700854700854,0.1352536475869809,1,1,4.958113883008419
0.24,0.14,0.14,0.05,0.03,0.316227766016838,0.7999999999999999,0.632455532033676,0.18359259259259259,0.12554700854700854,0.14525364758698092,1,1,4.958113883008419
0.24,0.14,0.14,0.05,0.05,0.316227766016838,0.7999999999999999,0.632455532033676,0.2035925925925926,0.12554700854700854,0.1519203142536476,1,1,4.958113883008419
0.24,0.14,0.14,0.05,0.08,0.316227766016838,0.7999999999999999,0.632455532033676,0.23359259259259257,0.12554700854700854,0.16192031425364758,1,1,4.958113883008419
0.24,0.18,0.0,0.05,0.0,0.316227766016838,0.7999999999999999,0.632455532033676,0.14766666666666667,0.12662393162393162,0.13346464646464648,1,1,4.958113883008419
0.24,0.18,0.0,0.05,0.03,0.316227766016838,0.7999999999999999,0.632455532033676,0.17766666666666667,0.12662393162393162,0.1434646464646465,1,1,4.958113883008419
0.24,0.18,0.0,0.05,0.05,0.316227766016838,0.7999999999999999,0.632455532033676,0.19766666666666666,0.12662393162393162,0.15013131313131314,1,1,4.958113883008419
0.24,0.18,0.0,0.05,0.08,0.316227766016838,0.7999999999999999,0.632455532033676,0.22766666666666668,0.12662393162393162,0.16013131313131315,1,1,4.958113883008419
0.24,0.18,0.08,0.05,0.0,0.316227766016838,0.7999999999999999,0.632455532033676,0.1524074074074074,0.126008547008547,0.13505387205387206,1,1,4.958113883008419
0.24,0.18,0.08,0.05,0.03,0.316227766016838,0.7999999999999999,0.632455532033676,0.1824074074074074,0.126008547008547,0.14505387205387205,1,1,4.958113883008419
0.24,0.18,0.08,0.05,0.05,0.316227766016838,0.7999999999999999,0.632455532033676,0.20240740740740742,0.126008547008547,0.15172053872053873,1,1,4.958113883008419
0.24,0.18,0.08,0.05,0.08,0.316227766016838,0.7999999999999999,0.632455532033676,0.2324074074074074,0.126008547008547,0.1617205387205387,1,1,4.958113883008419
0.24,0.18,0.14,0.05,0.0,0.316227766016838,0.7999999999999999,0.632455532033676,0.15596296296296297,0.12554700854700854,0.13624579124579125,1,1,4.958113883008419
0.24,0.18,0.14,0.05,0.03,0.316227766016838,0.7999999999999999,0.632455532033676,0.18596296296296297,0.12554700854700854,0.14624579124579126,1,1,4.958113883008419
0.24,0.18,0.14,0.05,0.05,0.316227766016838,0.7999999999999999,0.632455532033676,0.20596296296296296,0.12554700854700854,0.15291245791245792,1,1,4.958113883008419
0.24,0.18,0.14,0.05,0.08,0.316227766016838,0.7999999999999999,0.632455532033676,0.23596296296296299,0.12554700854700854,0.16291245791245793,1,1,4.958113883008419
0.24,0.22,0.0,0.05,0.0,0.316227766016838,0.7999999999999999,0.632455532033676,0.15003703703703702,0.12662393162393162,0.1344567901234568,1,1,4.958113883008419
0.24,0.22,0.0,0.05,0.03,0.316227766016838,0.7999999999999999,0.632455532033676,0.18003703703703702,0.12662393162393162,0.1444567901234568,1,1,4.958113883008419
0.24,0.22,0.0,0.05,0.05,0.316227766016838,0.7999999999999999,0.632455532033676,0.200037037037037,0.12662393162393162,0.15112345679012346,1,1,4.958113883008419
0.24,0.22,0.0,0.05,0.08,0.316227766016838,0.7999999999999999,0.632455532033676,0.23003703703703704,0.12662393162393162,0.16112345679012346,1,1,4.958113883008419
0.24,0.22,0.08,0.05,0.0,0.316227766016838,0.7999999999999999,0.632455532033676,0.15477777777777776,0.126008547008547,0.13604601571268238,1,1,4.958113883008419
0.24,0.22,0.08,0.05,0.03,0.316227766016838,0.7999999999999999,0.632455532033676,0.18477777777777776,0.126008547008547,0.14604601571268236,1,1,4.958113883008419
0.24,0.22,0.08,0.05,0.05,0.316227766016838,0.7999999999999999,0.632455532033676,0.20477777777777778,0.126008547008547,0.15271268237934904,1,1,4.958113883008419
0.24,0.22,0.08,0.05,0.08,0.316227766016838,0.7999999999999999,0.632455532033676,0.23477777777777775,0.126008547008547,0.16271268237934902,1,1,4.958113883008419
0.28,0.1,0.0,0.05,0.0,0.316227766016838,0.7999999999999999,0.632455532033676,0.1615925925925926,0.14292022792022793,0.14881369248035917,1,1,4.958113883008419
0.28,0.1,0.0,0.05,0.03,0.316227766016838,0.7999999999999999,0.632455532033676,0.1915925925925926,0.14292022792022793,0.15881369248035918,1,1,4.958113883008419
0.28,0.1,0.0,0.05,0.05,0.316227766016838,0.7999999999999999,0.632455532033676,0.2115925925925926,0.14292022792022793,0.16548035914702583,1,1,4.958113883008419
0.28,0.1,0.0,0.05,0.08,0.316227766016838,0.7999999999999999,0.632455532033676,0.24159259259259258,0.14292022792022793,0.17548035914702584,1,1,4.958113883008419
0.28,0.1,0.08,0.05,0.0,0.316227766016838,0.7999999999999999,0.632455532033676,0.16633333333333333,0.1423048433048433,0.15040291806958475,1,1,4.958113883008419
0.28,0.1,0.08,0.05,0.03,0.316227766016838,0.7999999999999999,0.632455532033676,0.19633333333333333,0.1423048433048433,0.16040291806958473,1,1,4.958113883008419
0.28,0.1,0.08,0.05,0.05,0.316227766016838,0.7999999999999999,0.632455532033676,0.21633333333333332,0.1423048433048433,0.16706958473625141,1,1,4.958113883008419
0.28,0.1,0.08,0.05,0.08,0.316227766016838,0.7999999999999999,0.632455532033676,0.24633333333333335,0.1423048433048433,0.17706958473625142,1,1,4.958113883008419
0.28,0.1,0.14,0.05,0.0,0.316227766016838,0.7999999999999999,0.632455532033676,0.1698888888888889,0.14184330484330485,0.15159483726150394,1,1,4.958113883008419
0.28,0.1,0.14,0.05,0.03,0.316227766016838,0.7999999999999999,0.632455532033676,0.1998888888888889,0.14184330484330485,0.16159483726150395,1,1,4.958113883008419
0.28,0.1,0.14,0.05,0.05,0.316227766016838,0.7999999999999999,0.632455532033676,0.2198888888888889,0.14184330484330485,0.1682615039281706,1,1,4.958113883008419
0.28,0.1,0.14,0.05,0.08,0.316227766016838,0.7999999999999999,0.632455532033676,0.24988888888888888,0.14184330484330485,0.1782615039281706,1,1,4.958113883008419
0.28,0.14,0.0,0.05,0.0,0.316227766016838,0.7999999999999999,0.632455532033676,0.16396296296296298,0.14292022792022793,0.1498058361391695,1,1,4.958113883008419
0.28,0.14,0.0,0.05,0.03,0.316227766016838,0.7999999999999999,0.632455532033676,0.19396296296296298,0.14292022792022793,0.15980583613916952,1,1,4.958113883008419
0.28,0.14,0.0,0.05,0.05,0.316227766016838,0.7999999999999999,0.632455532033676,0.21396296296296297,0.14292022792022793,0.16647250280583617,1,1,4.958113883008419
0.28,0.14,0.0,0.05,0.08,0.316227766016838,0.7999999999999999,0.632455532033676,0.243962962962963,0.14292022792022793,0.17647250280583618,1,1,4.958113883008419
0.28,0.14,0.08,0.05,0.0,0.316227766016838,0.7999999999999999,0.632455532033676,0.16870370370370372,0.1423048433048433,0.1513950617283951,1,1,4.958113883008419
0.28,0.14,0.08,0.05,0.03,0.316227766016838,0.7999999999999999,0.632455532033676,0.19870370370370372,0.1423048433048433,0.16139506172839507,1,1,4.958113883008419
0.28,0.14,0.08,0.05,0.05,0.316227766016838,0.7999999999999999,0.632455532033676,0.21870370370370373,0.1423048433048433,0.16806172839506175,1,1,4.958113883008419
0.28,0.14,0.08,0.05,0.08,0.316227766016838,0.7999999999999999,0.632455532033676,0.2487037037037037,0.1423048433048433,0.17806172839506174,1,1,4.958113883008419
0.28,0.14,0.14,0.05,0.0,0.316227766016838,0.7999999999999999,0.632455532033676,0.17225925925925928,0.14184330484330485,0.15258698092031428,1,1,4.958113883008419
0.28,0.14,0.14,0.05,0.03,0.316227766016838,0.7999999999999999,0.632455532033676,0.20225925925925928,0.14184330484330485,0.1625869809203143,1,1,4.958113883008419
0.28,0.14,0.14,0.05,0.05,0.316227766016838,0.7999999999999999,0.632455532033676,0.22225925925925927,0.14184330484330485,0.16925364758698094,1,1,4.958113883008419
0.28,0.14,0.14,0.05,0.08,0.316227766016838,0.7999999999999999,0.632455532033676,0.2522592592592593,0.14184330484330485,0.17925364758698095,1,1,4.958113883008419
0.28,0.18,0.0,0.05,0.0,0.316227766016838,0.7999999999999999,0.632455532033676,0.16633333333333333,0.14292022792022793,0.1507979797979798,1,1,4.958113883008419
0.28,0.18,0.0,0.05,0.03,0.316227766016838,0.7999999999999999,0.632455532033676,0.19633333333333333,0.14292022792022793,0.1607979797979798,1,1,4.958113883008419
0.28,0.18,0.0,0.05,0.05,0.316227766016838,0.7999999999999999,0.632455532033676,0.21633333333333332,0.14292022792022793,0.16746464646464645,1,1,4.958113883008419
0.28,0.18,0.0,0.05,0.08,0.316227766016838,0.7999999999999999,0.632455532033676,0.24633333333333335,0.14292022792022793,0.17746464646464646,1,1,4.958113883008419
0.28,0.18,0.08,0.05,0.0,0.316227766016838,0.7999999999999999,0.632455532033676,0.17107407407407407,0.1423048433048433,0.1523872053872054,1,1,4.958113883008419
0.28,0.18,0.08,0.05,0.03,0.316227766016838,0.7999999999999999,0.632455532033676,0.20107407407407407,0.1423048433048433,0.16238720538720539,1,1,4.958113883008419
0.28,0.18,0.08,0.05,0.05,0.316227766016838,0.7999999999999999,0.632455532033676,0.2210740740740741,0.1423048433048433,0.16905387205387204,1,1,4.958113883008419
0.28,0.18,0.08,0.05,0.08,0.316227766016838,0.7999999999999999,0.632455532033676,0.25107407407407406,0.1423048433048433,0.17905387205387205,1,1,4.958113883008419
0.28,0.22,0.0,0.05,0.0,0.316227766016838,0.7999999999999999,0.632455532033676,0.16870370370370372,0.14292022792022793,0.15179012345679013,1,1,4.958113883008419
0.28,0.22,0.0,0.05,0.03,0.316227766016838,0.7999999999999999,0.632455532033676,0.19870370370370372,0.14292022792022793,0.16179012345679014,1,1,4.958113883008419
0.28,0.22,0.0,0.05,0.05,0.316227766016838,0.7999999999999999,0.632455532033676,0.21870370370370373,0.14292022792022793,0.16845679012345682,1,1,4.958113883008419
0.28,0.22,0.0,0.05,0.08,0.316227766016838,0.7999999999999999,0.632455532033676,0.2487037037037037,0.14292022792022793,0.1784567901234568,1,1,4.958113883008419
0.28,0.22,0.08,0.05,0.0,0.316227766016838,0.7999999999999999,0.632455532033676,0.17344444444444446,0.1423048433048433,0.15337934904601572,1,1,4.958113883008419
0.28,0.22,0.08,0.05,0.03,0.316227766016838,0.7999999999999999,0.632455532033676,0.20344444444444446,0.1423048433048433,0.16337934904601573,1,1,4.958113883008419
0.28,0.22,0.08,0.05,0.05,0.316227766016838,0.7999999999999999,0.632455532033676,0.22344444444444445,0.1423048433048433,0.1700460157126824,1,1,4.958113883008419
0.28,0.22,0.08,0.05,0.08,0.316227766016838,0.7999999999999999,0.632455532033676,0.25344444444444447,0.1423048433048433,0.18004601571268242,1,1,4.958113883008419
0.32,0.1,0.0,0.05,0.0,0.316227766016838,0.7999999999999999,0.632455532033676,0.18025925925925926,0.1592165242165242,0.16614702581369248,1,1,4.958113883008419
0.32,0.1,0.0,0.05,0.03,0.316227766016838,0.7999999999999999,0.632455532033676,0.21025925925925926,0.1592165242165242,0.1761470258136925,1,1,4.958113883008419
0.32,0.1,0.0,0.05,0.05,0.316227766016838,0.7999999999999999,0.632455532033676,0.23025925925925927,0.1592165242165242,0.18281369248035917,1,1,4.958113883008419
0.32,0.1,0.0,0.05,0.08,0.316227766016838,0.7999999999999999,0.632455532033676,0.26025925925925925,0.1592165242165242,0.19281369248035918,1,1,4.958113883008419
0.32,0.1,0.08,0.05,0.0,0.316227766016838,0.7999999999999999,0.632455532033676,0.185,0.15860113960113958,0.16773625140291806,1,1,4.958113883008419
0.32,0.1,0.08,0.05,0.03,0.316227766016838,0.7999999999999999,0.632455532033676,0.215,0.15860113960113958,0.17773625140291807,1,1,4.958113883008419
0.32,0.1,0.08,0.05,0.05,0.316227766016838,0.7999999999999999,0.632455532033676,0.235,0.15860113960113958,0.18440291806958475,1,1,4.958113883008419
0.32,0.1,0.08,0.05,0.08,0.316227766016838,0.7999999999999999,0.632455532033676,0.265,0.15860113960113958,0.19440291806958476,1,1,4.958113883008419
0.32,0.1,0.14,0.05,0.0,0.316227766016838,0.7999999999999999,0.632455532033676,0.18855555555555556,0.15813960113960113,0.1689281705948373,1,1,4.958113883008419
0.32,0.1,0.14,0.05,0.03,0.316227766016838,0.7999999999999999,0.632455532033676,0.21855555555555556,0.15813960113960113,0.17892817059483726,1,1,4.958113883008419
0.32,0.1,0.14,0.05,0.05,0.316227766016838,0.7999999999999999,0.632455532033676,0.23855555555555558,0.15813960113960113,0.18559483726150394,1,1,4.958113883008419
0.32,0.1,0.14,0.05,0.08,0.316227766016838,0.7999999999999999,0.632455532033676,0.26855555555555555,0.15813960113960113,0.19559483726150395,1,1,4.958113883008419
0.32,0.14,0.0,0.05,0.0,0.316227766016838,0.7999999999999999,0.632455532033676,0.18262962962962964,0.1592165242165242,0.16713916947250285,1,1,4.958113883008419
0.32,0.14,0.0,0.05,0.03,0.316227766016838,0.7999999999999999,0.632455532033676,0.21262962962962964,0.1592165242165242,0.17713916947250283,1,1,4.958113883008419
0.32,0.14,0.0,0.05,0.05,0.316227766016838,0.7999999999999999,0.632455532033676,0.23262962962962963,0.1592165242165242,0.18380583613916948,1,1,4.958113883008419
0.32,0.14,0.0,0.05,0.08,0.316227766016838,0.7999999999999999,0.632455532033676,0.26262962962962966,0.1592165242165242,0.1938058361391695,1,1,4.958113883008419
0.32,0.14,0.08,0.05,0.0,0.316227766016838,0.7999999999999999,0.632455532033676,0.18737037037037038,0.15860113960113958,0.16872839506172843,1,1,4.958113883008419
0.32,0.14,0.08,0.05,0.03,0.316227766016838,0.7999999999999999,0.632455532033676,0.21737037037037038,0.15860113960113958,0.17872839506172844,1,1,4.958113883008419
0.32,0.14,0.08,0.05,0.05,0.316227766016838,0.7999999999999999,0.632455532033676,0.2373703703703704,0.15860113960113958,0.18539506172839512,1,1,4.958113883008419
0.32,0.14,0.08,0.05,0.08,0.316227766016838,0.7999999999999999,0.632455532033676,0.26737037037037037,0.15860113960113958,0.19539506172839508,1,1,4.958113883008419
0.32,0.14,0.14,0.05,0.0,0.316227766016838,0.7999999999999999,0.632455532033676,0.19092592592592594,0.15813960113960113,0.16992031425364762,1,1,4.958113883008419
0.32,0.14,0.14,0.05,0.03,0.316227766016838,0.7999999999999999,0.632455532033676,0.22092592592592594,0.15813960113960113,0.17992031425364763,1,1,4.958113883008419
0.32,0.14,0.14,0.05,0.05,0.316227766016838,0.7999999999999999,0.632455532033676,0.24092592592592593,0.15813960113960113,0.1865869809203143,1,1,4.958113883008419
0.32,0.14,0.14,0.05,0.08,0.316227766016838,0.7999999999999999,0.632455532033676,0.27092592592592596,0.15813960113960113,0.19658698092031432,1,1,4.958113883008419
0.32,0.18,0.0,0.05,0.0,0.316227766016838,0.7999999999999999,0.632455532033676,0.185,0.1592165242165242,0.16813131313131313,1,1,4.958113883008419
0.32,0.18,0.0,0.05,0.03,0.316227766016838,0.7999999999999999,0.632455532033676,0.215,0.1592165242165242,0.17813131313131314,1,1,4.958113883008419
0.32,0.18,0.0,0.05,0.05,0.316227766016838,0.7999999999999999,0.632455532033676,0.235,0.1592165242165242,0.18479797979797982,1,1,4.958113883008419
0.32,0.18,0.0,0.05,0.08,0.316227766016838,0.7999999999999999,0.632455532033676,0.265,0.1592165242165242,0.19479797979797983,1,1,4.958113883008419
0.32,0.18,0.08,0.05,0.0,0.316227766016838,0.7999999999999999,0.632455532033676,0.18974074074074074,0.15860113960113958,0.16972053872053874,1,1,4.958113883008419
0.32,0.18,0.08,0.05,0.03,0.316227766016838,0.7999999999999999,0.632455532033676,0.21974074074074074,0.15860113960113958,0.17972053872053873,1,1,4.958113883008419
0.32,0.18,0.08,0.05,0.05,0.316227766016838,0.7999999999999999,0.632455532033676,0.23974074074074075,0.15860113960113958,0.1863872053872054,1,1,4.958113883008419
0.32,0.18,0.08,0.05,0.08,0.316227766016838,0.7999999999999999,0.632455532033676,0.2697407407407407,0.15860113960113958,0.19638720538720542,1,1,4.958113883008419
0.32,0.22,0.0,0.05,0.0,0.316227766016838,0.7999999999999999,0.632455532033676,0.18737037037037038,0.1592165242165242,0.1691234567901235,1,1,4.958113883008419
0.32,0.22,0.0,0.05,0.03,0.316227766016838,0.7999999999999999,0.632455532033676,0.21737037037037038,0.1592165242165242,0.1791234567901235,1,1,4.958113883008419
0.32,0.22,0.0,0.05,0.05,0.316227766016838,0.7999999999999999,0.632455532033676,0.2373703703703704,0.1592165242165242,0.18579012345679016,1,1,4.958113883008419
0.32,0.22,0.0,0.05,0.08,0.316227766016838,0.7999999999999999,0.632455532033676,0.26737037037037037,0.1592165242165242,0.19579012345679014,1,1,4.958113883008419
0.32,0.22,0.08,0.05,0.0,0.316227766016838,0.7999999999999999,0.632455532033676,0.19211111111111112,0.15860113960113958,0.17071268237934908,1,1,4.958113883008419
0.32,0.22,0.08,0.05,0.03,0.316227766016838,0.7999999999999999,0.632455532033676,0.22211111111111112,0.15860113960113958,0.1807126823793491,1,1,4.958113883008419
0.32,0.22,0.08,0.05,0.05,0.316227766016838,0.7999999999999999,0.632455532033676,0.2421111111111111,0.15860113960113958,0.18737934904601575,1,1,4.958113883008419
0.32,0.22,0.08,0.05,0.08,0.316227766016838,0.7999999999999999,0.632455532033676,0.27211111111111114,0.15860113960113958,0.19737934904601576,1,1,4.958113883008419
0.36,0.1,0.0,0.05,0.0,0.316227766016838,0.7999999999999999,0.632455532033676,0.1989259259259259,0.1755128205128205,0.18348035914702585,1,1,4.958113883008419
0.36,0.1,0.0,0.05,0.03,0.316227766016838,0.7999999999999999,0.632455532033676,0.2289259259259259,0.1755128205128205,0.1934803591470258,1,1,4.958113883008419
0.36,0.1,0.0,0.05,0.05,0.316227766016838,0.7999999999999999,0.632455532033676,0.24892592592592588,0.1755128205128205,0.20014702581369248,1,1,4.958113883008419
0.36,0.1,0.0,0.05,0.08,0.316227766016838,0.7999999999999999,0.632455532033676,0.2789259259259259,0.1755128205128205,0.2101470258136925,1,1,4.958113883008419
0.36,0.1,0.08,0.05,0.0,0.316227766016838,0.7999999999999999,0.632455532033676,0.20366666666666663,0.17489743589743587,0.18506958473625143,1,1,4.958113883008419
0.36,0.1,0.08,0.05,0.03,0.316227766016838,0.7999999999999999,0.632455532033676,0.23366666666666663,0.17489743589743587,0.19506958473625144,1,1,4.958113883008419
0.36,0.1,0.08,0.05,0.05,0.316227766016838,0.7999999999999999,0.632455532033676,0.25366666666666665,0.17489743589743587,0.2017362514029181,1,1,4.958113883008419
0.36,0.1,0.08,0.05,0.08,0.316227766016838,0.7999999999999999,0.632455532033676,0.2836666666666666,0.17489743589743587,0.21173625140291807,1,1,4.958113883008419
0.36,0.1,0.14,0.05,0.0,0.316227766016838,0.7999999999999999,0.632455532033676,0.2072222222222222,0.1744358974358974,0.18626150392817062,1,1,4.958113883008419
0.36,0.1,0.14,0.05,0.03,0.316227766016838,0.7999999999999999,0.632455532033676,0.2372222222222222,0.1744358974358974,0.19626150392817063,1,1,4.958113883008419
0.36,0.1,0.14,0.05,0.05,0.316227766016838,0.7999999999999999,0.632455532033676,0.2572222222222222,0.1744358974358974,0.20292817059483728,1,1,4.958113883008419
0.36,0.1,0.14,0.05,0.08,0.316227766016838,0.7999999999999999,0.632455532033676,0.2872222222222222,0.1744358974358974,0.2129281705948373,1,1,4.958113883008419
0.36,0.14,0.0,0.05,0.0,0.316227766016838,0.7999999999999999,0.632455532033676,0.20129629629629628,0.1755128205128205,0.18447250280583616,1,1,4.958113883008419
0.36,0.14,0.0,0.05,0.03,0.316227766016838,0.7999999999999999,0.632455532033676,0.23129629629629628,0.1755128205128205,0.19447250280583614,1,1,4.958113883008419
0.36,0.14,0.0,0.05,0.05,0.316227766016838,0.7999999999999999,0.632455532033676,0.2512962962962963,0.1755128205128205,0.2011391694725028,1,1,4.958113883008419
0.36,0.14,0.0,0.05,0.08,0.316227766016838,0.7999999999999999,0.632455532033676,0.28129629629629627,0.1755128205128205,0.2111391694725028,1,1,4.958113883008419
0.36,0.14,0.08,0.05,0.0,0.316227766016838,0.7999999999999999,0.632455532033676,0.20603703703703702,0.17489743589743587,0.18606172839506174,1,1,4.958113883008419
0.36,0.14,0.08,0.05,0.03,0.316227766016838,0.7999999999999999,0.632455532033676,0.23603703703703702,0.17489743589743587,0.19606172839506175,1,1,4.958113883008419
0.36,0.14,0.08,0.05,0.05,0.316227766016838,0.7999999999999999,0.632455532033676,0.256037037037037,0.17489743589743587,0.20272839506172838,1,1,4.958113883008419
0.36,0.14,0.08,0.05,0.08,0.316227766016838,0.7999999999999999,0.632455532033676,0.28603703703703703,0.17489743589743587,0.2127283950617284,1,1,4.958113883008419
0.36,0.14,0.14,0.05,0.0,0.316227766016838,0.7999999999999999,0.632455532033676,0.20959259259259258,0.1744358974358974,0.18725364758698093,1,1,4.958113883008419
0.36,0.14,0.14,0.05,0.03,0.316227766016838,0.7999999999999999,0.632455532033676,0.23959259259259258,0.1744358974358974,0.19725364758698094,1,1,4.958113883008419
0.36,0.14,0.14,0.05,0.05,0.316227766016838,0.7999999999999999,0.632455532033676,0.2595925925925926,0.1744358974358974,0.20392031425364762,1,1,4.958113883008419
0.36,0.14,0.14,0.05,0.08,0.316227766016838,0.7999999999999999,0.632455532033676,0.28959259259259257,0.1744358974358974,0.21392031425364758,1,1,4.958113883008419
0.36,0.18,0.0,0.05,0.0,0.316227766016838,0.7999999999999999,0.632455532033676,0.20366666666666663,0.1755128205128205,0.18546464646464647,1,1,4.958113883008419
0.36,0.18,0.0,0.05,0.03,0.316227766016838,0.7999999999999999,0.632455532033676,0.23366666666666663,0.1755128205128205,0.19546464646464648,1,1,4.958113883008419
0.36,0.18,0.0,0.05,0.05,0.316227766016838,0.7999999999999999,0.632455532033676,0.25366666666666665,0.1755128205128205,0.20213131313131316,1,1,4.958113883008419
0.36,0.18,0.0,0.05,0.08,0.316227766016838,0.7999999999999999,0.632455532033676,0.2836666666666666,0.1755128205128205,0.21213131313131314,1,1,4.958113883008419
0.36,0.18,0.08,0.05,0.0,0.316227766016838,0.7999999999999999,0.632455532033676,0.20840740740740737,0.17489743589743587,0.18705387205387206,1,1,4.958113883008419
0.36,0.18,0.08,0.05,0.03,0.316227766016838,0.7999999999999999,0.632455532033676,0.23840740740740737,0.17489743589743587,0.19705387205387206,1,1,4.958113883008419
0.36,0.18,0.08,0.05,0.05,0.316227766016838,0.7999999999999999,0.632455532033676,0.25840740740740736,0.17489743589743587,0.20372053872053875,1,1,4.958113883008419
0.36,0.18,0.08,0.05,0.08,0.316227766016838,0.7999999999999999,0.632455532033676,0.2884074074074074,0.17489743589743587,0.21372053872053876,1,1,4.958113883008419
0.36,0.22,0.0,0.05,0.0,0.316227766016838,0.7999999999999999,0.632455532033676,0.20603703703703702,0.1755128205128205,0.1864567901234568,1,1,4.958113883008419
0.36,0.22,0.0,0.05,0.03,0.316227766016838,0.7999999999999999,0.632455532033676,0.23603703703703702,0.1755128205128205,0.19645679012345682,1,1,4.958113883008419
0.36,0.22,0.0,0.05,0.05,0.316227766016838,0.7999999999999999,0.632455532033676,0.256037037037037,0.1755128205128205,0.20312345679012345,1,1,4.958113883008419
0.36,0.22,0.0,0.05,0.08,0.316227766016838,0.7999999999999999,0.632455532033676,0.28603703703703703,0.1755128205128205,0.21312345679012346,1,1,4.958113883008419
0.36,0.22,0.08,0.05,0.0,0.316227766016838,0.7999999999999999,0.632455532033676,0.21077777777777776,0.17489743589743587,0.1880460157126824,1,1,4.958113883008419
0.36,0.22,0.08,0.05,0.03,0.316227766016838,0.7999999999999999,0.632455532033676,0.24077777777777776,0.17489743589743587,0.1980460157126824,1,1,4.958113883008419
0.36,0.22,0.08,0.05,0.05,0.316227766016838,0.7999999999999999,0.632455532033676,0.2607777777777778,0.17489743589743587,0.20471268237934906,1,1,4.958113883008419
0.36,0.22,0.08,0.05,0.08,0.316227766016838,0.7999999999999999,0.632455532033676,0.29077777777777775,0.17489743589743587,0.21471268237934904,1,1,4.958113883008419
0.2,0.1,0.0,0.05,0.0,0.316227766016838,0.39999999999999997,0.316227766016838,0.12425925925925926,0.11032763532763533,0.11414702581369247,1,1,4.558113883008419
0.2,0.1,0.0,0.05,0.03,0.316227766016838,0.39999999999999997,0.316227766016838,0.15425925925925926,0.11032763532763533,0.12414702581369248,1,1,4.558113883008419
0.2,0.1,0.0,0.05,0.05,0.316227766016838,0.39999999999999997,0.316227766016838,0.17425925925925928,0.11032763532763533,0.13081369248035915,1,1,4.558113883008419
0.2,0.1,0.0,0.05,0.08,0.316227766016838,0.39999999999999997,0.316227766016838,0.20425925925925925,0.11032763532763533,0.14081369248035916,1,1,4.558113883008419
0.2,0.1,0.08,0.05,0.0,0.316227766016838,0.39999999999999997,0.316227766016838,0.129,0.10971225071225071,0.11573625140291809,1,1,4.558113883008419
0.2,0.1,0.08,0.05,0.03,0.316227766016838,0.39999999999999997,0.316227766016838,0.159,0.10971225071225071,0.12573625140291808,1,1,4.558113883008419
0.2,0.1,0.08,0.05,0.05,0.316227766016838,0.39999999999999997,0.316227766016838,0.179,0.10971225071225071,0.13240291806958474,1,1,4.558113883008419
0.2,0.1,0.08,0.05,0.08,0.316227766016838,0.39999999999999997,0.316227766016838,0.20900000000000002,0.10971225071225071,0.14240291806958474,1,1,4.558113883008419
0.2,0.14,0.0,0.05,0.0,0.316227766016838,0.39999999999999997,0.316227766016838,0.12662962962962965,0.11032763532763533,0.11513916947250281,1,1,4.558113883008419
0.2,0.14,0.0,0.05,0.03,0.316227766016838,0.39999999999999997,0.316227766016838,0.15662962962962965,0.11032763532763533,0.1251391694725028,1,1,4.558113883008419
0.2,0.14,0.0,0.05,0.05,0.316227766016838,0.39999999999999997,0.316227766016838,0.17662962962962964,0.11032763532763533,0.1318058361391695,1,1,4.558113883008419
0.2,0.14,0.0,0.05,0.08,0.316227766016838,0.39999999999999997,0.316227766016838,0.20662962962962966,0.11032763532763533,0.1418058361391695,1,1,4.558113883008419
0.2,0.18,0.0,0.05,0.0,0.316227766016838,0.39999999999999997,0.316227766016838,0.129,0.11032763532763533,0.11613131313131314,1,1,4.558113883008419
0.2,0.18,0.0,0.05,0.03,0.316227766016838,0.39999999999999997,0.316227766016838,0.159,0.11032763532763533,0.12613131313131312,1,1,4.558113883008419
0.2,0.18,0.0,0.05,0.05,0.316227766016838,0.39999999999999997,0.316227766016838,0.179,0.11032763532763533,0.1327979797979798,1,1,4.558113883008419
0.2,0.18,0.0,0.05,0.08,0.316227766016838,0.39999999999999997,0.316227766016838,0.20900000000000002,0.11032763532763533,0.1427979797979798,1,1,4.558113883008419
0.28,0.1,0.0,0.1,0.0,0.316227766016838,0.39999999999999997,0.316227766016838,0.1865925925925926,0.17176638176638176,0.17381369248035916,1,1,4.558113883008419
0.28,0.1,0.0,0.1,0.03,0.316227766016838,0.39999999999999997,0.316227766016838,0.2165925925925926,0.17176638176638176,0.18381369248035917,1,1,4.558113883008419
0.28,0.1,0.0,0.1,0.05,0.316227766016838,0.39999999999999997,0.316227766016838,0.23659259259259258,0.17176638176638176,0.1904803591470258,1,1,4.558113883008419
0.28,0.1,0.0,0.1,0.08,0.316227766016838,0.39999999999999997,0.316227766016838,0.2665925925925926,0.17176638176638176,0.2004803591470258,1,1,4.558113883008419
0.28,0.1,0.08,0.1,0.0,0.316227766016838,0.39999999999999997,0.316227766016838,0.19133333333333336,0.17115099715099716,0.17540291806958475,1,1,4.558113883008419
0.28,0.1,0.08,0.1,0.03,0.316227766016838,0.39999999999999997,0.316227766016838,0.22133333333333335,0.17115099715099716,0.18540291806958475,1,1,4.558113883008419
0.28,0.1,0.08,0.1,0.05,0.316227766016838,0.39999999999999997,0.316227766016838,0.24133333333333334,0.17115099715099716,0.19206958473625138,1,1,4.558113883008419
0.28,0.1,0.08,0.1,0.08,0.316227766016838,0.39999999999999997,0.316227766016838,0.27133333333333337,0.17115099715099716,0.2020695847362514,1,1,4.558113883008419
0.28,0.1,0.14,0.1,0.0,0.316227766016838,0.39999999999999997,0.316227766016838,0.1948888888888889,0.1706894586894587,0.17659483726150393,1,1,4.558113883008419
0.28,0.1,0.14,0.1,0.03,0.316227766016838,0.39999999999999997,0.316227766016838,0.2248888888888889,0.1706894586894587,0.18659483726150394,1,1,4.558113883008419
0.28,0.1,0.14,0.1,0.05,0.316227766016838,0.39999999999999997,0.316227766016838,0.24488888888888888,0.1706894586894587,0.19326150392817057,1,1,4.558113883008419
0.28,0.1,0.14,0.1,0.08,0.316227766016838,0.39999999999999997,0.316227766016838,0.2748888888888889,0.1706894586894587,0.20326150392817058,1,1,4.558113883008419
0.28,0.14,0.0,0.1,0.0,0.316227766016838,0.39999999999999997,0.316227766016838,0.188962962962963,0.17176638176638176,0.17480583613916947,1,1,4.558113883008419
0.28,0.14,0.0,0.1,0.03,0.316227766016838,0.39999999999999997,0.316227766016838,0.218962962962963,0.17176638176638176,0.18480583613916948,1,1,4.558113883008419
0.28,0.14,0.0,0.1,0.05,0.316227766016838,0.39999999999999997,0.316227766016838,0.238962962962963,0.17176638176638176,0.19147250280583616,1,1,4.558113883008419
0.28,0.14,0.0,0.1,0.08,0.316227766016838,0.39999999999999997,0.316227766016838,0.268962962962963,0.17176638176638176,0.20147250280583617,1,1,4.558113883008419
0.28,0.14,0.08,0.1,0.0,0.316227766016838,0.39999999999999997,0.316227766016838,0.1937037037037037,0.17115099715099716,0.17639506172839506,1,1,4.558113883008419
0.28,0.14,0.08,0.1,0.03,0.316227766016838,0.39999999999999997,0.316227766016838,0.2237037037037037,0.17115099715099716,0.18639506172839507,1,1,4.558113883008419
0.28,0.14,0.08,0.1,0.05,0.316227766016838,0.39999999999999997,0.316227766016838,0.2437037037037037,0.17115099715099716,0.19306172839506175,1,1,4.558113883008419
0.28,0.14,0.08,0.1,0.08,0.316227766016838,0.39999999999999997,0.316227766016838,0.2737037037037037,0.17115099715099716,0.20306172839506176,1,1,4.558113883008419
0.28,0.14,0.14,0.1,0.0,0.316227766016838,0.39999999999999997,0.316227766016838,0.1972592592592593,0.1706894586894587,0.17758698092031425,1,1,4.558113883008419
0.28,0.14,0.14,0.1,0.03,0.316227766016838,0.39999999999999997,0.316227766016838,0.2272592592592593,0.1706894586894587,0.18758698092031426,1,1,4.558113883008419
0.28,0.14,0.14,0.1,0.05,0.316227766016838,0.39999999999999997,0.316227766016838,0.2472592592592593,0.1706894586894587,0.19425364758698094,1,1,4.558113883008419
0.28,0.14,0.14,0.1,0.08,0.316227766016838,0.39999999999999997,0.316227766016838,0.2772592592592593,0.1706894586894587,0.20425364758698095,1,1,4.558113883008419
0.28,0.18,0.0,0.1,0.0,0.316227766016838,0.39999999999999997,0.316227766016838,0.19133333333333336,0.17176638176638176,0.17579797979797981,1,1,4.558113883008419
0.28,0.18,0.0,0.1,0.03,0.316227766016838,0.39999999999999997,0.316227766016838,0.22133333333333335,0.17176638176638176,0.18579797979797982,1,1,4.558113883008419
0.28,0.18,0.0,0.1,0.05,0.316227766016838,0.39999999999999997,0.316227766016838,0.24133333333333334,0.17176638176638176,0.19246464646464645,1,1,4.558113883008419
0.28,0.18,0.0,0.1,0.08,0.316227766016838,0.39999999999999997,0.316227766016838,0.27133333333333337,0.17176638176638176,0.20246464646464646,1,1,4.558113883008419
0.28,0.18,0.08,0.1,0.0,0.316227766016838,0.39999999999999997,0.316227766016838,0.19607407407407407,0.17115099715099716,0.1773872053872054,1,1,4.558113883008419
0.28,0.18,0.08,0.1,0.03,0.316227766016838,0.39999999999999997,0.316227766016838,0.22607407407407407,0.17115099715099716,0.1873872053872054,1,1,4.558113883008419
0.28,0.18,0.08,0.1,0.05,0.316227766016838,0.39999999999999997,0.316227766016838,0.24607407407407406,0.17115099715099716,0.19405387205387203,1,1,4.558113883008419
0.28,0.18,0.08,0.1,0.08,0.316227766016838,0.39999999999999997,0.316227766016838,0.2760740740740741,0.17115099715099716,0.20405387205387204,1,1,4.558113883008419
0.28,0.18,0.14,0.1,0.0,0.316227766016838,0.39999999999999997,0.316227766016838,0.19962962962962966,0.1706894586894587,0.17857912457912462,1,1,4.558113883008419
0.28,0.18,0.14,0.1,0.03,0.316227766016838,0.39999999999999997,0.316227766016838,0.22962962962962966,0.1706894586894587,0.1885791245791246,1,1,4.558113883008419
0.28,0.18,0.14,0.1,0.05,0.316227766016838,0.39999999999999997,0.316227766016838,0.24962962962962965,0.1706894586894587,0.19524579124579125,1,1,4.558113883008419
0.28,0.18,0.14,0.1,0.08,0.316227766016838,0.39999999999999997,0.316227766016838,0.2796296296296297,0.1706894586894587,0.20524579124579126,1,1,4.558113883008419
0.28,0.22,0.0,0.1,0.0,0.316227766016838,0.39999999999999997,0.316227766016838,0.1937037037037037,0.17176638176638176,0.17679012345679013,1,1,4.558113883008419
0.28,0.22,0.0,0.1,0.03,0.316227766016838,0.39999999999999997,0.316227766016838,0.2237037037037037,0.17176638176638176,0.18679012345679014,1,1,4.558113883008419
0.28,0.22,0.0,0.1,0.05,0.316227766016838,0.39999999999999997,0.316227766016838,0.2437037037037037,0.17176638176638176,0.19345679012345682,1,1,4.558113883008419
0.28,0.22,0.0,0.1,0.08,0.316227766016838,0.39999999999999997,0.316227766016838,0.2737037037037037,0.17176638176638176,0.20345679012345683,1,1,4.558113883008419
0.28,0.22,0.08,0.1,0.0,0.316227766016838,0.39999999999999997,0.316227766016838,0.19844444444444448,0.17115099715099716,0.1783793490460157,1,1,4.558113883008419
0.28,0.22,0.08,0.1,0.03,0.316227766016838,0.39999999999999997,0.316227766016838,0.22844444444444448,0.17115099715099716,0.18837934904601572,1,1,4.558113883008419
0.28,0.22,0.08,0.1,0.05,0.316227766016838,0.39999999999999997,0.316227766016838,0.24844444444444447,0.17115099715099716,0.1950460157126824,1,1,4.558113883008419
0.28,0.22,0.08,0.1,0.08,0.316227766016838,0.39999999999999997,0.316227766016838,0.2784444444444445,0.17115099715099716,0.2050460157126824,1,1,4.558113883008419
0.28,0.22,0.14,0.1,0.0,0.316227766016838,0.39999999999999997,0.316227766016838,0.202,0.1706894586894587,0.1795712682379349,1,1,4.558113883008419
0.28,0.22,0.14,0.1,0.03,0.316227766016838,0.39999999999999997,0.316227766016838,0.232,0.1706894586894587,0.1895712682379349,1,1,4.558113883008419
0.28,0.22,0.14,0.1,0.05,0.316227766016838,0.39999999999999997,0.316227766016838,0.252,0.1706894586894587,0.1962379349046016,1,1,4.558113883008419
0.28,0.22,0.14,0.1,0.08,0.316227766016838,0.39999999999999997,0.316227766016838,0.28200000000000003,0.1706894586894587,0.2062379349046016,1,1,4.558113883008419
0.32,0.1,0.0,0.1,0.0,0.316227766016838,0.39999999999999997,0.316227766016838,0.20525925925925925,0.18806267806267804,0.19114702581369247,1,1,4.558113883008419
0.32,0.1,0.0,0.1,0.03,0.316227766016838,0.39999999999999997,0.316227766016838,0.23525925925925925,0.18806267806267804,0.20114702581369248,1,1,4.558113883008419
0.32,0.1,0.0,0.1,0.05,0.316227766016838,0.39999999999999997,0.316227766016838,0.25525925925925924,0.18806267806267804,0.20781369248035916,1,1,4.558113883008419
0.32,0.1,0.0,0.1,0.08,0.316227766016838,0.39999999999999997,0.316227766016838,0.28525925925925927,0.18806267806267804,0.21781369248035917,1,1,4.558113883008419
0.32,0.1,0.08,0.1,0.0,0.316227766016838,0.39999999999999997,0.316227766016838,0.21000000000000002,0.1874472934472934,0.19273625140291809,1,1,4.558113883008419
0.32,0.1,0.08,0.1,0.03,0.316227766016838,0.39999999999999997,0.316227766016838,0.24000000000000002,0.1874472934472934,0.2027362514029181,1,1,4.558113883008419
0.32,0.1,0.08,0.1,0.05,0.316227766016838,0.39999999999999997,0.316227766016838,0.26,0.1874472934472934,0.20940291806958475,1,1,4.558113883008419
0.32,0.1,0.08,0.1,0.08,0.316227766016838,0.39999999999999997,0.316227766016838,0.29000000000000004,0.1874472934472934,0.21940291806958476,1,1,4.558113883008419
0.32,0.1,0.14,0.1,0.0,0.316227766016838,0.39999999999999997,0.316227766016838,0.21355555555555555,0.18698575498575495,0.19392817059483727,1,1,4.558113883008419
0.32,0.1,0.14,0.1,0.03,0.316227766016838,0.39999999999999997,0.316227766016838,0.24355555555555555,0.18698575498575495,0.20392817059483728,1,1,4.558113883008419
0.32,0.1,0.14,0.1,0.05,0.316227766016838,0.39999999999999997,0.316227766016838,0.26355555555555554,0.18698575498575495,0.21059483726150394,1,1,4.558113883008419
0.32,0.1,0.14,0.1,0.08,0.316227766016838,0.39999999999999997,0.316227766016838,0.29355555555555557,0.18698575498575495,0.22059483726150395,1,1,4.558113883008419
0.32,0.14,0.0,0.1,0.0,0.316227766016838,0.39999999999999997,0.316227766016838,0.20762962962962966,0.18806267806267804,0.19213916947250284,1,1,4.558113883008419
0.32,0.14,0.0,0.1,0.03,0.316227766016838,0.39999999999999997,0.316227766016838,0.23762962962962966,0.18806267806267804,0.20213916947250285,1,1,4.558113883008419
0.32,0.14,0.0,0.1,0.05,0.316227766016838,0.39999999999999997,0.316227766016838,0.25762962962962965,0.18806267806267804,0.2088058361391695,1,1,4.558113883008419
0.32,0.14,0.0,0.1,0.08,0.316227766016838,0.39999999999999997,0.316227766016838,0.2876296296296297,0.18806267806267804,0.2188058361391695,1,1,4.558113883008419
0.32,0.14,0.08,0.1,0.0,0.316227766016838,0.39999999999999997,0.316227766016838,0.21237037037037038,0.1874472934472934,0.19372839506172843,1,1,4.558113883008419
0.32,0.14,0.08,0.1,0.03,0.316227766016838,0.39999999999999997,0.316227766016838,0.24237037037037037,0.1874472934472934,0.20372839506172843,1,1,4.558113883008419
0.32,0.14,0.08,0.1,0.05,0.316227766016838,0.39999999999999997,0.316227766016838,0.26237037037037036,0.1874472934472934,0.2103950617283951,1,1,4.558113883008419
0.32,0.14,0.08,0.1,0.08,0.316227766016838,0.39999999999999997,0.316227766016838,0.2923703703703704,0.1874472934472934,0.2203950617283951,1,1,4.558113883008419
0.32,0.14,0.14,0.1,0.0,0.316227766016838,0.39999999999999997,0.316227766016838,0.21592592592592597,0.18698575498575495,0.19492031425364761,1,1,4.558113883008419
0.32,0.14,0.14,0.1,0.03,0.316227766016838,0.39999999999999997,0.316227766016838,0.24592592592592596,0.18698575498575495,0.20492031425364762,1,1,4.558113883008419
0.32,0.14,0.14,0.1,0.05,0.316227766016838,0.39999999999999997,0.316227766016838,0.26592592592592595,0.18698575498575495,0.21158698092031428,1,1,4.558113883008419
0.32,0.14,0.14,0.1,0.08,0.316227766016838,0.39999999999999997,0.316227766016838,0.295925925925926,0.18698575498575495,0.22158698092031429,1,1,4.558113883008419
0.32,0.18,0.0,0.1,0.0,0.316227766016838,0.39999999999999997,0.316227766016838,0.21000000000000002,0.18806267806267804,0.19313131313131315,1,1,4.558113883008419
0.32,0.18,0.0,0.1,0.03,0.316227766016838,0.39999999999999997,0.316227766016838,0.24000000000000002,0.18806267806267804,0.20313131313131316,1,1,4.558113883008419
0.32,0.18,0.0,0.1,0.05,0.316227766016838,0.39999999999999997,0.316227766016838,0.26,0.18806267806267804,0.2097979797979798,1,1,4.558113883008419
0.32,0.18,0.0,0.1,0.08,0.316227766016838,0.39999999999999997,0.316227766016838,0.29000000000000004,0.18806267806267804,0.2197979797979798,1,1,4.558113883008419
0.32,0.18,0.08,0.1,0.0,0.316227766016838,0.39999999999999997,0.316227766016838,0.21474074074074073,0.1874472934472934,0.19472053872053874,1,1,4.558113883008419
0.32,0.18,0.08,0.1,0.03,0.316227766016838,0.39999999999999997,0.316227766016838,0.24474074074074073,0.1874472934472934,0.20472053872053875,1,1,4.558113883008419
0.32,0.18,0.08,0.1,0.05,0.316227766016838,0.39999999999999997,0.316227766016838,0.2647407407407407,0.1874472934472934,0.21138720538720537,1,1,4.558113883008419
0.32,0.18,0.08,0.1,0.08,0.316227766016838,0.39999999999999997,0.316227766016838,0.29474074074074075,0.1874472934472934,0.22138720538720538,1,1,4.558113883008419
0.32,0.18,0.14,0.1,0.0,0.316227766016838,0.39999999999999997,0.316227766016838,0.21829629629629632,0.18698575498575495,0.19591245791245795,1,1,4.558113883008419
0.32,0.18,0.14,0.1,0.03,0.316227766016838,0.39999999999999997,0.316227766016838,0.24829629629629632,0.18698575498575495,0.20591245791245794,1,1,4.558113883008419
0.32,0.18,0.14,0.1,0.05,0.316227766016838,0.39999999999999997,0.316227766016838,0.2682962962962963,0.18698575498575495,0.21257912457912462,1,1,4.558113883008419
0.32,0.18,0.14,0.1,0.08,0.316227766016838,0.39999999999999997,0.316227766016838,0.29829629629629634,0.18698575498575495,0.22257912457912463,1,1,4.558113883008419
0.32,0.22,0.0,0.1,0.0,0.316227766016838,0.39999999999999997,0.316227766016838,0.21237037037037038,0.18806267806267804,0.19412345679012347,1,1,4.558113883008419
0.32,0.22,0.0,0.1,0.03,0.316227766016838,0.39999999999999997,0.316227766016838,0.24237037037037037,0.18806267806267804,0.20412345679012348,1,1,4.558113883008419
0.32,0.22,0.0,0.1,0.05,0.316227766016838,0.39999999999999997,0.316227766016838,0.26237037037037036,0.18806267806267804,0.21079012345679016,1,1,4.558113883008419
0.32,0.22,0.0,0.1,0.08,0.316227766016838,0.39999999999999997,0.316227766016838,0.2923703703703704,0.18806267806267804,0.22079012345679017,1,1,4.558113883008419
0.32,0.22,0.08,0.1,0.0,0.316227766016838,0.39999999999999997,0.316227766016838,0.21711111111111114,0.1874472934472934,0.19571268237934905,1,1,4.558113883008419
0.32,0.22,0.08,0.1,0.03,0.316227766016838,0.39999999999999997,0.316227766016838,0.24711111111111114,0.1874472934472934,0.20571268237934906,1,1,4.558113883008419
0.32,0.22,0.08,0.1,0.05,0.316227766016838,0.39999999999999997,0.316227766016838,0.26711111111111113,0.1874472934472934,0.21237934904601574,1,1,4.558113883008419
0.32,0.22,0.08,0.1,0.08,0.316227766016838,0.39999999999999997,0.316227766016838,0.29711111111111116,0.1874472934472934,0.22237934904601575,1,1,4.558113883008419
0.32,0.22,0.14,0.1,0.0,0.316227766016838,0.39999999999999997,0.316227766016838,0.22066666666666668,0.18698575498575495,0.19690460157126824,1,1,4.558113883008419
0.32,0.22,0.14,0.1,0.03,0.316227766016838,0.39999999999999997,0.316227766016838,0.2506666666666667,0.18698575498575495,0.20690460157126825,1,1,4.558113883008419
0.32,0.22,0.14,0.1,0.05,0.316227766016838,0.39999999999999997,0.316227766016838,0.27066666666666667,0.18698575498575495,0.21357126823793493,1,1,4.558113883008419
0.32,0.22,0.14,0.1,0.08,0.316227766016838,0.39999999999999997,0.316227766016838,0.3006666666666667,0.18698575498575495,0.22357126823793494,1,1,4.558113883008419
0.36,0.1,0.0,0.1,0.0,0.316227766016838,0.39999999999999997,0.316227766016838,0.22392592592592592,0.20435897435897432,0.2084803591470258,1,1,4.558113883008419
0.36,0.1,0.0,0.1,0.03,0.316227766016838,0.39999999999999997,0.316227766016838,0.2539259259259259,0.20435897435897432,0.21848035914702582,1,1,4.558113883008419
0.36,0.1,0.0,0.1,0.05,0.316227766016838,0.39999999999999997,0.316227766016838,0.2739259259259259,0.20435897435897432,0.2251470258136925,1,1,4.558113883008419
0.36,0.1,0.0,0.1,0.08,0.316227766016838,0.39999999999999997,0.316227766016838,0.30392592592592593,0.20435897435897432,0.2351470258136925,1,1,4.558113883008419
0.36,0.1,0.08,0.1,0.0,0.316227766016838,0.39999999999999997,0.316227766016838,0.22866666666666663,0.2037435897435897,0.2100695847362514,1,1,4.558113883008419
0.36,0.1,0.08,0.1,0.03,0.316227766016838,0.39999999999999997,0.316227766016838,0.2586666666666666,0.2037435897435897,0.2200695847362514,1,1,4.558113883008419
0.36,0.1,0.08,0.1,0.05,0.316227766016838,0.39999999999999997,0.316227766016838,0.2786666666666666,0.2037435897435897,0.2267362514029181,1,1,4.558113883008419
0.36,0.1,0.08,0.1,0.08,0.316227766016838,0.39999999999999997,0.316227766016838,0.30866666666666664,0.2037435897435897,0.2367362514029181,1,1,4.558113883008419
0.36,0.1,0.14,0.1,0.0,0.316227766016838,0.39999999999999997,0.316227766016838,0.23222222222222222,0.20328205128205123,0.21126150392817059,1,1,4.558113883008419
0.36,0.1,0.14,0.1,0.03,0.316227766016838,0.39999999999999997,0.316227766016838,0.26222222222222225,0.20328205128205123,0.2212615039281706,1,1,4.558113883008419
0.36,0.1,0.14,0.1,0.05,0.316227766016838,0.39999999999999997,0.316227766016838,0.2822222222222222,0.20328205128205123,0.22792817059483728,1,1,4.558113883008419
0.36,0.1,0.14,0.1,0.08,0.316227766016838,0.39999999999999997,0.316227766016838,0.31222222222222223,0.20328205128205123,0.23792817059483728,1,1,4.558113883008419
0.36,0.14,0.0,0.1,0.0,0.316227766016838,0.39999999999999997,0.316227766016838,0.22629629629629627,0.20435897435897432,0.20947250280583615,1,1,4.558113883008419
0.36,0.14,0.0,0.1,0.03,0.316227766016838,0.39999999999999997,0.316227766016838,0.25629629629629624,0.20435897435897432,0.2194725028058361,1,1,4.558113883008419
0.36,0.14,0.0,0.1,0.05,0.316227766016838,0.39999999999999997,0.316227766016838,0.27629629629629626,0.20435897435897432,0.2261391694725028,1,1,4.558113883008419
0.36,0.14,0.0,0.1,0.08,0.316227766016838,0.39999999999999997,0.316227766016838,0.3062962962962963,0.20435897435897432,0.2361391694725028,1,1,4.558113883008419
0.36,0.14,0.08,0.1,0.0,0.316227766016838,0.39999999999999997,0.316227766016838,0.23103703703703704,0.2037435897435897,0.21106172839506177,1,1,4.558113883008419
0.36,0.14,0.08,0.1,0.03,0.316227766016838,0.39999999999999997,0.316227766016838,0.26103703703703707,0.2037435897435897,0.22106172839506177,1,1,4.558113883008419
0.36,0.14,0.08,0.1,0.05,0.316227766016838,0.39999999999999997,0.316227766016838,0.28103703703703703,0.2037435897435897,0.2277283950617284,1,1,4.558113883008419
0.36,0.14,0.08,0.1,0.08,0.316227766016838,0.39999999999999997,0.316227766016838,0.31103703703703706,0.2037435897435897,0.2377283950617284,1,1,4.558113883008419
0.36,0.14,0.14,0.1,0.0,0.316227766016838,0.39999999999999997,0.316227766016838,0.23459259259259257,0.20328205128205123,0.21225364758698095,1,1,4.558113883008419
0.36,0.14,0.14,0.1,0.03,0.316227766016838,0.39999999999999997,0.316227766016838,0.2645925925925926,0.20328205128205123,0.22225364758698096,1,1,4.558113883008419
0.36,0.14,0.14,0.1,0.05,0.316227766016838,0.39999999999999997,0.316227766016838,0.28459259259259256,0.20328205128205123,0.2289203142536476,1,1,4.558113883008419
0.36,0.14,0.14,0.1,0.08,0.316227766016838,0.39999999999999997,0.316227766016838,0.3145925925925926,0.20328205128205123,0.2389203142536476,1,1,4.558113883008419
0.36,0.18,0.0,0.1,0.0,0.316227766016838,0.39999999999999997,0.316227766016838,0.22866666666666663,0.20435897435897432,0.21046464646464647,1,1,4.558113883008419
0.36,0.18,0.0,0.1,0.03,0.316227766016838,0.39999999999999997,0.316227766016838,0.2586666666666666,0.20435897435897432,0.22046464646464647,1,1,4.558113883008419
0.36,0.18,0.0,0.1,0.05,0.316227766016838,0.39999999999999997,0.316227766016838,0.2786666666666666,0.20435897435897432,0.22713131313131316,1,1,4.558113883008419
0.36,0.18,0.0,0.1,0.08,0.316227766016838,0.39999999999999997,0.316227766016838,0.30866666666666664,0.20435897435897432,0.23713131313131317,1,1,4.558113883008419
0.36,0.18,0.08,0.1,0.0,0.316227766016838,0.39999999999999997,0.316227766016838,0.2334074074074074,0.2037435897435897,0.21205387205387205,1,1,4.558113883008419
0.36,0.18,0.08,0.1,0.03,0.316227766016838,0.39999999999999997,0.316227766016838,0.2634074074074074,0.2037435897435897,0.22205387205387206,1,1,4.558113883008419
0.36,0.18,0.08,0.1,0.05,0.316227766016838,0.39999999999999997,0.316227766016838,0.2834074074074074,0.2037435897435897,0.22872053872053874,1,1,4.558113883008419
0.36,0.18,0.08,0.1,0.08,0.316227766016838,0.39999999999999997,0.316227766016838,0.3134074074074074,0.2037435897435897,0.23872053872053875,1,1,4.558113883008419
0.36,0.18,0.14,0.1,0.0,0.316227766016838,0.39999999999999997,0.316227766016838,0.23696296296296293,0.20328205128205123,0.21324579124579124,1,1,4.558113883008419
0.36,0.18,0.14,0.1,0.03,0.316227766016838,0.39999999999999997,0.316227766016838,0.26696296296296296,0.20328205128205123,0.22324579124579125,1,1,4.558113883008419
0.36,0.18,0.14,0.1,0.05,0.316227766016838,0.39999999999999997,0.316227766016838,0.2869629629629629,0.20328205128205123,0.22991245791245793,1,1,4.558113883008419
0.36,0.18,0.14,0.1,0.08,0.316227766016838,0.39999999999999997,0.316227766016838,0.31696296296296295,0.20328205128205123,0.23991245791245794,1,1,4.558113883008419
0.36,0.22,0.0,0.1,0.0,0.316227766016838,0.39999999999999997,0.316227766016838,0.23103703703703704,0.20435897435897432,0.21145679012345683,1,1,4.558113883008419
0.36,0.22,0.0,0.1,0.03,0.316227766016838,0.39999999999999997,0.316227766016838,0.26103703703703707,0.20435897435897432,0.22145679012345684,1,1,4.558113883008419
0.36,0.22,0.0,0.1,0.05,0.316227766016838,0.39999999999999997,0.316227766016838,0.28103703703703703,0.20435897435897432,0.22812345679012347,1,1,4.558113883008419
0.36,0.22,0.0,0.1,0.08,0.316227766016838,0.39999999999999997,0.316227766016838,0.31103703703703706,0.20435897435897432,0.23812345679012348,1,1,4.558113883008419
0.36,0.22,0.08,0.1,0.0,0.316227766016838,0.39999999999999997,0.316227766016838,0.23577777777777775,0.2037435897435897,0.21304601571268242,1,1,4.558113883008419
0.36,0.22,0.08,0.1,0.03,0.316227766016838,0.39999999999999997,0.316227766016838,0.2657777777777778,0.2037435897435897,0.22304601571268243,1,1,4.558113883008419
0.36,0.22,0.08,0.1,0.05,0.316227766016838,0.39999999999999997,0.316227766016838,0.28577777777777774,0.2037435897435897,0.22971268237934905,1,1,4.558113883008419
0.36,0.22,0.08,0.1,0.08,0.316227766016838,0.39999999999999997,0.316227766016838,0.31577777777777777,0.2037435897435897,0.23971268237934906,1,1,4.558113883008419
0.36,0.22,0.14,0.1,0.0,0.316227766016838,0.39999999999999997,0.316227766016838,0.23933333333333334,0.20328205128205123,0.2142379349046016,1,1,4.558113883008419
0.36,0.22,0.14,0.1,0.03,0.316227766016838,0.39999999999999997,0.316227766016838,0.2693333333333333,0.20328205128205123,0.22423793490460162,1,1,4.558113883008419
0.36,0.22,0.14,0.1,0.05,0.316227766016838,0.39999999999999997,0.316227766016838,0.28933333333333333,0.20328205128205123,0.23090460157126827,1,1,4.558113883008419
0.36,0.22,0.14,0.1,0.08,0.316227766016838,0.39999999999999997,0.316227766016838,0.31933333333333336,0.20328205128205123,0.24090460157126828,1,1,4.558113883008419
0.2,0.1,0.0,0.1,0.0,0.632455532033676,0.19999999999999998,0.316227766016838,0.14925925925925926,0.13917378917378917,0.13914702581369248,1,1,4.516227766016838
0.2,0.1,0.0,0.1,0.03,0.632455532033676,0.19999999999999998,0.316227766016838,0.17925925925925926,0.13917378917378917,0.14914702581369246,1,1,4.516227766016838
0.2,0.1,0.0,0.1,0.05,0.632455532033676,0.19999999999999998,0.316227766016838,0.19925925925925925,0.13917378917378917,0.15581369248035914,1,1,4.516227766016838
0.2,0.1,0.0,0.1,0.08,0.632455532033676,0.19999999999999998,0.316227766016838,0.22925925925925927,0.13917378917378917,0.16581369248035915,1,1,4.516227766016838
0.2,0.1,0.0,0.15,0.0,0.632455532033676,0.19999999999999998,0.316227766016838,0.17425925925925928,0.168019943019943,0.16414702581369248,1,1,4.516227766016838
0.2,0.1,0.0,0.15,0.03,0.632455532033676,0.19999999999999998,0.316227766016838,0.20425925925925928,0.168019943019943,0.17414702581369249,1,1,4.516227766016838
0.2,0.1,0.0,0.15,0.05,0.632455532033676,0.19999999999999998,0.316227766016838,0.22425925925925927,0.168019943019943,0.18081369248035917,1,1,4.516227766016838
0.2,0.1,0.0,0.15,0.08,0.632455532033676,0.19999999999999998,0.316227766016838,0.2542592592592593,0.168019943019943,0.19081369248035918,1,1,4.516227766016838
0.2,0.1,0.0,0.2,0.0,0.632455532033676,0.19999999999999998,0.316227766016838,0.19925925925925927,0.19686609686609685,0.18914702581369247,1,1,4.516227766016838
0.2,0.1,0.0,0.2,0.03,0.632455532033676,0.19999999999999998,0.316227766016838,0.22925925925925927,0.19686609686609685,0.19914702581369248,1,1,4.516227766016838
0.2,0.1,0.0,0.2,0.05,0.632455532033676,0.19999999999999998,0.316227766016838,0.2492592592592593,0.19686609686609685,0.20581369248035916,1,1,4.516227766016838
0.2,0.1,0.0,0.2,0.08,0.632455532033676,0.19999999999999998,0.316227766016838,0.27925925925925926,0.19686609686609685,0.21581369248035917,1,1,4.516227766016838
0.2,0.1,0.08,0.1,0.0,0.632455532033676,0.19999999999999998,0.316227766016838,0.15400000000000003,0.13855840455840457,0.1407362514029181,1,1,4.516227766016838
0.2,0.1,0.08,0.1,0.03,0.632455532033676,0.19999999999999998,0.316227766016838,0.18400000000000002,0.13855840455840457,0.1507362514029181,1,1,4.516227766016838
0.2,0.1,0.08,0.1,0.05,0.632455532033676,0.19999999999999998,0.316227766016838,0.20400000000000001,0.13855840455840457,0.15740291806958476,1,1,4.516227766016838
0.2,0.1,0.08,0.1,0.08,0.632455532033676,0.19999999999999998,0.316227766016838,0.23400000000000004,0.13855840455840457,0.16740291806958477,1,1,4.516227766016838
0.2,0.1,0.08,0.15,0.0,0.632455532033676,0.19999999999999998,0.316227766016838,0.179,0.1674045584045584,0.16573625140291806,1,1,4.516227766016838
0.2,0.1,0.08,0.15,0.03,0.632455532033676,0.19999999999999998,0.316227766016838,0.209,0.1674045584045584,0.17573625140291807,1,1,4.516227766016838
0.2,0.1,0.08,0.15,0.05,0.632455532033676,0.19999999999999998,0.316227766016838,0.22899999999999998,0.1674045584045584,0.18240291806958475,1,1,4.516227766016838
0.2,0.1,0.08,0.15,0.08,0.632455532033676,0.19999999999999998,0.316227766016838,0.259,0.1674045584045584,0.19240291806958476,1,1,4.516227766016838
0.2,0.1,0.08,0.2,0.0,0.632455532033676,0.19999999999999998,0.316227766016838,0.20400000000000001,0.19625071225071225,0.19073625140291806,1,1,4.516227766016838
0.2,0.1,0.08,0.2,0.03,0.632455532033676,0.19999999999999998,0.316227766016838,0.234,0.19625071225071225,0.20073625140291806,1,1,4.516227766016838
0.2,0.1,0.08,0.2,0.05,0.632455532033676,0.19999999999999998,0.316227766016838,0.254,0.19625071225071225,0.20740291806958475,1,1,4.516227766016838
0.2,0.1,0.08,0.2,0.08,0.632455532033676,0.19999999999999998,0.316227766016838,0.28400000000000003,0.19625071225071225,0.21740291806958476,1,1,4.516227766016838
0.2,0.1,0.14,0.1,0.0,0.632455532033676,0.19999999999999998,0.316227766016838,0.15755555555555556,0.1380968660968661,0.14192817059483728,1,1,4.516227766016838
0.2,0.1,0.14,0.1,0.03,0.632455532033676,0.19999999999999998,0.316227766016838,0.18755555555555556,0.1380968660968661,0.1519281705948373,1,1,4.516227766016838
0.2,0.1,0.14,0.1,0.05,0.632455532033676,0.19999999999999998,0.316227766016838,0.20755555555555555,0.1380968660968661,0.15859483726150395,1,1,4.516227766016838
0.2,0.1,0.14,0.1,0.08,0.632455532033676,0.19999999999999998,0.316227766016838,0.23755555555555558,0.1380968660968661,0.16859483726150395,1,1,4.516227766016838
0.2,0.1,0.14,0.15,0.0,0.632455532033676,0.19999999999999998,0.316227766016838,0.18255555555555558,0.16694301994301994,0.16692817059483725,1,1,4.516227766016838
0.2,0.1,0.14,0.15,0.03,0.632455532033676,0.19999999999999998,0.316227766016838,0.21255555555555558,0.16694301994301994,0.17692817059483726,1,1,4.516227766016838
0.2,0.1,0.14,0.15,0.05,0.632455532033676,0.19999999999999998,0.316227766016838,0.23255555555555557,0.16694301994301994,0.18359483726150394,1,1,4.516227766016838
0.2,0.1,0.14,0.15,0.08,0.632455532033676,0.19999999999999998,0.316227766016838,0.2625555555555556,0.16694301994301994,0.19359483726150395,1,1,4.516227766016838
0.2,0.1,0.14,0.2,0.0,0.632455532033676,0.19999999999999998,0.316227766016838,0.20755555555555558,0.1957891737891738,0.19192817059483727,1,1,4.516227766016838
0.2,0.1,0.14,0.2,0.03,0.632455532033676,0.19999999999999998,0.316227766016838,0.23755555555555558,0.1957891737891738,0.20192817059483725,1,1,4.516227766016838
0.2,0.1,0.14,0.2,0.05,0.632455532033676,0.19999999999999998,0.316227766016838,0.2575555555555556,0.1957891737891738,0.20859483726150393,1,1,4.516227766016838
0.2,0.1,0.14,0.2,0.08,0.632455532033676,0.19999999999999998,0.316227766016838,0.28755555555555556,0.1957891737891738,0.21859483726150394,1,1,4.516227766016838
0.2,0.14,0.0,0.1,0.0,0.632455532033676,0.19999999999999998,0.316227766016838,0.15162962962962964,0.13917378917378917,0.14013916947250282,1,1,4.516227766016838
0.2,0.14,0.0,0.1,0.03,0.632455532033676,0.19999999999999998,0.316227766016838,0.18162962962962964,0.13917378917378917,0.1501391694725028,1,1,4.516227766016838
0.2,0.14,0.0,0.1,0.05,0.632455532033676,0.19999999999999998,0.316227766016838,0.20162962962962966,0.13917378917378917,0.15680583613916949,1,1,4.516227766016838
0.2,0.14,0.0,0.1,0.08,0.632455532033676,0.19999999999999998,0.316227766016838,0.23162962962962963,0.13917378917378917,0.16680583613916947,1,1,4.516227766016838
0.2,0.14,0.0,0.15,0.0,0.632455532033676,0.19999999999999998,0.316227766016838,0.17662962962962964,0.168019943019943,0.16513916947250282,1,1,4.516227766016838
0.2,0.14,0.0,0.15,0.03,0.632455532033676,0.19999999999999998,0.316227766016838,0.20662962962962964,0.168019943019943,0.17513916947250283,1,1,4.516227766016838
0.2,0.14,0.0,0.15,0.05,0.632455532033676,0.19999999999999998,0.316227766016838,0.22662962962962963,0.168019943019943,0.18180583613916945,1,1,4.516227766016838
0.2,0.14,0.0,0.15,0.08,0.632455532033676,0.19999999999999998,0.316227766016838,0.25662962962962965,0.168019943019943,0.19180583613916946,1,1,4.516227766016838
0.2,0.14,0.0,0.2,0.0,0.632455532033676,0.19999999999999998,0.316227766016838,0.20162962962962966,0.19686609686609685,0.19013916947250284,1,1,4.516227766016838
0.2,0.14,0.0,0.2,0.03,0.632455532033676,0.19999999999999998,0.316227766016838,0.23162962962962966,0.19686609686609685,0.2001391694725028,1,1,4.516227766016838
0.2,0.14,0.0,0.2,0.05,0.632455532033676,0.19999999999999998,0.316227766016838,0.25162962962962965,0.19686609686609685,0.20680583613916947,1,1,4.516227766016838
0.2,0.14,0.0,0.2,0.08,0.632455532033676,0.19999999999999998,0.316227766016838,0.2816296296296297,0.19686609686609685,0.21680583613916948,1,1,4.516227766016838
0.2,0.14,0.08,0.1,0.0,0.632455532033676,0.19999999999999998,0.316227766016838,0.15637037037037038,0.13855840455840457,0.1417283950617284,1,1,4.516227766016838
0.2,0.14,0.08,0.1,0.03,0.632455532033676,0.19999999999999998,0.316227766016838,0.18637037037037038,0.13855840455840457,0.15172839506172842,1,1,4.516227766016838
0.2,0.14,0.08,0.1,0.05,0.632455532033676,0.19999999999999998,0.316227766016838,0.20637037037037037,0.13855840455840457,0.15839506172839507,1,1,4.516227766016838
0.2,0.14,0.08,0.1,0.08,0.632455532033676,0.19999999999999998,0.316227766016838,0.2363703703703704,0.13855840455840457,0.16839506172839505,1,1,4.516227766016838
0.2,0.14,0.08,0.15,0.0,0.632455532033676,0.19999999999999998,0.316227766016838,0.18137037037037038,0.1674045584045584,0.1667283950617284,1,1,4.516227766016838
0.2,0.14,0.08,0.15,0.03,0.632455532033676,0.19999999999999998,0.316227766016838,0.21137037037037038,0.1674045584045584,0.1767283950617284,1,1,4.516227766016838
0.2,0.14,0.08,0.15,0.05,0.632455532033676,0.19999999999999998,0.316227766016838,0.2313703703703704,0.1674045584045584,0.18339506172839506,1,1,4.516227766016838
0.2,0.14,0.08,0.15,0.08,0.632455532033676,0.19999999999999998,0.316227766016838,0.26137037037037036,0.1674045584045584,0.19339506172839505,1,1,4.516227766016838
0.2,0.14,0.08,0.2,0.0,0.632455532033676,0.19999999999999998,0.316227766016838,0.20637037037037037,0.19625071225071225,0.19172839506172842,1,1,4.516227766016838
0.2,0.14,0.08,0.2,0.03,0.632455532033676,0.19999999999999998,0.316227766016838,0.23637037037037037,0.19625071225071225,0.20172839506172838,1,1,4.516227766016838
0.2,0.14,0.08,0.2,0.05,0.632455532033676,0.19999999999999998,0.316227766016838,0.25637037037037036,0.19625071225071225,0.20839506172839506,1,1,4.516227766016838
0.2,0.14,0.08,0.2,0.08,0.632455532033676,0.19999999999999998,0.316227766016838,0.2863703703703704,0.19625071225071225,0.21839506172839507,1,1,4.516227766016838
0.2,0.14,0.14,0.1,0.0,0.632455532033676,0.19999999999999998,0.316227766016838,0.15992592592592594,0.1380968660968661,0.1429203142536476,1,1,4.516227766016838
0.2,0.14,0.14,0.1,0.03,0.632455532033676,0.19999999999999998,0.316227766016838,0.18992592592592594,0.1380968660968661,0.1529203142536476,1,1,4.516227766016838
0.2,0.14,0.14,0.1,0.05,0.632455532033676,0.19999999999999998,0.316227766016838,0.20992592592592596,0.1380968660968661,0.1595869809203143,1,1,4.516227766016838
0.2,0.14,0.14,0.1,0.08,0.632455532033676,0.19999999999999998,0.316227766016838,0.23992592592592593,0.1380968660968661,0.16958698092031424,1,1,4.516227766016838
0.2,0.14,0.14,0.15,0.0,0.632455532033676,0.19999999999999998,0.316227766016838,0.18492592592592594,0.16694301994301994,0.16792031425364762,1,1,4.516227766016838
0.2,0.14,0.14,0.15,0.03,0.632455532033676,0.19999999999999998,0.316227766016838,0.21492592592592594,0.16694301994301994,0.1779203142536476,1,1,4.516227766016838
0.2,0.14,0.14,0.15,0.05,0.632455532033676,0.19999999999999998,0.316227766016838,0.23492592592592593,0.16694301994301994,0.18458698092031425,1,1,4.516227766016838
0.2,0.14,0.14,0.15,0.08,0.632455532033676,0.19999999999999998,0.316227766016838,0.26492592592592595,0.16694301994301994,0.19458698092031426,1,1,4.516227766016838
0.2,0.14,0.14,0.2,0.0,0.632455532033676,0.19999999999999998,0.316227766016838,0.20992592592592596,0.1957891737891738,0.1929203142536476,1,1,4.516227766016838
0.2,0.14,0.14,0.2,0.03,0.632455532033676,0.19999999999999998,0.316227766016838,0.23992592592592596,0.1957891737891738,0.20292031425364762,1,1,4.516227766016838
0.2,0.14,0.14,0.2,0.05,0.632455532033676,0.19999999999999998,0.316227766016838,0.25992592592592595,0.1957891737891738,0.20958698092031428,1,1,4.516227766016838
0.2,0.14,0.14,0.2,0.08,0.632455532033676,0.19999999999999998,0.316227766016838,0.289925925925926,0.1957891737891738,0.21958698092031428,1,1,4.516227766016838
0.2,0.18,0.0,0.1,0.0,0.632455532033676,0.19999999999999998,0.316227766016838,0.15400000000000003,0.13917378917378917,0.14113131313131314,1,1,4.516227766016838
0.2,0.18,0.0,0.1,0.03,0.632455532033676,0.19999999999999998,0.316227766016838,0.18400000000000002,0.13917378917378917,0.15113131313131314,1,1,4.516227766016838
0.2,0.18,0.0,0.1,0.05,0.632455532033676,0.19999999999999998,0.316227766016838,0.20400000000000001,0.13917378917378917,0.1577979797979798,1,1,4.516227766016838
0.2,0.18,0.0,0.1,0.08,0.632455532033676,0.19999999999999998,0.316227766016838,0.23400000000000004,0.13917378917378917,0.16779797979797983,1,1,4.516227766016838
0.2,0.18,0.0,0.15,0.0,0.632455532033676,0.19999999999999998,0.316227766016838,0.179,0.168019943019943,0.16613131313131313,1,1,4.516227766016838
0.2,0.18,0.0,0.15,0.03,0.632455532033676,0.19999999999999998,0.316227766016838,0.209,0.168019943019943,0.17613131313131314,1,1,4.516227766016838
0.2,0.18,0.0,0.15,0.05,0.632455532033676,0.19999999999999998,0.316227766016838,0.22899999999999998,0.168019943019943,0.18279797979797982,1,1,4.516227766016838
0.2,0.18,0.0,0.15,0.08,0.632455532033676,0.19999999999999998,0.316227766016838,0.259,0.168019943019943,0.19279797979797983,1,1,4.516227766016838
0.2,0.18,0.0,0.2,0.0,0.632455532033676,0.19999999999999998,0.316227766016838,0.20400000000000001,0.19686609686609685,0.19113131313131312,1,1,4.516227766016838
0.2,0.18,0.0,0.2,0.03,0.632455532033676,0.19999999999999998,0.316227766016838,0.234,0.19686609686609685,0.20113131313131313,1,1,4.516227766016838
0.2,0.18,0.0,0.2,0.05,0.632455532033676,0.19999999999999998,0.316227766016838,0.254,0.19686609686609685,0.2077979797979798,1,1,4.516227766016838
0.2,0.18,0.0,0.2,0.08,0.632455532033676,0.19999999999999998,0.316227766016838,0.28400000000000003,0.19686609686609685,0.2177979797979798,1,1,4.516227766016838
0.2,0.18,0.08,0.1,0.0,0.632455532033676,0.19999999999999998,0.316227766016838,0.15874074074074074,0.13855840455840457,0.14272053872053872,1,1,4.516227766016838
0.2,0.18,0.08,0.1,0.03,0.632455532033676,0.19999999999999998,0.316227766016838,0.18874074074074074,0.13855840455840457,0.15272053872053873,1,1,4.516227766016838
0.2,0.18,0.08,0.1,0.05,0.632455532033676,0.19999999999999998,0.316227766016838,0.20874074074074073,0.13855840455840457,0.15938720538720538,1,1,4.516227766016838
0.2,0.18,0.08,0.1,0.08,0.632455532033676,0.19999999999999998,0.316227766016838,0.23874074074074075,0.13855840455840457,0.16938720538720542,1,1,4.516227766016838
0.2,0.18,0.08,0.15,0.0,0.632455532033676,0.19999999999999998,0.316227766016838,0.18374074074074076,0.1674045584045584,0.16772053872053871,1,1,4.516227766016838
0.2,0.18,0.08,0.15,0.03,0.632455532033676,0.19999999999999998,0.316227766016838,0.21374074074074076,0.1674045584045584,0.17772053872053872,1,1,4.516227766016838
0.2,0.18,0.08,0.15,0.05,0.632455532033676,0.19999999999999998,0.316227766016838,0.23374074074074075,0.1674045584045584,0.1843872053872054,1,1,4.516227766016838
0.2,0.18,0.08,0.15,0.08,0.632455532033676,0.19999999999999998,0.316227766016838,0.2637407407407408,0.1674045584045584,0.19438720538720541,1,1,4.516227766016838
0.2,0.18,0.08,0.2,0.0,0.632455532033676,0.19999999999999998,0.316227766016838,0.20874074074074075,0.19625071225071225,0.19272053872053874,1,1,4.516227766016838
0.2,0.18,0.08,0.2,0.03,0.632455532033676,0.19999999999999998,0.316227766016838,0.23874074074074075,0.19625071225071225,0.20272053872053872,1,1,4.516227766016838
0.2,0.18,0.08,0.2,0.05,0.632455532033676,0.19999999999999998,0.316227766016838,0.25874074074074077,0.19625071225071225,0.20938720538720537,1,1,4.516227766016838
0.2,0.18,0.08,0.2,0.08,0.632455532033676,0.19999999999999998,0.316227766016838,0.28874074074074074,0.19625071225071225,0.21938720538720538,1,1,4.516227766016838
0.2,0.18,0.14,0.1,0.0,0.632455532033676,0.19999999999999998,0.316227766016838,0.16229629629629633,0.1380968660968661,0.14391245791245794,1,1,4.516227766016838
0.2,0.18,0.14,0.1,0.03,0.632455532033676,0.19999999999999998,0.316227766016838,0.19229629629629633,0.1380968660968661,0.15391245791245792,1,1,4.516227766016838
0.2,0.18,0.14,0.1,0.05,0.632455532033676,0.19999999999999998,0.316227766016838,0.21229629629629632,0.1380968660968661,0.1605791245791246,1,1,4.516227766016838
0.2,0.18,0.14,0.1,0.08,0.632455532033676,0.19999999999999998,0.316227766016838,0.24229629629629634,0.1380968660968661,0.1705791245791246,1,1,4.516227766016838
0.2,0.18,0.14,0.15,0.0,0.632455532033676,0.19999999999999998,0.316227766016838,0.1872962962962963,0.16694301994301994,0.1689124579124579,1,1,4.516227766016838
0.2,0.18,0.14,0.15,0.03,0.632455532033676,0.19999999999999998,0.316227766016838,0.2172962962962963,0.16694301994301994,0.1789124579124579,1,1,4.516227766016838
0.2,0.18,0.14,0.15,0.05,0.632455532033676,0.19999999999999998,0.316227766016838,0.23729629629629628,0.16694301994301994,0.1855791245791246,1,1,4.516227766016838
0.2,0.18,0.14,0.15,0.08,0.632455532033676,0.19999999999999998,0.316227766016838,0.2672962962962963,0.16694301994301994,0.1955791245791246,1,1,4.516227766016838
0.2,0.18,0.14,0.2,0.0,0.632455532033676,0.19999999999999998,0.316227766016838,0.21229629629629632,0.1957891737891738,0.19391245791245793,1,1,4.516227766016838
0.2,0.18,0.14,0.2,0.03,0.632455532033676,0.19999999999999998,0.316227766016838,0.24229629629629632,0.1957891737891738,0.20391245791245793,1,1,4.516227766016838
0.2,0.18,0.14,0.2,0.05,0.632455532033676,0.19999999999999998,0.316227766016838,0.2622962962962963,0.1957891737891738,0.21057912457912456,1,1,4.516227766016838
0.2,0.18,0.14,0.2,0.08,0.632455532033676,0.19999999999999998,0.316227766016838,0.29229629629629633,0.1957891737891738,0.22057912457912457,1,1,4.516227766016838
0.24,0.1,0.0,0.1,0.0,0.632455532033676,0.19999999999999998,0.316227766016838,0.16792592592592592,0.15547008547008545,0.15648035914702582,1,1,4.516227766016838
0.24,0.1,0.0,0.1,0.03,0.632455532033676,0.19999999999999998,0.316227766016838,0.19792592592592592,0.15547008547008545,0.16648035914702583,1,1,4.516227766016838
0.24,0.1,0.0,0.1,0.05,0.632455532033676,0.19999999999999998,0.316227766016838,0.2179259259259259,0.15547008547008545,0.17314702581369246,1,1,4.516227766016838
0.24,0.1,0.0,0.1,0.08,0.632455532033676,0.19999999999999998,0.316227766016838,0.24792592592592594,0.15547008547008545,0.18314702581369247,1,1,4.516227766016838
0.24,0.1,0.0,0.15,0.0,0.632455532033676,0.19999999999999998,0.316227766016838,0.19292592592592595,0.1843162393162393,0.18148035914702584,1,1,4.516227766016838
0.24,0.1,0.0,0.15,0.03,0.632455532033676,0.19999999999999998,0.316227766016838,0.22292592592592594,0.1843162393162393,0.1914803591470258,1,1,4.516227766016838
0.24,0.1,0.0,0.15,0.05,0.632455532033676,0.19999999999999998,0.316227766016838,0.24292592592592593,0.1843162393162393,0.19814702581369248,1,1,4.516227766016838
0.24,0.1,0.0,0.15,0.08,0.632455532033676,0.19999999999999998,0.316227766016838,0.27292592592592596,0.1843162393162393,0.2081470258136925,1,1,4.516227766016838
0.24,0.1,0.0,0.2,0.0,0.632455532033676,0.19999999999999998,0.316227766016838,0.21792592592592594,0.21316239316239316,0.2064803591470258,1,1,4.516227766016838
0.24,0.1,0.0,0.2,0.03,0.632455532033676,0.19999999999999998,0.316227766016838,0.24792592592592594,0.21316239316239316,0.21648035914702582,1,1,4.516227766016838
0.24,0.1,0.0,0.2,0.05,0.632455532033676,0.19999999999999998,0.316227766016838,0.26792592592592596,0.21316239316239316,0.2231470258136925,1,1,4.516227766016838
0.24,0.1,0.0,0.2,0.08,0.632455532033676,0.19999999999999998,0.316227766016838,0.2979259259259259,0.21316239316239316,0.23314702581369248,1,1,4.516227766016838
0.24,0.1,0.08,0.1,0.0,0.632455532033676,0.19999999999999998,0.316227766016838,0.1726666666666667,0.15485470085470085,0.1580695847362514,1,1,4.516227766016838
0.24,0.1,0.08,0.1,0.03,0.632455532033676,0.19999999999999998,0.316227766016838,0.2026666666666667,0.15485470085470085,0.16806958473625142,1,1,4.516227766016838
0.24,0.1,0.08,0.1,0.05,0.632455532033676,0.19999999999999998,0.316227766016838,0.22266666666666668,0.15485470085470085,0.17473625140291807,1,1,4.516227766016838
0.24,0.1,0.08,0.1,0.08,0.632455532033676,0.19999999999999998,0.316227766016838,0.2526666666666667,0.15485470085470085,0.18473625140291808,1,1,4.516227766016838
0.24,0.1,0.08,0.15,0.0,0.632455532033676,0.19999999999999998,0.316227766016838,0.19766666666666666,0.18370085470085468,0.18306958473625143,1,1,4.516227766016838
0.24,0.1,0.08,0.15,0.03,0.632455532033676,0.19999999999999998,0.316227766016838,0.22766666666666666,0.18370085470085468,0.19306958473625138,1,1,4.516227766016838
0.24,0.1,0.08,0.15,0.05,0.632455532033676,0.19999999999999998,0.316227766016838,0.24766666666666665,0.18370085470085468,0.19973625140291806,1,1,4.516227766016838
0.24,0.1,0.08,0.15,0.08,0.632455532033676,0.19999999999999998,0.316227766016838,0.2776666666666667,0.18370085470085468,0.20973625140291807,1,1,4.516227766016838
0.24,0.1,0.08,0.2,0.0,0.632455532033676,0.19999999999999998,0.316227766016838,0.22266666666666668,0.21254700854700853,0.2080695847362514,1,1,4.516227766016838
0.24,0.1,0.08,0.2,0.03,0.632455532033676,0.19999999999999998,0.316227766016838,0.2526666666666667,0.21254700854700853,0.2180695847362514,1,1,4.516227766016838
0.24,0.1,0.08,0.2,0.05,0.632455532033676,0.19999999999999998,0.316227766016838,0.27266666666666667,0.21254700854700853,0.22473625140291809,1,1,4.516227766016838
0.24,0.1,0.08,0.2,0.08,0.632455532033676,0.19999999999999998,0.316227766016838,0.3026666666666667,0.21254700854700853,0.2347362514029181,1,1,4.516227766016838
0.24,0.1,0.14,0.1,0.0,0.632455532033676,0.19999999999999998,0.316227766016838,0.17622222222222222,0.1543931623931624,0.1592615039281706,1,1,4.516227766016838
0.24,0.1,0.14,0.1,0.03,0.632455532033676,0.19999999999999998,0.316227766016838,0.20622222222222222,0.1543931623931624,0.1692615039281706,1,1,4.516227766016838
0.24,0.1,0.14,0.1,0.05,0.632455532033676,0.19999999999999998,0.316227766016838,0.2262222222222222,0.1543931623931624,0.17592817059483726,1,1,4.516227766016838
0.24,0.1,0.14,0.1,0.08,0.632455532033676,0.19999999999999998,0.316227766016838,0.25622222222222224,0.1543931623931624,0.18592817059483727,1,1,4.516227766016838
0.24,0.1,0.14,0.15,0.0,0.632455532033676,0.19999999999999998,0.316227766016838,0.20122222222222225,0.18323931623931622,0.18426150392817062,1,1,4.516227766016838
0.24,0.1,0.14,0.15,0.03,0.632455532033676,0.19999999999999998,0.316227766016838,0.23122222222222225,0.18323931623931622,0.19426150392817063,1,1,4.516227766016838
0.24,0.1,0.14,0.15,0.05,0.632455532033676,0.19999999999999998,0.316227766016838,0.25122222222222224,0.18323931623931622,0.20092817059483728,1,1,4.516227766016838
0.24,0.1,0.14,0.15,0.08,0.632455532033676,0.19999999999999998,0.316227766016838,0.28122222222222226,0.18323931623931622,0.2109281705948373,1,1,4.516227766016838
0.24,0.1,0.14,0.2,0.0,0.632455532033676,0.19999999999999998,0.316227766016838,0.22622222222222224,0.21208547008547007,0.20926150392817058,1,1,4.516227766016838
0.24,0.1,0.14,0.2,0.03,0.632455532033676,0.19999999999999998,0.316227766016838,0.25622222222222224,0.21208547008547007,0.2192615039281706,1,1,4.516227766016838
0.24,0.1,0.14,0.2,0.05,0.632455532033676,0.19999999999999998,0.316227766016838,0.27622222222222226,0.21208547008547007,0.22592817059483727,1,1,4.516227766016838
0.24,0.1,0.14,0.2,0.08,0.632455532033676,0.19999999999999998,0.316227766016838,0.30622222222222223,0.21208547008547007,0.23592817059483728,1,1,4.516227766016838
0.24,0.14,0.0,0.1,0.0,0.632455532033676,0.19999999999999998,0.316227766016838,0.1702962962962963,0.15547008547008545,0.15747250280583613,1,1,4.516227766016838
0.24,0.14,0.0,0.1,0.03,0.632455532033676,0.19999999999999998,0.316227766016838,0.2002962962962963,0.15547008547008545,0.16747250280583614,1,1,4.516227766016838
0.24,0.14,0.0,0.1,0.05,0.632455532033676,0.19999999999999998,0.316227766016838,0.22029629629629632,0.15547008547008545,0.17413916947250282,1,1,4.516227766016838
0.24,0.14,0.0,0.1,0.08,0.632455532033676,0.19999999999999998,0.316227766016838,0.2502962962962963,0.15547008547008545,0.18413916947250283,1,1,4.516227766016838
0.24,0.14,0.0,0.15,0.0,0.632455532033676,0.19999999999999998,0.316227766016838,0.1952962962962963,0.1843162393162393,0.18247250280583613,1,1,4.516227766016838
0.24,0.14,0.0,0.15,0.03,0.632455532033676,0.19999999999999998,0.316227766016838,0.2252962962962963,0.1843162393162393,0.19247250280583614,1,1,4.516227766016838
0.24,0.14,0.0,0.15,0.05,0.632455532033676,0.19999999999999998,0.316227766016838,0.2452962962962963,0.1843162393162393,0.1991391694725028,1,1,4.516227766016838
0.24,0.14,0.0,0.15,0.08,0.632455532033676,0.19999999999999998,0.316227766016838,0.2752962962962963,0.1843162393162393,0.2091391694725028,1,1,4.516227766016838
0.24,0.14,0.0,0.2,0.0,0.632455532033676,0.19999999999999998,0.316227766016838,0.22029629629629632,0.21316239316239316,0.20747250280583615,1,1,4.516227766016838
0.24,0.14,0.0,0.2,0.03,0.632455532033676,0.19999999999999998,0.316227766016838,0.25029629629629635,0.21316239316239316,0.21747250280583616,1,1,4.516227766016838
0.24,0.14,0.0,0.2,0.05,0.632455532033676,0.19999999999999998,0.316227766016838,0.2702962962962963,0.21316239316239316,0.22413916947250279,1,1,4.516227766016838
0.24,0.14,0.0,0.2,0.08,0.632455532033676,0.19999999999999998,0.316227766016838,0.30029629629629634,0.21316239316239316,0.2341391694725028,1,1,4.516227766016838
0.24,0.14,0.08,0.1,0.0,0.632455532033676,0.19999999999999998,0.316227766016838,0.17503703703703705,0.15485470085470085,0.15906172839506175,1,1,4.516227766016838
0.24,0.14,0.08,0.1,0.03,0.632455532033676,0.19999999999999998,0.316227766016838,0.20503703703703705,0.15485470085470085,0.16906172839506173,1,1,4.516227766016838
0.24,0.14,0.08,0.1,0.05,0.632455532033676,0.19999999999999998,0.316227766016838,0.22503703703703704,0.15485470085470085,0.1757283950617284,1,1,4.516227766016838
0.24,0.14,0.08,0.1,0.08,0.632455532033676,0.19999999999999998,0.316227766016838,0.25503703703703706,0.15485470085470085,0.18572839506172842,1,1,4.516227766016838
0.24,0.14,0.08,0.15,0.0,0.632455532033676,0.19999999999999998,0.316227766016838,0.20003703703703707,0.18370085470085468,0.18406172839506174,1,1,4.516227766016838
0.24,0.14,0.08,0.15,0.03,0.632455532033676,0.19999999999999998,0.316227766016838,0.23003703703703707,0.18370085470085468,0.19406172839506175,1,1,4.516227766016838
0.24,0.14,0.08,0.15,0.05,0.632455532033676,0.19999999999999998,0.316227766016838,0.25003703703703706,0.18370085470085468,0.20072839506172838,1,1,4.516227766016838
0.24,0.14,0.08,0.15,0.08,0.632455532033676,0.19999999999999998,0.316227766016838,0.2800370370370371,0.18370085470085468,0.21072839506172839,1,1,4.516227766016838
0.24,0.14,0.08,0.2,0.0,0.632455532033676,0.19999999999999998,0.316227766016838,0.22503703703703706,0.21254700854700853,0.20906172839506174,1,1,4.516227766016838
0.24,0.14,0.08,0.2,0.03,0.632455532033676,0.19999999999999998,0.316227766016838,0.25503703703703706,0.21254700854700853,0.21906172839506174,1,1,4.516227766016838
0.24,0.14,0.08,0.2,0.05,0.632455532033676,0.19999999999999998,0.316227766016838,0.2750370370370371,0.21254700854700853,0.2257283950617284,1,1,4.516227766016838
0.24,0.14,0.08,0.2,0.08,0.632455532033676,0.19999999999999998,0.316227766016838,0.30503703703703705,0.21254700854700853,0.23572839506172838,1,1,4.516227766016838
0.24,0.14,0.14,0.1,0.0,0.632455532033676,0.19999999999999998,0.316227766016838,0.17859259259259258,0.1543931623931624,0.16025364758698094,1,1,4.516227766016838
0.24,0.14,0.14,0.1,0.03,0.632455532033676,0.19999999999999998,0.316227766016838,0.20859259259259258,0.1543931623931624,0.17025364758698092,1,1,4.516227766016838
0.24,0.14,0.14,0.1,0.05,0.632455532033676,0.19999999999999998,0.316227766016838,0.22859259259259257,0.1543931623931624,0.1769203142536476,1,1,4.516227766016838
0.24,0.14,0.14,0.1,0.08,0.632455532033676,0.19999999999999998,0.316227766016838,0.2585925925925926,0.1543931623931624,0.1869203142536476,1,1,4.516227766016838
0.24,0.14,0.14,0.15,0.0,0.632455532033676,0.19999999999999998,0.316227766016838,0.2035925925925926,0.18323931623931622,0.18525364758698093,1,1,4.516227766016838
0.24,0.14,0.14,0.15,0.03,0.632455532033676,0.19999999999999998,0.316227766016838,0.2335925925925926,0.18323931623931622,0.19525364758698094,1,1,4.516227766016838
0.24,0.14,0.14,0.15,0.05,0.632455532033676,0.19999999999999998,0.316227766016838,0.2535925925925926,0.18323931623931622,0.20192031425364756,1,1,4.516227766016838
0.24,0.14,0.14,0.15,0.08,0.632455532033676,0.19999999999999998,0.316227766016838,0.2835925925925926,0.18323931623931622,0.21192031425364757,1,1,4.516227766016838
0.24,0.14,0.14,0.2,0.0,0.632455532033676,0.19999999999999998,0.316227766016838,0.2285925925925926,0.21208547008547007,0.21025364758698092,1,1,4.516227766016838
0.24,0.14,0.14,0.2,0.03,0.632455532033676,0.19999999999999998,0.316227766016838,0.2585925925925926,0.21208547008547007,0.22025364758698093,1,1,4.516227766016838
0.24,0.14,0.14,0.2,0.05,0.632455532033676,0.19999999999999998,0.316227766016838,0.2785925925925926,0.21208547008547007,0.2269203142536476,1,1,4.516227766016838
0.24,0.14,0.14,0.2,0.08,0.632455532033676,0.19999999999999998,0.316227766016838,0.3085925925925926,0.21208547008547007,0.23692031425364757,1,1,4.516227766016838
0.24,0.18,0.0,0.1,0.0,0.632455532033676,0.19999999999999998,0.316227766016838,0.1726666666666667,0.15547008547008545,0.15846464646464647,1,1,4.516227766016838
0.24,0.18,0.0,0.1,0.03,0.632455532033676,0.19999999999999998,0.316227766016838,0.2026666666666667,0.15547008547008545,0.16846464646464646,1,1,4.516227766016838
0.24,0.18,0.0,0.1,0.05,0.632455532033676,0.19999999999999998,0.316227766016838,0.22266666666666668,0.15547008547008545,0.17513131313131314,1,1,4.516227766016838
0.24,0.18,0.0,0.1,0.08,0.632455532033676,0.19999999999999998,0.316227766016838,0.2526666666666667,0.15547008547008545,0.18513131313131315,1,1,4.516227766016838
0.24,0.18,0.0,0.15,0.0,0.632455532033676,0.19999999999999998,0.316227766016838,0.19766666666666666,0.1843162393162393,0.18346464646464647,1,1,4.516227766016838
0.24,0.18,0.0,0.15,0.03,0.632455532033676,0.19999999999999998,0.316227766016838,0.22766666666666666,0.1843162393162393,0.19346464646464645,1,1,4.516227766016838
0.24,0.18,0.0,0.15,0.05,0.632455532033676,0.19999999999999998,0.316227766016838,0.24766666666666665,0.1843162393162393,0.20013131313131313,1,1,4.516227766016838
0.24,0.18,0.0,0.15,0.08,0.632455532033676,0.19999999999999998,0.316227766016838,0.2776666666666667,0.1843162393162393,0.21013131313131314,1,1,4.516227766016838
0.24,0.18,0.0,0.2,0.0,0.632455532033676,0.19999999999999998,0.316227766016838,0.22266666666666668,0.21316239316239316,0.20846464646464646,1,1,4.516227766016838
0.24,0.18,0.0,0.2,0.03,0.632455532033676,0.19999999999999998,0.316227766016838,0.2526666666666667,0.21316239316239316,0.21846464646464647,1,1,4.516227766016838
0.24,0.18,0.0,0.2,0.05,0.632455532033676,0.19999999999999998,0.316227766016838,0.27266666666666667,0.21316239316239316,0.22513131313131315,1,1,4.516227766016838
0.24,0.18,0.0,0.2,0.08,0.632455532033676,0.19999999999999998,0.316227766016838,0.3026666666666667,0.21316239316239316,0.23513131313131316,1,1,4.516227766016838
0.24,0.18,0.08,0.1,0.0,0.632455532033676,0.19999999999999998,0.316227766016838,0.1774074074074074,0.15485470085470085,0.16005387205387206,1,1,4.516227766016838
0.24,0.18,0.08,0.1,0.03,0.632455532033676,0.19999999999999998,0.316227766016838,0.2074074074074074,0.15485470085470085,0.17005387205387204,1,1,4.516227766016838
0.24,0.18,0.08,0.1,0.05,0.632455532033676,0.19999999999999998,0.316227766016838,0.2274074074074074,0.15485470085470085,0.17672053872053872,1,1,4.516227766016838
0.24,0.18,0.08,0.1,0.08,0.632455532033676,0.19999999999999998,0.316227766016838,0.2574074074074074,0.15485470085470085,0.18672053872053873,1,1,4.516227766016838
0.24,0.18,0.08,0.15,0.0,0.632455532033676,0.19999999999999998,0.316227766016838,0.20240740740740742,0.18370085470085468,0.18505387205387205,1,1,4.516227766016838
0.24,0.18,0.08,0.15,0.03,0.632455532033676,0.19999999999999998,0.316227766016838,0.23240740740740742,0.18370085470085468,0.19505387205387203,1,1,4.516227766016838
0.24,0.18,0.08,0.15,0.05,0.632455532033676,0.19999999999999998,0.316227766016838,0.2524074074074074,0.18370085470085468,0.20172053872053872,1,1,4.516227766016838
0.24,0.18,0.08,0.15,0.08,0.632455532033676,0.19999999999999998,0.316227766016838,0.28240740740740744,0.18370085470085468,0.21172053872053873,1,1,4.516227766016838
0.24,0.18,0.08,0.2,0.0,0.632455532033676,0.19999999999999998,0.316227766016838,0.22740740740740742,0.21254700854700853,0.21005387205387205,1,1,4.516227766016838
0.24,0.18,0.08,0.2,0.03,0.632455532033676,0.19999999999999998,0.316227766016838,0.2574074074074074,0.21254700854700853,0.22005387205387206,1,1,4.516227766016838
0.24,0.18,0.08,0.2,0.05,0.632455532033676,0.19999999999999998,0.316227766016838,0.27740740740740744,0.21254700854700853,0.22672053872053874,1,1,4.516227766016838
0.24,0.18,0.08,0.2,0.08,0.632455532033676,0.19999999999999998,0.316227766016838,0.3074074074074074,0.21254700854700853,0.23672053872053875,1,1,4.516227766016838
0.24,0.18,0.14,0.1,0.0,0.632455532033676,0.19999999999999998,0.316227766016838,0.180962962962963,0.1543931623931624,0.16124579124579128,1,1,4.516227766016838
0.24,0.18,0.14,0.1,0.03,0.632455532033676,0.19999999999999998,0.316227766016838,0.210962962962963,0.1543931623931624,0.17124579124579128,1,1,4.516227766016838
0.24,0.18,0.14,0.1,0.05,0.632455532033676,0.19999999999999998,0.316227766016838,0.23096296296296298,0.1543931623931624,0.17791245791245794,1,1,4.516227766016838
0.24,0.18,0.14,0.1,0.08,0.632455532033676,0.19999999999999998,0.316227766016838,0.260962962962963,0.1543931623931624,0.18791245791245795,1,1,4.516227766016838
0.24,0.18,0.14,0.15,0.0,0.632455532033676,0.19999999999999998,0.316227766016838,0.20596296296296296,0.18323931623931622,0.18624579124579124,1,1,4.516227766016838
0.24,0.18,0.14,0.15,0.03,0.632455532033676,0.19999999999999998,0.316227766016838,0.23596296296296296,0.18323931623931622,0.19624579124579122,1,1,4.516227766016838
0.24,0.18,0.14,0.15,0.05,0.632455532033676,0.19999999999999998,0.316227766016838,0.25596296296296295,0.18323931623931622,0.2029124579124579,1,1,4.516227766016838
0.24,0.18,0.14,0.15,0.08,0.632455532033676,0.19999999999999998,0.316227766016838,0.285962962962963,0.18323931623931622,0.21291245791245791,1,1,4.516227766016838
0.24,0.18,0.14,0.2,0.0,0.632455532033676,0.19999999999999998,0.316227766016838,0.23096296296296298,0.21208547008547007,0.21124579124579124,1,1,4.516227766016838
0.24,0.18,0.14,0.2,0.03,0.632455532033676,0.19999999999999998,0.316227766016838,0.26096296296296295,0.21208547008547007,0.22124579124579125,1,1,4.516227766016838
0.24,0.18,0.14,0.2,0.05,0.632455532033676,0.19999999999999998,0.316227766016838,0.28096296296296297,0.21208547008547007,0.22791245791245793,1,1,4.516227766016838
0.24,0.18,0.14,0.2,0.08,0.632455532033676,0.19999999999999998,0.316227766016838,0.310962962962963,0.21208547008547007,0.23791245791245794,1,1,4.516227766016838
0.24,0.22,0.0,0.1,0.0,0.632455532033676,0.19999999999999998,0.316227766016838,0.17503703703703705,0.15547008547008545,0.1594567901234568,1,1,4.516227766016838
0.24,0.22,0.0,0.1,0.03,0.632455532033676,0.19999999999999998,0.316227766016838,0.20503703703703705,0.15547008547008545,0.1694567901234568,1,1,4.516227766016838
0.24,0.22,0.0,0.1,0.05,0.632455532033676,0.19999999999999998,0.316227766016838,0.22503703703703704,0.15547008547008545,0.17612345679012345,1,1,4.516227766016838
0.24,0.22,0.0,0.1,0.08,0.632455532033676,0.19999999999999998,0.316227766016838,0.25503703703703706,0.15547008547008545,0.18612345679012346,1,1,4.516227766016838
0.24,0.22,0.0,0.15,0.0,0.632455532033676,0.19999999999999998,0.316227766016838,0.200037037037037,0.1843162393162393,0.18445679012345675,1,1,4.516227766016838
0.24,0.22,0.0,0.15,0.03,0.632455532033676,0.19999999999999998,0.316227766016838,0.230037037037037,0.1843162393162393,0.19445679012345676,1,1,4.516227766016838
0.24,0.22,0.0,0.15,0.05,0.632455532033676,0.19999999999999998,0.316227766016838,0.250037037037037,0.1843162393162393,0.20112345679012344,1,1,4.516227766016838
0.24,0.22,0.0,0.15,0.08,0.632455532033676,0.19999999999999998,0.316227766016838,0.28003703703703703,0.1843162393162393,0.21112345679012345,1,1,4.516227766016838
0.24,0.22,0.0,0.2,0.0,0.632455532033676,0.19999999999999998,0.316227766016838,0.22503703703703704,0.21316239316239316,0.20945679012345678,1,1,4.516227766016838
0.24,0.22,0.0,0.2,0.03,0.632455532033676,0.19999999999999998,0.316227766016838,0.25503703703703706,0.21316239316239316,0.21945679012345679,1,1,4.516227766016838
0.24,0.22,0.0,0.2,0.05,0.632455532033676,0.19999999999999998,0.316227766016838,0.275037037037037,0.21316239316239316,0.22612345679012344,1,1,4.516227766016838
0.24,0.22,0.0,0.2,0.08,0.632455532033676,0.19999999999999998,0.316227766016838,0.30503703703703705,0.21316239316239316,0.23612345679012345,1,1,4.516227766016838
0.24,0.22,0.08,0.1,0.0,0.632455532033676,0.19999999999999998,0.316227766016838,0.17977777777777776,0.15485470085470085,0.16104601571268237,1,1,4.516227766016838
0.24,0.22,0.08,0.1,0.03,0.632455532033676,0.19999999999999998,0.316227766016838,0.20977777777777776,0.15485470085470085,0.17104601571268238,1,1,4.516227766016838
0.24,0.22,0.08,0.1,0.05,0.632455532033676,0.19999999999999998,0.316227766016838,0.22977777777777775,0.15485470085470085,0.17771268237934904,1,1,4.516227766016838
0.24,0.22,0.08,0.1,0.08,0.632455532033676,0.19999999999999998,0.316227766016838,0.2597777777777778,0.15485470085470085,0.18771268237934904,1,1,4.516227766016838
0.24,0.22,0.08,0.15,0.0,0.632455532033676,0.19999999999999998,0.316227766016838,0.20477777777777778,0.18370085470085468,0.18604601571268234,1,1,4.516227766016838
0.24,0.22,0.08,0.15,0.03,0.632455532033676,0.19999999999999998,0.316227766016838,0.23477777777777778,0.18370085470085468,0.19604601571268235,1,1,4.516227766016838
0.24,0.22,0.08,0.15,0.05,0.632455532033676,0.19999999999999998,0.316227766016838,0.25477777777777777,0.18370085470085468,0.20271268237934903,1,1,4.516227766016838
0.24,0.22,0.08,0.15,0.08,0.632455532033676,0.19999999999999998,0.316227766016838,0.2847777777777778,0.18370085470085468,0.21271268237934904,1,1,4.516227766016838
0.24,0.22,0.08,0.2,0.0,0.632455532033676,0.19999999999999998,0.316227766016838,0.22977777777777778,0.21254700854700853,0.21104601571268236,1,1,4.516227766016838
0.24,0.22,0.08,0.2,0.03,0.632455532033676,0.19999999999999998,0.316227766016838,0.2597777777777778,0.21254700854700853,0.22104601571268237,1,1,4.516227766016838
0.24,0.22,0.08,0.2,0.05,0.632455532033676,0.19999999999999998,0.316227766016838,0.2797777777777778,0.21254700854700853,0.22771268237934905,1,1,4.516227766016838
0.24,0.22,0.08,0.2,0.08,0.632455532033676,0.19999999999999998,0.316227766016838,0.30977777777777776,0.21254700854700853,0.23771268237934903,1,1,4.516227766016838
0.24,0.22,0.14,0.1,0.0,0.632455532033676,0.19999999999999998,0.316227766016838,0.18333333333333335,0.1543931623931624,0.1622379349046016,1,1,4.516227766016838
0.24,0.22,0.14,0.1,0.03,0.632455532033676,0.19999999999999998,0.316227766016838,0.21333333333333335,0.1543931623931624,0.1722379349046016,1,1,4.516227766016838
0.24,0.22,0.14,0.1,0.05,0.632455532033676,0.19999999999999998,0.316227766016838,0.23333333333333334,0.1543931623931624,0.17890460157126822,1,1,4.516227766016838
0.24,0.22,0.14,0.1,0.08,0.632455532033676,0.19999999999999998,0.316227766016838,0.26333333333333336,0.1543931623931624,0.18890460157126823,1,1,4.516227766016838
0.24,0.22,0.14,0.15,0.0,0.632455532033676,0.19999999999999998,0.316227766016838,0.20833333333333331,0.18323931623931622,0.18723793490460153,1,1,4.516227766016838
0.24,0.22,0.14,0.15,0.03,0.632455532033676,0.19999999999999998,0.316227766016838,0.2383333333333333,0.18323931623931622,0.19723793490460154,1,1,4.516227766016838
0.24,0.22,0.14,0.15,0.05,0.632455532033676,0.19999999999999998,0.316227766016838,0.2583333333333333,0.18323931623931622,0.20390460157126822,1,1,4.516227766016838
0.24,0.22,0.14,0.15,0.08,0.632455532033676,0.19999999999999998,0.316227766016838,0.28833333333333333,0.18323931623931622,0.21390460157126823,1,1,4.516227766016838
0.24,0.22,0.14,0.2,0.0,0.632455532033676,0.19999999999999998,0.316227766016838,0.23333333333333334,0.21208547008547007,0.2122379349046016,1,1,4.516227766016838
0.24,0.22,0.14,0.2,0.03,0.632455532033676,0.19999999999999998,0.316227766016838,0.2633333333333333,0.21208547008547007,0.22223793490460156,1,1,4.516227766016838
0.24,0.22,0.14,0.2,0.05,0.632455532033676,0.19999999999999998,0.316227766016838,0.2833333333333333,0.21208547008547007,0.22890460157126824,1,1,4.516227766016838
0.24,0.22,0.14,0.2,0.08,0.632455532033676,0.19999999999999998,0.316227766016838,0.31333333333333335,0.21208547008547007,0.23890460157126825,1,1,4.516227766016838
0.28,0.1,0.0,0.15,0.0,0.632455532033676,0.19999999999999998,0.316227766016838,0.2115925925925926,0.20061253561253561,0.19881369248035918,1,1,4.516227766016838
0.28,0.1,0.0,0.15,0.03,0.632455532033676,0.19999999999999998,0.316227766016838,0.2415925925925926,0.20061253561253561,0.20881369248035916,1,1,4.516227766016838
0.28,0.1,0.0,0.15,0.05,0.632455532033676,0.19999999999999998,0.316227766016838,0.2615925925925926,0.20061253561253561,0.21548035914702582,1,1,4.516227766016838
0.28,0.1,0.0,0.15,0.08,0.632455532033676,0.19999999999999998,0.316227766016838,0.2915925925925926,0.20061253561253561,0.22548035914702583,1,1,4.516227766016838
0.28,0.1,0.0,0.2,0.0,0.632455532033676,0.19999999999999998,0.316227766016838,0.2365925925925926,0.22945868945868947,0.22381369248035918,1,1,4.516227766016838
0.28,0.1,0.0,0.2,0.03,0.632455532033676,0.19999999999999998,0.316227766016838,0.2665925925925926,0.22945868945868947,0.2338136924803592,1,1,4.516227766016838
0.28,0.1,0.0,0.2,0.05,0.632455532033676,0.19999999999999998,0.316227766016838,0.2865925925925926,0.22945868945868947,0.24048035914702584,1,1,4.516227766016838
0.28,0.1,0.0,0.2,0.08,0.632455532033676,0.19999999999999998,0.316227766016838,0.3165925925925926,0.22945868945868947,0.2504803591470259,1,1,4.516227766016838
0.28,0.1,0.08,0.15,0.0,0.632455532033676,0.19999999999999998,0.316227766016838,0.21633333333333332,0.19999715099715099,0.20040291806958474,1,1,4.516227766016838
0.28,0.1,0.08,0.15,0.03,0.632455532033676,0.19999999999999998,0.316227766016838,0.24633333333333332,0.19999715099715099,0.21040291806958475,1,1,4.516227766016838
0.28,0.1,0.08,0.15,0.05,0.632455532033676,0.19999999999999998,0.316227766016838,0.2663333333333333,0.19999715099715099,0.21706958473625138,1,1,4.516227766016838
0.28,0.1,0.08,0.15,0.08,0.632455532033676,0.19999999999999998,0.316227766016838,0.29633333333333334,0.19999715099715099,0.22706958473625138,1,1,4.516227766016838
0.28,0.1,0.08,0.2,0.0,0.632455532033676,0.19999999999999998,0.316227766016838,0.24133333333333334,0.22884330484330484,0.22540291806958476,1,1,4.516227766016838
0.28,0.1,0.08,0.2,0.03,0.632455532033676,0.19999999999999998,0.316227766016838,0.2713333333333333,0.22884330484330484,0.23540291806958472,1,1,4.516227766016838
0.28,0.1,0.08,0.2,0.05,0.632455532033676,0.19999999999999998,0.316227766016838,0.29133333333333333,0.22884330484330484,0.2420695847362514,1,1,4.516227766016838
0.28,0.1,0.08,0.2,0.08,0.632455532033676,0.19999999999999998,0.316227766016838,0.32133333333333336,0.22884330484330484,0.2520695847362514,1,1,4.516227766016838
0.28,0.1,0.14,0.15,0.0,0.632455532033676,0.19999999999999998,0.316227766016838,0.2198888888888889,0.19953561253561253,0.20159483726150396,1,1,4.516227766016838
0.28,0.1,0.14,0.15,0.03,0.632455532033676,0.19999999999999998,0.316227766016838,0.2498888888888889,0.19953561253561253,0.21159483726150394,1,1,4.516227766016838
0.28,0.1,0.14,0.15,0.05,0.632455532033676,0.19999999999999998,0.316227766016838,0.2698888888888889,0.19953561253561253,0.2182615039281706,1,1,4.516227766016838
0.28,0.1,0.14,0.15,0.08,0.632455532033676,0.19999999999999998,0.316227766016838,0.2998888888888889,0.19953561253561253,0.2282615039281706,1,1,4.516227766016838
0.28,0.1,0.14,0.2,0.0,0.632455532033676,0.19999999999999998,0.316227766016838,0.2448888888888889,0.22838176638176638,0.22659483726150395,1,1,4.516227766016838
0.28,0.1,0.14,0.2,0.03,0.632455532033676,0.19999999999999998,0.316227766016838,0.2748888888888889,0.22838176638176638,0.23659483726150396,1,1,4.516227766016838
0.28,0.1,0.14,0.2,0.05,0.632455532033676,0.19999999999999998,0.316227766016838,0.2948888888888889,0.22838176638176638,0.2432615039281706,1,1,4.516227766016838
0.28,0.1,0.14,0.2,0.08,0.632455532033676,0.19999999999999998,0.316227766016838,0.3248888888888889,0.22838176638176638,0.2532615039281706,1,1,4.516227766016838
0.28,0.14,0.0,0.15,0.0,0.632455532033676,0.19999999999999998,0.316227766016838,0.21396296296296297,0.20061253561253561,0.19980583613916947,1,1,4.516227766016838
0.28,0.14,0.0,0.15,0.03,0.632455532033676,0.19999999999999998,0.316227766016838,0.24396296296296296,0.20061253561253561,0.20980583613916948,1,1,4.516227766016838
0.28,0.14,0.0,0.15,0.05,0.632455532033676,0.19999999999999998,0.316227766016838,0.26396296296296295,0.20061253561253561,0.21647250280583616,1,1,4.516227766016838
0.28,0.14,0.0,0.15,0.08,0.632455532033676,0.19999999999999998,0.316227766016838,0.293962962962963,0.20061253561253561,0.22647250280583617,1,1,4.516227766016838
0.28,0.14,0.0,0.2,0.0,0.632455532033676,0.19999999999999998,0.316227766016838,0.238962962962963,0.22945868945868947,0.22480583613916952,1,1,4.516227766016838
0.28,0.14,0.0,0.2,0.03,0.632455532033676,0.19999999999999998,0.316227766016838,0.26896296296296296,0.22945868945868947,0.2348058361391695,1,1,4.516227766016838
0.28,0.14,0.0,0.2,0.05,0.632455532033676,0.19999999999999998,0.316227766016838,0.288962962962963,0.22945868945868947,0.24147250280583618,1,1,4.516227766016838
0.28,0.14,0.0,0.2,0.08,0.632455532033676,0.19999999999999998,0.316227766016838,0.318962962962963,0.22945868945868947,0.25147250280583616,1,1,4.516227766016838
0.28,0.14,0.08,0.15,0.0,0.632455532033676,0.19999999999999998,0.316227766016838,0.21870370370370373,0.19999715099715099,0.20139506172839505,1,1,4.516227766016838
0.28,0.14,0.08,0.15,0.03,0.632455532033676,0.19999999999999998,0.316227766016838,0.24870370370370373,0.19999715099715099,0.21139506172839506,1,1,4.516227766016838
0.28,0.14,0.08,0.15,0.05,0.632455532033676,0.19999999999999998,0.316227766016838,0.2687037037037037,0.19999715099715099,0.21806172839506174,1,1,4.516227766016838
0.28,0.14,0.08,0.15,0.08,0.632455532033676,0.19999999999999998,0.316227766016838,0.29870370370370375,0.19999715099715099,0.22806172839506175,1,1,4.516227766016838
0.28,0.14,0.08,0.2,0.0,0.632455532033676,0.19999999999999998,0.316227766016838,0.24370370370370373,0.22884330484330484,0.22639506172839508,1,1,4.516227766016838
0.28,0.14,0.08,0.2,0.03,0.632455532033676,0.19999999999999998,0.316227766016838,0.2737037037037037,0.22884330484330484,0.23639506172839506,1,1,4.516227766016838
0.28,0.14,0.08,0.2,0.05,0.632455532033676,0.19999999999999998,0.316227766016838,0.29370370370370374,0.22884330484330484,0.2430617283950617,1,1,4.516227766016838
0.28,0.14,0.08,0.2,0.08,0.632455532033676,0.19999999999999998,0.316227766016838,0.3237037037037037,0.22884330484330484,0.25306172839506175,1,1,4.516227766016838
0.28,0.14,0.14,0.15,0.0,0.632455532033676,0.19999999999999998,0.316227766016838,0.22225925925925927,0.19953561253561253,0.20258698092031424,1,1,4.516227766016838
0.28,0.14,0.14,0.15,0.03,0.632455532033676,0.19999999999999998,0.316227766016838,0.2522592592592593,0.19953561253561253,0.21258698092031425,1,1,4.516227766016838
0.28,0.14,0.14,0.15,0.05,0.632455532033676,0.19999999999999998,0.316227766016838,0.27225925925925926,0.19953561253561253,0.21925364758698093,1,1,4.516227766016838
0.28,0.14,0.14,0.15,0.08,0.632455532033676,0.19999999999999998,0.316227766016838,0.3022592592592593,0.19953561253561253,0.22925364758698094,1,1,4.516227766016838
0.28,0.14,0.14,0.2,0.0,0.632455532033676,0.19999999999999998,0.316227766016838,0.2472592592592593,0.22838176638176638,0.22758698092031426,1,1,4.516227766016838
0.28,0.14,0.14,0.2,0.03,0.632455532033676,0.19999999999999998,0.316227766016838,0.2772592592592593,0.22838176638176638,0.23758698092031427,1,1,4.516227766016838
0.28,0.14,0.14,0.2,0.05,0.632455532033676,0.19999999999999998,0.316227766016838,0.2972592592592593,0.22838176638176638,0.2442536475869809,1,1,4.516227766016838
0.28,0.14,0.14,0.2,0.08,0.632455532033676,0.19999999999999998,0.316227766016838,0.3272592592592593,0.22838176638176638,0.25425364758698094,1,1,4.516227766016838
0.28,0.18,0.0,0.15,0.0,0.632455532033676,0.19999999999999998,0.316227766016838,0.21633333333333332,0.20061253561253561,0.20079797979797978,1,1,4.516227766016838
0.28,0.18,0.0,0.15,0.03,0.632455532033676,0.19999999999999998,0.316227766016838,0.24633333333333332,0.20061253561253561,0.2107979797979798,1,1,4.516227766016838
0.28,0.18,0.0,0.15,0.05,0.632455532033676,0.19999999999999998,0.316227766016838,0.2663333333333333,0.20061253561253561,0.21746464646464644,1,1,4.516227766016838
0.28,0.18,0.0,0.15,0.08,0.632455532033676,0.19999999999999998,0.316227766016838,0.29633333333333334,0.20061253561253561,0.22746464646464645,1,1,4.516227766016838
0.28,0.18,0.0,0.2,0.0,0.632455532033676,0.19999999999999998,0.316227766016838,0.24133333333333334,0.22945868945868947,0.2257979797979798,1,1,4.516227766016838
0.28,0.18,0.0,0.2,0.03,0.632455532033676,0.19999999999999998,0.316227766016838,0.2713333333333333,0.22945868945868947,0.23579797979797978,1,1,4.516227766016838
0.28,0.18,0.0,0.2,0.05,0.632455532033676,0.19999999999999998,0.316227766016838,0.29133333333333333,0.22945868945868947,0.24246464646464647,1,1,4.516227766016838
0.28,0.18,0.0,0.2,0.08,0.632455532033676,0.19999999999999998,0.316227766016838,0.32133333333333336,0.22945868945868947,0.25246464646464645,1,1,4.516227766016838
0.28,0.18,0.08,0.15,0.0,0.632455532033676,0.19999999999999998,0.316227766016838,0.2210740740740741,0.19999715099715099,0.20238720538720542,1,1,4.516227766016838
0.28,0.18,0.08,0.15,0.03,0.632455532033676,0.19999999999999998,0.316227766016838,0.2510740740740741,0.19999715099715099,0.21238720538720543,1,1,4.516227766016838
0.28,0.18,0.08,0.15,0.05,0.632455532033676,0.19999999999999998,0.316227766016838,0.2710740740740741,0.19999715099715099,0.21905387205387206,1,1,4.516227766016838
0.28,0.18,0.08,0.15,0.08,0.632455532033676,0.19999999999999998,0.316227766016838,0.3010740740740741,0.19999715099715099,0.22905387205387207,1,1,4.516227766016838
0.28,0.18,0.08,0.2,0.0,0.632455532033676,0.19999999999999998,0.316227766016838,0.24607407407407408,0.22884330484330484,0.2273872053872054,1,1,4.516227766016838
0.28,0.18,0.08,0.2,0.03,0.632455532033676,0.19999999999999998,0.316227766016838,0.2760740740740741,0.22884330484330484,0.2373872053872054,1,1,4.516227766016838
0.28,0.18,0.08,0.2,0.05,0.632455532033676,0.19999999999999998,0.316227766016838,0.2960740740740741,0.22884330484330484,0.24405387205387208,1,1,4.516227766016838
0.28,0.18,0.08,0.2,0.08,0.632455532033676,0.19999999999999998,0.316227766016838,0.32607407407407407,0.22884330484330484,0.25405387205387203,1,1,4.516227766016838
0.28,0.18,0.14,0.15,0.0,0.632455532033676,0.19999999999999998,0.316227766016838,0.22462962962962962,0.19953561253561253,0.2035791245791246,1,1,4.516227766016838
0.28,0.18,0.14,0.15,0.03,0.632455532033676,0.19999999999999998,0.316227766016838,0.25462962962962965,0.19953561253561253,0.21357912457912462,1,1,4.516227766016838
0.28,0.18,0.14,0.15,0.05,0.632455532033676,0.19999999999999998,0.316227766016838,0.2746296296296296,0.19953561253561253,0.22024579124579124,1,1,4.516227766016838
0.28,0.18,0.14,0.15,0.08,0.632455532033676,0.19999999999999998,0.316227766016838,0.30462962962962964,0.19953561253561253,0.23024579124579125,1,1,4.516227766016838
0.28,0.18,0.14,0.2,0.0,0.632455532033676,0.19999999999999998,0.316227766016838,0.24962962962962965,0.22838176638176638,0.22857912457912458,1,1,4.516227766016838
0.28,0.18,0.14,0.2,0.03,0.632455532033676,0.19999999999999998,0.316227766016838,0.2796296296296297,0.22838176638176638,0.23857912457912459,1,1,4.516227766016838
0.28,0.18,0.14,0.2,0.05,0.632455532033676,0.19999999999999998,0.316227766016838,0.29962962962962963,0.22838176638176638,0.24524579124579127,1,1,4.516227766016838
0.28,0.18,0.14,0.2,0.08,0.632455532033676,0.19999999999999998,0.316227766016838,0.32962962962962966,0.22838176638176638,0.2552457912457913,1,1,4.516227766016838
0.28,0.22,0.0,0.15,0.0,0.632455532033676,0.19999999999999998,0.316227766016838,0.21870370370370373,0.20061253561253561,0.20179012345679012,1,1,4.516227766016838
0.28,0.22,0.0,0.15,0.03,0.632455532033676,0.19999999999999998,0.316227766016838,0.24870370370370373,0.20061253561253561,0.21179012345679013,1,1,4.516227766016838
0.28,0.22,0.0,0.15,0.05,0.632455532033676,0.19999999999999998,0.316227766016838,0.2687037037037037,0.20061253561253561,0.21845679012345678,1,1,4.516227766016838
0.28,0.22,0.0,0.15,0.08,0.632455532033676,0.19999999999999998,0.316227766016838,0.29870370370370375,0.20061253561253561,0.2284567901234568,1,1,4.516227766016838
0.28,0.22,0.0,0.2,0.0,0.632455532033676,0.19999999999999998,0.316227766016838,0.24370370370370373,0.22945868945868947,0.22679012345679014,1,1,4.516227766016838
0.28,0.22,0.0,0.2,0.03,0.632455532033676,0.19999999999999998,0.316227766016838,0.2737037037037037,0.22945868945868947,0.2367901234567901,1,1,4.516227766016838
0.28,0.22,0.0,0.2,0.05,0.632455532033676,0.19999999999999998,0.316227766016838,0.29370370370370374,0.22945868945868947,0.24345679012345678,1,1,4.516227766016838
0.28,0.22,0.0,0.2,0.08,0.632455532033676,0.19999999999999998,0.316227766016838,0.3237037037037037,0.22945868945868947,0.2534567901234568,1,1,4.516227766016838
0.28,0.22,0.08,0.15,0.0,0.632455532033676,0.19999999999999998,0.316227766016838,0.22344444444444445,0.19999715099715099,0.2033793490460157,1,1,4.516227766016838
0.28,0.22,0.08,0.15,0.03,0.632455532033676,0.19999999999999998,0.316227766016838,0.25344444444444447,0.19999715099715099,0.21337934904601571,1,1,4.516227766016838
0.28,0.22,0.08,0.15,0.05,0.632455532033676,0.19999999999999998,0.316227766016838,0.27344444444444443,0.19999715099715099,0.22004601571268237,1,1,4.516227766016838
0.28,0.22,0.08,0.15,0.08,0.632455532033676,0.19999999999999998,0.316227766016838,0.30344444444444446,0.19999715099715099,0.23004601571268238,1,1,4.516227766016838
0.28,0.22,0.08,0.2,0.0,0.632455532033676,0.19999999999999998,0.316227766016838,0.24844444444444447,0.22884330484330484,0.22837934904601573,1,1,4.516227766016838
0.28,0.22,0.08,0.2,0.03,0.632455532033676,0.19999999999999998,0.316227766016838,0.2784444444444445,0.22884330484330484,0.23837934904601574,1,1,4.516227766016838
0.28,0.22,0.08,0.2,0.05,0.632455532033676,0.19999999999999998,0.316227766016838,0.29844444444444446,0.22884330484330484,0.24504601571268236,1,1,4.516227766016838
0.28,0.22,0.08,0.2,0.08,0.632455532033676,0.19999999999999998,0.316227766016838,0.3284444444444445,0.22884330484330484,0.2550460157126824,1,1,4.516227766016838
0.28,0.22,0.14,0.15,0.0,0.632455532033676,0.19999999999999998,0.316227766016838,0.22700000000000004,0.19953561253561253,0.20457126823793492,1,1,4.516227766016838
0.28,0.22,0.14,0.15,0.03,0.632455532033676,0.19999999999999998,0.316227766016838,0.257,0.19953561253561253,0.2145712682379349,1,1,4.516227766016838
0.28,0.22,0.14,0.15,0.05,0.632455532033676,0.19999999999999998,0.316227766016838,0.277,0.19953561253561253,0.22123793490460156,1,1,4.516227766016838
0.28,0.22,0.14,0.15,0.08,0.632455532033676,0.19999999999999998,0.316227766016838,0.30700000000000005,0.19953561253561253,0.23123793490460157,1,1,4.516227766016838
0.28,0.22,0.14,0.2,0.0,0.632455532033676,0.19999999999999998,0.316227766016838,0.252,0.22838176638176638,0.22957126823793492,1,1,4.516227766016838
0.28,0.22,0.14,0.2,0.03,0.632455532033676,0.19999999999999998,0.316227766016838,0.28200000000000003,0.22838176638176638,0.23957126823793493,1,1,4.516227766016838
0.28,0.22,0.14,0.2,0.05,0.632455532033676,0.19999999999999998,0.316227766016838,0.302,0.22838176638176638,0.24623793490460155,1,1,4.516227766016838
0.28,0.22,0.14,0.2,0.08,0.632455532033676,0.19999999999999998,0.316227766016838,0.332,0.22838176638176638,0.25623793490460156,1,1,4.516227766016838
0.32,0.1,0.0,0.15,0.0,0.632455532033676,0.19999999999999998,0.316227766016838,0.23025925925925927,0.21690883190883187,0.2161470258136925,1,1,4.516227766016838
0.32,0.1,0.0,0.15,0.03,0.632455532033676,0.19999999999999998,0.316227766016838,0.2602592592592593,0.21690883190883187,0.2261470258136925,1,1,4.516227766016838
0.32,0.1,0.0,0.15,0.05,0.632455532033676,0.19999999999999998,0.316227766016838,0.28025925925925926,0.21690883190883187,0.23281369248035913,1,1,4.516227766016838
0.32,0.1,0.0,0.15,0.08,0.632455532033676,0.19999999999999998,0.316227766016838,0.3102592592592593,0.21690883190883187,0.24281369248035914,1,1,4.516227766016838
0.32,0.1,0.0,0.2,0.0,0.632455532033676,0.19999999999999998,0.316227766016838,0.2552592592592593,0.24575498575498572,0.24114702581369252,1,1,4.516227766016838
0.32,0.1,0.0,0.2,0.03,0.632455532033676,0.19999999999999998,0.316227766016838,0.2852592592592593,0.24575498575498572,0.2511470258136925,1,1,4.516227766016838
0.32,0.1,0.0,0.2,0.05,0.632455532033676,0.19999999999999998,0.316227766016838,0.3052592592592593,0.24575498575498572,0.2578136924803592,1,1,4.516227766016838
0.32,0.1,0.0,0.2,0.08,0.632455532033676,0.19999999999999998,0.316227766016838,0.3352592592592593,0.24575498575498572,0.2678136924803592,1,1,4.516227766016838
0.32,0.1,0.08,0.15,0.0,0.632455532033676,0.19999999999999998,0.316227766016838,0.235,0.21629344729344724,0.21773625140291808,1,1,4.516227766016838
0.32,0.1,0.08,0.15,0.03,0.632455532033676,0.19999999999999998,0.316227766016838,0.265,0.21629344729344724,0.2277362514029181,1,1,4.516227766016838
0.32,0.1,0.08,0.15,0.05,0.632455532033676,0.19999999999999998,0.316227766016838,0.285,0.21629344729344724,0.23440291806958471,1,1,4.516227766016838
0.32,0.1,0.08,0.15,0.08,0.632455532033676,0.19999999999999998,0.316227766016838,0.315,0.21629344729344724,0.24440291806958472,1,1,4.516227766016838
0.32,0.1,0.08,0.2,0.0,0.632455532033676,0.19999999999999998,0.316227766016838,0.26,0.2451396011396011,0.2427362514029181,1,1,4.516227766016838
0.32,0.1,0.08,0.2,0.03,0.632455532033676,0.19999999999999998,0.316227766016838,0.29000000000000004,0.2451396011396011,0.2527362514029181,1,1,4.516227766016838
0.32,0.1,0.08,0.2,0.05,0.632455532033676,0.19999999999999998,0.316227766016838,0.31,0.2451396011396011,0.25940291806958476,1,1,4.516227766016838
0.32,0.1,0.08,0.2,0.08,0.632455532033676,0.19999999999999998,0.316227766016838,0.34,0.2451396011396011,0.2694029180695848,1,1,4.516227766016838
0.32,0.1,0.14,0.15,0.0,0.632455532033676,0.19999999999999998,0.316227766016838,0.23855555555555558,0.21583190883190878,0.2189281705948373,1,1,4.516227766016838
0.32,0.1,0.14,0.15,0.03,0.632455532033676,0.19999999999999998,0.316227766016838,0.26855555555555555,0.21583190883190878,0.22892817059483728,1,1,4.516227766016838
0.32,0.1,0.14,0.15,0.05,0.632455532033676,0.19999999999999998,0.316227766016838,0.28855555555555557,0.21583190883190878,0.23559483726150396,1,1,4.516227766016838
0.32,0.1,0.14,0.15,0.08,0.632455532033676,0.19999999999999998,0.316227766016838,0.3185555555555556,0.21583190883190878,0.24559483726150397,1,1,4.516227766016838
0.32,0.1,0.14,0.2,0.0,0.632455532033676,0.19999999999999998,0.316227766016838,0.26355555555555554,0.24467806267806264,0.2439281705948373,1,1,4.516227766016838
0.32,0.1,0.14,0.2,0.03,0.632455532033676,0.19999999999999998,0.316227766016838,0.29355555555555557,0.24467806267806264,0.2539281705948373,1,1,4.516227766016838
0.32,0.1,0.14,0.2,0.05,0.632455532033676,0.19999999999999998,0.316227766016838,0.31355555555555553,0.24467806267806264,0.26059483726150395,1,1,4.516227766016838
0.32,0.1,0.14,0.2,0.08,0.632455532033676,0.19999999999999998,0.316227766016838,0.34355555555555556,0.24467806267806264,0.27059483726150396,1,1,4.516227766016838
0.32,0.14,0.0,0.15,0.0,0.632455532033676,0.19999999999999998,0.316227766016838,0.23262962962962963,0.21690883190883187,0.2171391694725028,1,1,4.516227766016838
0.32,0.14,0.0,0.15,0.03,0.632455532033676,0.19999999999999998,0.316227766016838,0.26262962962962966,0.21690883190883187,0.22713916947250282,1,1,4.516227766016838
0.32,0.14,0.0,0.15,0.05,0.632455532033676,0.19999999999999998,0.316227766016838,0.2826296296296296,0.21690883190883187,0.2338058361391695,1,1,4.516227766016838
0.32,0.14,0.0,0.15,0.08,0.632455532033676,0.19999999999999998,0.316227766016838,0.31262962962962965,0.21690883190883187,0.2438058361391695,1,1,4.516227766016838
0.32,0.14,0.0,0.2,0.0,0.632455532033676,0.19999999999999998,0.316227766016838,0.25762962962962965,0.24575498575498572,0.24213916947250283,1,1,4.516227766016838
0.32,0.14,0.0,0.2,0.03,0.632455532033676,0.19999999999999998,0.316227766016838,0.2876296296296297,0.24575498575498572,0.25213916947250287,1,1,4.516227766016838
0.32,0.14,0.0,0.2,0.05,0.632455532033676,0.19999999999999998,0.316227766016838,0.30762962962962964,0.24575498575498572,0.25880583613916947,1,1,4.516227766016838
0.32,0.14,0.0,0.2,0.08,0.632455532033676,0.19999999999999998,0.316227766016838,0.33762962962962967,0.24575498575498572,0.2688058361391695,1,1,4.516227766016838
0.32,0.14,0.08,0.15,0.0,0.632455532033676,0.19999999999999998,0.316227766016838,0.2373703703703704,0.21629344729344724,0.2187283950617284,1,1,4.516227766016838
0.32,0.14,0.08,0.15,0.03,0.632455532033676,0.19999999999999998,0.316227766016838,0.26737037037037037,0.21629344729344724,0.2287283950617284,1,1,4.516227766016838
0.32,0.14,0.08,0.15,0.05,0.632455532033676,0.19999999999999998,0.316227766016838,0.2873703703703704,0.21629344729344724,0.23539506172839508,1,1,4.516227766016838
0.32,0.14,0.08,0.15,0.08,0.632455532033676,0.19999999999999998,0.316227766016838,0.3173703703703704,0.21629344729344724,0.2453950617283951,1,1,4.516227766016838
0.32,0.14,0.08,0.2,0.0,0.632455532033676,0.19999999999999998,0.316227766016838,0.26237037037037036,0.2451396011396011,0.24372839506172841,1,1,4.516227766016838
0.32,0.14,0.08,0.2,0.03,0.632455532033676,0.19999999999999998,0.316227766016838,0.2923703703703704,0.2451396011396011,0.25372839506172845,1,1,4.516227766016838
0.32,0.14,0.08,0.2,0.05,0.632455532033676,0.19999999999999998,0.316227766016838,0.31237037037037035,0.2451396011396011,0.26039506172839505,1,1,4.516227766016838
0.32,0.14,0.08,0.2,0.08,0.632455532033676,0.19999999999999998,0.316227766016838,0.3423703703703704,0.2451396011396011,0.27039506172839506,1,1,4.516227766016838
0.32,0.14,0.14,0.15,0.0,0.632455532033676,0.19999999999999998,0.316227766016838,0.24092592592592593,0.21583190883190878,0.21992031425364758,1,1,4.516227766016838
0.32,0.14,0.14,0.15,0.03,0.632455532033676,0.19999999999999998,0.316227766016838,0.2709259259259259,0.21583190883190878,0.2299203142536476,1,1,4.516227766016838
0.32,0.14,0.14,0.15,0.05,0.632455532033676,0.19999999999999998,0.316227766016838,0.2909259259259259,0.21583190883190878,0.23658698092031427,1,1,4.516227766016838
0.32,0.14,0.14,0.15,0.08,0.632455532033676,0.19999999999999998,0.316227766016838,0.32092592592592595,0.21583190883190878,0.24658698092031428,1,1,4.516227766016838
0.32,0.14,0.14,0.2,0.0,0.632455532033676,0.19999999999999998,0.316227766016838,0.26592592592592595,0.24467806267806264,0.24492031425364766,1,1,4.516227766016838
0.32,0.14,0.14,0.2,0.03,0.632455532033676,0.19999999999999998,0.316227766016838,0.2959259259259259,0.24467806267806264,0.25492031425364764,1,1,4.516227766016838
0.32,0.14,0.14,0.2,0.05,0.632455532033676,0.19999999999999998,0.316227766016838,0.31592592592592594,0.24467806267806264,0.2615869809203143,1,1,4.516227766016838
0.32,0.14,0.14,0.2,0.08,0.632455532033676,0.19999999999999998,0.316227766016838,0.34592592592592597,0.24467806267806264,0.2715869809203143,1,1,4.516227766016838
0.32,0.18,0.0,0.15,0.0,0.632455532033676,0.19999999999999998,0.316227766016838,0.235,0.21690883190883187,0.21813131313131315,1,1,4.516227766016838
0.32,0.18,0.0,0.15,0.03,0.632455532033676,0.19999999999999998,0.316227766016838,0.265,0.21690883190883187,0.22813131313131316,1,1,4.516227766016838
0.32,0.18,0.0,0.15,0.05,0.632455532033676,0.19999999999999998,0.316227766016838,0.285,0.21690883190883187,0.23479797979797978,1,1,4.516227766016838
0.32,0.18,0.0,0.15,0.08,0.632455532033676,0.19999999999999998,0.316227766016838,0.315,0.21690883190883187,0.2447979797979798,1,1,4.516227766016838
0.32,0.18,0.0,0.2,0.0,0.632455532033676,0.19999999999999998,0.316227766016838,0.26,0.24575498575498572,0.24313131313131317,1,1,4.516227766016838
0.32,0.18,0.0,0.2,0.03,0.632455532033676,0.19999999999999998,0.316227766016838,0.29000000000000004,0.24575498575498572,0.25313131313131315,1,1,4.516227766016838
0.32,0.18,0.0,0.2,0.05,0.632455532033676,0.19999999999999998,0.316227766016838,0.31,0.24575498575498572,0.25979797979797986,1,1,4.516227766016838
0.32,0.18,0.0,0.2,0.08,0.632455532033676,0.19999999999999998,0.316227766016838,0.34,0.24575498575498572,0.26979797979797987,1,1,4.516227766016838
0.32,0.18,0.08,0.15,0.0,0.632455532033676,0.19999999999999998,0.316227766016838,0.23974074074074075,0.21629344729344724,0.21972053872053876,1,1,4.516227766016838
0.32,0.18,0.08,0.15,0.03,0.632455532033676,0.19999999999999998,0.316227766016838,0.2697407407407407,0.21629344729344724,0.22972053872053874,1,1,4.516227766016838
0.32,0.18,0.08,0.15,0.05,0.632455532033676,0.19999999999999998,0.316227766016838,0.28974074074074074,0.21629344729344724,0.2363872053872054,1,1,4.516227766016838
0.32,0.18,0.08,0.15,0.08,0.632455532033676,0.19999999999999998,0.316227766016838,0.31974074074074077,0.21629344729344724,0.2463872053872054,1,1,4.516227766016838
0.32,0.18,0.08,0.2,0.0,0.632455532033676,0.19999999999999998,0.316227766016838,0.2647407407407407,0.2451396011396011,0.24472053872053876,1,1,4.516227766016838
0.32,0.18,0.08,0.2,0.03,0.632455532033676,0.19999999999999998,0.316227766016838,0.29474074074074075,0.2451396011396011,0.25472053872053874,1,1,4.516227766016838
0.32,0.18,0.08,0.2,0.05,0.632455532033676,0.19999999999999998,0.316227766016838,0.3147407407407407,0.2451396011396011,0.26138720538720545,1,1,4.516227766016838
0.32,0.18,0.08,0.2,0.08,0.632455532033676,0.19999999999999998,0.316227766016838,0.34474074074074074,0.2451396011396011,0.27138720538720545,1,1,4.516227766016838
0.32,0.18,0.14,0.15,0.0,0.632455532033676,0.19999999999999998,0.316227766016838,0.2432962962962963,0.21583190883190878,0.22091245791245795,1,1,4.516227766016838
0.32,0.18,0.14,0.15,0.03,0.632455532033676,0.19999999999999998,0.316227766016838,0.27329629629629626,0.21583190883190878,0.23091245791245793,1,1,4.516227766016838
0.32,0.18,0.14,0.15,0.05,0.632455532033676,0.19999999999999998,0.316227766016838,0.2932962962962963,0.21583190883190878,0.23757912457912458,1,1,4.516227766016838
0.32,0.18,0.14,0.15,0.08,0.632455532033676,0.19999999999999998,0.316227766016838,0.3232962962962963,0.21583190883190878,0.2475791245791246,1,1,4.516227766016838
0.32,0.18,0.14,0.2,0.0,0.632455532033676,0.19999999999999998,0.316227766016838,0.2682962962962963,0.24467806267806264,0.24591245791245794,1,1,4.516227766016838
0.32,0.18,0.14,0.2,0.03,0.632455532033676,0.19999999999999998,0.316227766016838,0.2982962962962963,0.24467806267806264,0.2559124579124579,1,1,4.516227766016838
0.32,0.18,0.14,0.2,0.05,0.632455532033676,0.19999999999999998,0.316227766016838,0.3182962962962963,0.24467806267806264,0.26257912457912463,1,1,4.516227766016838
0.32,0.18,0.14,0.2,0.08,0.632455532033676,0.19999999999999998,0.316227766016838,0.3482962962962963,0.24467806267806264,0.27257912457912464,1,1,4.516227766016838
0.32,0.22,0.0,0.15,0.0,0.632455532033676,0.19999999999999998,0.316227766016838,0.2373703703703704,0.21690883190883187,0.21912345679012346,1,1,4.516227766016838
0.32,0.22,0.0,0.15,0.03,0.632455532033676,0.19999999999999998,0.316227766016838,0.26737037037037037,0.21690883190883187,0.22912345679012347,1,1,4.516227766016838
0.32,0.22,0.0,0.15,0.05,0.632455532033676,0.19999999999999998,0.316227766016838,0.2873703703703704,0.21690883190883187,0.23579012345679015,1,1,4.516227766016838
0.32,0.22,0.0,0.15,0.08,0.632455532033676,0.19999999999999998,0.316227766016838,0.3173703703703704,0.21690883190883187,0.24579012345679016,1,1,4.516227766016838
0.32,0.22,0.0,0.2,0.0,0.632455532033676,0.19999999999999998,0.316227766016838,0.26237037037037036,0.24575498575498572,0.24412345679012348,1,1,4.516227766016838
0.32,0.22,0.0,0.2,0.03,0.632455532033676,0.19999999999999998,0.316227766016838,0.2923703703703704,0.24575498575498572,0.2541234567901235,1,1,4.516227766016838
0.32,0.22,0.0,0.2,0.05,0.632455532033676,0.19999999999999998,0.316227766016838,0.31237037037037035,0.24575498575498572,0.26079012345679015,1,1,4.516227766016838
0.32,0.22,0.0,0.2,0.08,0.632455532033676,0.19999999999999998,0.316227766016838,0.3423703703703704,0.24575498575498572,0.27079012345679015,1,1,4.516227766016838
0.32,0.22,0.08,0.15,0.0,0.632455532033676,0.19999999999999998,0.316227766016838,0.2421111111111111,0.21629344729344724,0.22071268237934905,1,1,4.516227766016838
0.32,0.22,0.08,0.15,0.03,0.632455532033676,0.19999999999999998,0.316227766016838,0.2721111111111111,0.21629344729344724,0.23071268237934905,1,1,4.516227766016838
0.32,0.22,0.08,0.15,0.05,0.632455532033676,0.19999999999999998,0.316227766016838,0.2921111111111111,0.21629344729344724,0.23737934904601574,1,1,4.516227766016838
0.32,0.22,0.08,0.15,0.08,0.632455532033676,0.19999999999999998,0.316227766016838,0.3221111111111111,0.21629344729344724,0.24737934904601575,1,1,4.516227766016838
0.32,0.22,0.08,0.2,0.0,0.632455532033676,0.19999999999999998,0.316227766016838,0.26711111111111113,0.2451396011396011,0.2457126823793491,1,1,4.516227766016838
0.32,0.22,0.08,0.2,0.03,0.632455532033676,0.19999999999999998,0.316227766016838,0.2971111111111111,0.2451396011396011,0.2557126823793491,1,1,4.516227766016838
0.32,0.22,0.08,0.2,0.05,0.632455532033676,0.19999999999999998,0.316227766016838,0.3171111111111111,0.2451396011396011,0.26237934904601573,1,1,4.516227766016838
0.32,0.22,0.08,0.2,0.08,0.632455532033676,0.19999999999999998,0.316227766016838,0.34711111111111115,0.2451396011396011,0.27237934904601574,1,1,4.516227766016838
0.32,0.22,0.14,0.15,0.0,0.632455532033676,0.19999999999999998,0.316227766016838,0.2456666666666667,0.21583190883190878,0.22190460157126826,1,1,4.516227766016838
0.32,0.22,0.14,0.15,0.03,0.632455532033676,0.19999999999999998,0.316227766016838,0.2756666666666667,0.21583190883190878,0.23190460157126827,1,1,4.516227766016838
0.32,0.22,0.14,0.15,0.05,0.632455532033676,0.19999999999999998,0.316227766016838,0.2956666666666667,0.21583190883190878,0.23857126823793492,1,1,4.516227766016838
0.32,0.22,0.14,0.15,0.08,0.632455532033676,0.19999999999999998,0.316227766016838,0.3256666666666667,0.21583190883190878,0.24857126823793493,1,1,4.516227766016838
0.32,0.22,0.14,0.2,0.0,0.632455532033676,0.19999999999999998,0.316227766016838,0.2706666666666667,0.24467806267806264,0.24690460157126828,1,1,4.516227766016838
0.32,0.22,0.14,0.2,0.03,0.632455532033676,0.19999999999999998,0.316227766016838,0.30066666666666675,0.24467806267806264,0.2569046015712683,1,1,4.516227766016838
0.32,0.22,0.14,0.2,0.05,0.632455532033676,0.19999999999999998,0.316227766016838,0.3206666666666667,0.24467806267806264,0.263571268237935,1,1,4.516227766016838
0.32,0.22,0.14,0.2,0.08,0.632455532033676,0.19999999999999998,0.316227766016838,0.35066666666666674,0.24467806267806264,0.273571268237935,1,1,4.516227766016838
0.36,0.1,0.0,0.15,0.0,0.632455532033676,0.19999999999999998,0.316227766016838,0.24892592592592588,0.23320512820512818,0.2334803591470258,1,1,4.516227766016838
0.36,0.1,0.0,0.15,0.03,0.632455532033676,0.19999999999999998,0.316227766016838,0.2789259259259259,0.23320512820512818,0.24348035914702582,1,1,4.516227766016838
0.36,0.1,0.0,0.15,0.05,0.632455532033676,0.19999999999999998,0.316227766016838,0.2989259259259259,0.23320512820512818,0.25014702581369247,1,1,4.516227766016838
0.36,0.1,0.0,0.15,0.08,0.632455532033676,0.19999999999999998,0.316227766016838,0.3289259259259259,0.23320512820512818,0.2601470258136925,1,1,4.516227766016838
0.36,0.1,0.0,0.2,0.0,0.632455532033676,0.19999999999999998,0.316227766016838,0.2739259259259259,0.26205128205128203,0.25848035914702583,1,1,4.516227766016838
0.36,0.1,0.0,0.2,0.03,0.632455532033676,0.19999999999999998,0.316227766016838,0.30392592592592593,0.26205128205128203,0.26848035914702584,1,1,4.516227766016838
0.36,0.1,0.0,0.2,0.05,0.632455532033676,0.19999999999999998,0.316227766016838,0.3239259259259259,0.26205128205128203,0.2751470258136925,1,1,4.516227766016838
0.36,0.1,0.0,0.2,0.08,0.632455532033676,0.19999999999999998,0.316227766016838,0.3539259259259259,0.26205128205128203,0.2851470258136925,1,1,4.516227766016838
0.36,0.1,0.08,0.15,0.0,0.632455532033676,0.19999999999999998,0.316227766016838,0.25366666666666665,0.23258974358974355,0.2350695847362514,1,1,4.516227766016838
0.36,0.1,0.08,0.15,0.03,0.632455532033676,0.19999999999999998,0.316227766016838,0.2836666666666666,0.23258974358974355,0.2450695847362514,1,1,4.516227766016838
0.36,0.1,0.08,0.15,0.05,0.632455532033676,0.19999999999999998,0.316227766016838,0.30366666666666664,0.23258974358974355,0.25173625140291805,1,1,4.516227766016838
0.36,0.1,0.08,0.15,0.08,0.632455532033676,0.19999999999999998,0.316227766016838,0.33366666666666667,0.23258974358974355,0.26173625140291806,1,1,4.516227766016838
0.36,0.1,0.08,0.2,0.0,0.632455532033676,0.19999999999999998,0.316227766016838,0.2786666666666666,0.2614358974358974,0.2600695847362514,1,1,4.516227766016838
0.36,0.1,0.08,0.2,0.03,0.632455532033676,0.19999999999999998,0.316227766016838,0.30866666666666664,0.2614358974358974,0.2700695847362514,1,1,4.516227766016838
0.36,0.1,0.08,0.2,0.05,0.632455532033676,0.19999999999999998,0.316227766016838,0.3286666666666666,0.2614358974358974,0.2767362514029181,1,1,4.516227766016838
0.36,0.1,0.08,0.2,0.08,0.632455532033676,0.19999999999999998,0.316227766016838,0.35866666666666663,0.2614358974358974,0.2867362514029181,1,1,4.516227766016838
0.36,0.1,0.14,0.15,0.0,0.632455532033676,0.19999999999999998,0.316227766016838,0.2572222222222222,0.2321282051282051,0.23626150392817058,1,1,4.516227766016838
0.36,0.1,0.14,0.15,0.03,0.632455532033676,0.19999999999999998,0.316227766016838,0.28722222222222216,0.2321282051282051,0.2462615039281706,1,1,4.516227766016838
0.36,0.1,0.14,0.15,0.05,0.632455532033676,0.19999999999999998,0.316227766016838,0.3072222222222222,0.2321282051282051,0.25292817059483724,1,1,4.516227766016838
0.36,0.1,0.14,0.15,0.08,0.632455532033676,0.19999999999999998,0.316227766016838,0.3372222222222222,0.2321282051282051,0.26292817059483725,1,1,4.516227766016838
0.36,0.1,0.14,0.2,0.0,0.632455532033676,0.19999999999999998,0.316227766016838,0.2822222222222222,0.26097435897435894,0.26126150392817066,1,1,4.516227766016838
0.36,0.1,0.14,0.2,0.03,0.632455532033676,0.19999999999999998,0.316227766016838,0.3122222222222222,0.26097435897435894,0.2712615039281706,1,1,4.516227766016838
0.36,0.1,0.14,0.2,0.05,0.632455532033676,0.19999999999999998,0.316227766016838,0.3322222222222222,0.26097435897435894,0.27792817059483726,1,1,4.516227766016838
0.36,0.1,0.14,0.2,0.08,0.632455532033676,0.19999999999999998,0.316227766016838,0.3622222222222222,0.26097435897435894,0.2879281705948373,1,1,4.516227766016838
0.36,0.14,0.0,0.15,0.0,0.632455532033676,0.19999999999999998,0.316227766016838,0.2512962962962963,0.23320512820512818,0.23447250280583617,1,1,4.516227766016838
0.36,0.14,0.0,0.15,0.03,0.632455532033676,0.19999999999999998,0.316227766016838,0.28129629629629627,0.23320512820512818,0.24447250280583613,1,1,4.516227766016838
0.36,0.14,0.0,0.15,0.05,0.632455532033676,0.19999999999999998,0.316227766016838,0.3012962962962963,0.23320512820512818,0.2511391694725028,1,1,4.516227766016838
0.36,0.14,0.0,0.15,0.08,0.632455532033676,0.19999999999999998,0.316227766016838,0.3312962962962963,0.23320512820512818,0.2611391694725028,1,1,4.516227766016838
0.36,0.14,0.0,0.2,0.0,0.632455532033676,0.19999999999999998,0.316227766016838,0.27629629629629626,0.26205128205128203,0.25947250280583617,1,1,4.516227766016838
0.36,0.14,0.0,0.2,0.03,0.632455532033676,0.19999999999999998,0.316227766016838,0.3062962962962963,0.26205128205128203,0.2694725028058362,1,1,4.516227766016838
0.36,0.14,0.0,0.2,0.05,0.632455532033676,0.19999999999999998,0.316227766016838,0.32629629629629625,0.26205128205128203,0.27613916947250283,1,1,4.516227766016838
0.36,0.14,0.0,0.2,0.08,0.632455532033676,0.19999999999999998,0.316227766016838,0.3562962962962963,0.26205128205128203,0.28613916947250284,1,1,4.516227766016838
0.36,0.14,0.08,0.15,0.0,0.632455532033676,0.19999999999999998,0.316227766016838,0.256037037037037,0.23258974358974355,0.23606172839506176,1,1,4.516227766016838
0.36,0.14,0.08,0.15,0.03,0.632455532033676,0.19999999999999998,0.316227766016838,0.286037037037037,0.23258974358974355,0.2460617283950617,1,1,4.516227766016838
0.36,0.14,0.08,0.15,0.05,0.632455532033676,0.19999999999999998,0.316227766016838,0.306037037037037,0.23258974358974355,0.2527283950617284,1,1,4.516227766016838
0.36,0.14,0.08,0.15,0.08,0.632455532033676,0.19999999999999998,0.316227766016838,0.336037037037037,0.23258974358974355,0.2627283950617284,1,1,4.516227766016838
0.36,0.14,0.08,0.2,0.0,0.632455532033676,0.19999999999999998,0.316227766016838,0.28103703703703703,0.2614358974358974,0.26106172839506175,1,1,4.516227766016838
0.36,0.14,0.08,0.2,0.03,0.632455532033676,0.19999999999999998,0.316227766016838,0.311037037037037,0.2614358974358974,0.27106172839506176,1,1,4.516227766016838
0.36,0.14,0.08,0.2,0.05,0.632455532033676,0.19999999999999998,0.316227766016838,0.331037037037037,0.2614358974358974,0.2777283950617284,1,1,4.516227766016838
0.36,0.14,0.08,0.2,0.08,0.632455532033676,0.19999999999999998,0.316227766016838,0.36103703703703705,0.2614358974358974,0.2877283950617284,1,1,4.516227766016838
0.36,0.14,0.14,0.15,0.0,0.632455532033676,0.19999999999999998,0.316227766016838,0.2595925925925926,0.2321282051282051,0.23725364758698095,1,1,4.516227766016838
0.36,0.14,0.14,0.15,0.03,0.632455532033676,0.19999999999999998,0.316227766016838,0.2895925925925926,0.2321282051282051,0.24725364758698096,1,1,4.516227766016838
0.36,0.14,0.14,0.15,0.05,0.632455532033676,0.19999999999999998,0.316227766016838,0.3095925925925926,0.2321282051282051,0.25392031425364764,1,1,4.516227766016838
0.36,0.14,0.14,0.15,0.08,0.632455532033676,0.19999999999999998,0.316227766016838,0.3395925925925926,0.2321282051282051,0.26392031425364765,1,1,4.516227766016838
0.36,0.14,0.14,0.2,0.0,0.632455532033676,0.19999999999999998,0.316227766016838,0.2845925925925926,0.26097435897435894,0.26225364758698094,1,1,4.516227766016838
0.36,0.14,0.14,0.2,0.03,0.632455532033676,0.19999999999999998,0.316227766016838,0.31459259259259265,0.26097435897435894,0.27225364758698095,1,1,4.516227766016838
0.36,0.14,0.14,0.2,0.05,0.632455532033676,0.19999999999999998,0.316227766016838,0.3345925925925926,0.26097435897435894,0.2789203142536476,1,1,4.516227766016838
0.36,0.14,0.14,0.2,0.08,0.632455532033676,0.19999999999999998,0.316227766016838,0.36459259259259263,0.26097435897435894,0.2889203142536476,1,1,4.516227766016838
0.36,0.18,0.0,0.15,0.0,0.632455532033676,0.19999999999999998,0.316227766016838,0.25366666666666665,0.23320512820512818,0.23546464646464646,1,1,4.516227766016838
0.36,0.18,0.0,0.15,0.03,0.632455532033676,0.19999999999999998,0.316227766016838,0.2836666666666666,0.23320512820512818,0.24546464646464647,1,1,4.516227766016838
0.36,0.18,0.0,0.15,0.05,0.632455532033676,0.19999999999999998,0.316227766016838,0.30366666666666664,0.23320512820512818,0.25213131313131315,1,1,4.516227766016838
0.36,0.18,0.0,0.15,0.08,0.632455532033676,0.19999999999999998,0.316227766016838,0.33366666666666667,0.23320512820512818,0.26213131313131316,1,1,4.516227766016838
0.36,0.18,0.0,0.2,0.0,0.632455532033676,0.19999999999999998,0.316227766016838,0.2786666666666666,0.26205128205128203,0.26046464646464645,1,1,4.516227766016838
0.36,0.18,0.0,0.2,0.03,0.632455532033676,0.19999999999999998,0.316227766016838,0.30866666666666664,0.26205128205128203,0.27046464646464646,1,1,4.516227766016838
0.36,0.18,0.0,0.2,0.05,0.632455532033676,0.19999999999999998,0.316227766016838,0.3286666666666666,0.26205128205128203,0.2771313131313131,1,1,4.516227766016838
0.36,0.18,0.0,0.2,0.08,0.632455532033676,0.19999999999999998,0.316227766016838,0.35866666666666663,0.26205128205128203,0.2871313131313131,1,1,4.516227766016838
0.36,0.18,0.08,0.15,0.0,0.632455532033676,0.19999999999999998,0.316227766016838,0.25840740740740736,0.23258974358974355,0.23705387205387204,1,1,4.516227766016838
0.36,0.18,0.08,0.15,0.03,0.632455532033676,0.19999999999999998,0.316227766016838,0.28840740740740733,0.23258974358974355,0.24705387205387205,1,1,4.516227766016838
0.36,0.18,0.08,0.15,0.05,0.632455532033676,0.19999999999999998,0.316227766016838,0.30840740740740735,0.23258974358974355,0.25372053872053874,1,1,4.516227766016838
0.36,0.18,0.08,0.15,0.08,0.632455532033676,0.19999999999999998,0.316227766016838,0.3384074074074074,0.23258974358974355,0.26372053872053874,1,1,4.516227766016838
0.36,0.18,0.08,0.2,0.0,0.632455532033676,0.19999999999999998,0.316227766016838,0.2834074074074074,0.2614358974358974,0.26205387205387204,1,1,4.516227766016838
0.36,0.18,0.08,0.2,0.03,0.632455532033676,0.19999999999999998,0.316227766016838,0.31340740740740736,0.2614358974358974,0.27205387205387205,1,1,4.516227766016838
0.36,0.18,0.08,0.2,0.05,0.632455532033676,0.19999999999999998,0.316227766016838,0.3334074074074074,0.2614358974358974,0.2787205387205387,1,1,4.516227766016838
0.36,0.18,0.08,0.2,0.08,0.632455532033676,0.19999999999999998,0.316227766016838,0.3634074074074074,0.2614358974358974,0.2887205387205387,1,1,4.516227766016838
0.36,0.18,0.14,0.15,0.0,0.632455532033676,0.19999999999999998,0.316227766016838,0.26196296296296295,0.2321282051282051,0.23824579124579126,1,1,4.516227766016838
0.36,0.18,0.14,0.15,0.03,0.632455532033676,0.19999999999999998,0.316227766016838,0.291962962962963,0.2321282051282051,0.24824579124579127,1,1,4.516227766016838
0.36,0.18,0.14,0.15,0.05,0.632455532033676,0.19999999999999998,0.316227766016838,0.31196296296296294,0.2321282051282051,0.2549124579124579,1,1,4.516227766016838
0.36,0.18,0.14,0.15,0.08,0.632455532033676,0.19999999999999998,0.316227766016838,0.34196296296296297,0.2321282051282051,0.26491245791245793,1,1,4.516227766016838
0.36,0.18,0.14,0.2,0.0,0.632455532033676,0.19999999999999998,0.316227766016838,0.286962962962963,0.26097435897435894,0.2632457912457912,1,1,4.516227766016838
0.36,0.18,0.14,0.2,0.03,0.632455532033676,0.19999999999999998,0.316227766016838,0.316962962962963,0.26097435897435894,0.27324579124579124,1,1,4.516227766016838
0.36,0.18,0.14,0.2,0.05,0.632455532033676,0.19999999999999998,0.316227766016838,0.33696296296296296,0.26097435897435894,0.2799124579124579,1,1,4.516227766016838
0.36,0.18,0.14,0.2,0.08,0.632455532033676,0.19999999999999998,0.316227766016838,0.366962962962963,0.26097435897435894,0.2899124579124579,1,1,4.516227766016838
0.36,0.22,0.0,0.15,0.0,0.632455532033676,0.19999999999999998,0.316227766016838,0.256037037037037,0.23320512820512818,0.2364567901234568,1,1,4.516227766016838
0.36,0.22,0.0,0.15,0.03,0.632455532033676,0.19999999999999998,0.316227766016838,0.286037037037037,0.23320512820512818,0.24645679012345678,1,1,4.516227766016838
0.36,0.22,0.0,0.15,0.05,0.632455532033676,0.19999999999999998,0.316227766016838,0.306037037037037,0.23320512820512818,0.25312345679012344,1,1,4.516227766016838
0.36,0.22,0.0,0.15,0.08,0.632455532033676,0.19999999999999998,0.316227766016838,0.336037037037037,0.23320512820512818,0.26312345679012344,1,1,4.516227766016838
0.36,0.22,0.0,0.2,0.0,0.632455532033676,0.19999999999999998,0.316227766016838,0.28103703703703703,0.26205128205128203,0.2614567901234568,1,1,4.516227766016838
0.36,0.22,0.0,0.2,0.03,0.632455532033676,0.19999999999999998,0.316227766016838,0.311037037037037,0.26205128205128203,0.2714567901234568,1,1,4.516227766016838
0.36,0.22,0.0,0.2,0.05,0.632455532033676,0.19999999999999998,0.316227766016838,0.331037037037037,0.26205128205128203,0.27812345679012346,1,1,4.516227766016838
0.36,0.22,0.0,0.2,0.08,0.632455532033676,0.19999999999999998,0.316227766016838,0.36103703703703705,0.26205128205128203,0.28812345679012347,1,1,4.516227766016838
0.36,0.22,0.08,0.15,0.0,0.632455532033676,0.19999999999999998,0.316227766016838,0.2607777777777778,0.23258974358974355,0.23804601571268239,1,1,4.516227766016838
0.36,0.22,0.08,0.15,0.03,0.632455532033676,0.19999999999999998,0.316227766016838,0.2907777777777778,0.23258974358974355,0.2480460157126824,1,1,4.516227766016838
0.36,0.22,0.08,0.15,0.05,0.632455532033676,0.19999999999999998,0.316227766016838,0.31077777777777776,0.23258974358974355,0.2547126823793491,1,1,4.516227766016838
0.36,0.22,0.08,0.15,0.08,0.632455532033676,0.19999999999999998,0.316227766016838,0.3407777777777778,0.23258974358974355,0.2647126823793491,1,1,4.516227766016838
0.36,0.22,0.08,0.2,0.0,0.632455532033676,0.19999999999999998,0.316227766016838,0.2857777777777778,0.2614358974358974,0.26304601571268243,1,1,4.516227766016838
0.36,0.22,0.08,0.2,0.03,0.632455532033676,0.19999999999999998,0.316227766016838,0.3157777777777778,0.2614358974358974,0.27304601571268244,1,1,4.516227766016838
0.36,0.22,0.08,0.2,0.05,0.632455532033676,0.19999999999999998,0.316227766016838,0.3357777777777778,0.2614358974358974,0.27971268237934904,1,1,4.516227766016838
0.36,0.22,0.08,0.2,0.08,0.632455532033676,0.19999999999999998,0.316227766016838,0.3657777777777778,0.2614358974358974,0.28971268237934905,1,1,4.516227766016838
0.36,0.22,0.14,0.15,0.0,0.632455532033676,0.19999999999999998,0.316227766016838,0.2643333333333333,0.2321282051282051,0.23923793490460157,1,1,4.516227766016838
0.36,0.22,0.14,0.15,0.03,0.632455532033676,0.19999999999999998,0.316227766016838,0.29433333333333334,0.2321282051282051,0.24923793490460158,1,1,4.516227766016838
0.36,0.22,0.14,0.15,0.05,0.632455532033676,0.19999999999999998,0.316227766016838,0.3143333333333333,0.2321282051282051,0.25590460157126826,1,1,4.516227766016838
0.36,0.22,0.14,0.15,0.08,0.632455532033676,0.19999999999999998,0.316227766016838,0.3443333333333333,0.2321282051282051,0.2659046015712683,1,1,4.516227766016838
0.36,0.22,0.14,0.2,0.0,0.632455532033676,0.19999999999999998,0.316227766016838,0.28933333333333333,0.26097435897435894,0.2642379349046016,1,1,4.516227766016838
0.36,0.22,0.14,0.2,0.03,0.632455532033676,0.19999999999999998,0.316227766016838,0.31933333333333336,0.26097435897435894,0.27423793490460163,1,1,4.516227766016838
0.36,0.22,0.14,0.2,0.05,0.632455532033676,0.19999999999999998,0.316227766016838,0.3393333333333333,0.26097435897435894,0.28090460157126823,1,1,4.516227766016838
0.36,0.22,0.14,0.2,0.08,0.632455532033676,0.19999999999999998,0.316227766016838,0.36933333333333335,0.26097435897435894,0.29090460157126824,1,1,4.516227766016838
